Order ID,Order Date,Ship Date,Ship Mode,Customer ID,Customer Name,Segment,Country,City,State,Region,Product ID,Category,Sub-Category,Product Name,Sales,Quantity,Discount,Profit
EC-2022-001000,7/18/2022,7/20/2022,Second Class,C-13905,Maria Garcia,Consumer,United States,Houston,Texas,South,P-003,Electronics,Phones,iPhone SE,2787.6,5,0,-189.96
EC-2024-001001,5/17/2024,5/18/2024,Same Day,C-30926,Michael Chen,Consumer,United States,San Diego,California,West,P-018,Furniture,Tables,Desk,973.15,5,0,-85.49
EC-2022-001002,3/17/2022,3/24/2022,Second Class,C-70217,Maria Garcia,Consumer,United States,Philadelphia,Pennsylvania,East,P-028,Office Supplies,Art,Markers Set,100.47,3,0,-6.97
EC-2024-001003,7/11/2024,7/16/2024,Standard Class,C-20458,Anna Brown,Home Office,United States,Philadelphia,Pennsylvania,East,P-033,Clothing,Shirts,Polo Shirt,77.08,1,0.3,9.12
EC-2023-001004,7/18/2023,7/24/2023,First Class,C-19358,James Lee,Consumer,United States,Philadelphia,Pennsylvania,East,P-011,Electronics,Tablets,Samsung Tab,664.54,3,0.3,219.96
EC-2023-001005,2/17/2023,2/20/2023,First Class,C-62581,Carlos Rivera,Consumer,United States,San Diego,California,West,P-017,Furniture,Tables,Coffee Table,518.28,1,0,153.69
EC-2022-001006,3/12/2022,3/18/2022,Same Day,C-44438,Michael Chen,Corporate,United States,Dallas,Texas,South,P-039,Electronics,Accessories,Wallet,314.3,2,0,85.96
EC-2021-001007,10/11/2021,10/16/2021,Second Class,C-65333,Maria Garcia,Consumer,United States,Dallas,Texas,South,P-036,Clothing,Jackets,Windbreaker,183.75,2,0.3,18.01
EC-2023-001008,12/20/2023,12/23/2023,Second Class,C-24621,Carlos Rivera,Consumer,United States,San Diego,California,West,P-039,Clothing,Accessories,Wallet,535.15,5,0,150.15
EC-2021-001009,1/7/2021,1/13/2021,Standard Class,C-76540,Anna Brown,Home Office,United States,Phoenix,Arizona,West,P-035,Clothing,Shoes,Casual Sneakers,58.48,1,0.3,8.16
EC-2024-001010,1/10/2024,1/17/2024,First Class,C-41385,John Smith,Consumer,United States,San Diego,California,West,P-019,Furniture,Bookcases,5-Shelf Bookcase,334.07,1,0,104.77
EC-2023-001011,9/23/2023,9/30/2023,Standard Class,C-89507,Michael Chen,Home Office,United States,Los Angeles,California,West,P-013,Furniture,Chairs,Office Chair,469.63,4,0.2,46.75
EC-2022-001012,10/1/2022,10/5/2022,Same Day,C-82603,Anna Brown,Corporate,United States,Philadelphia,Pennsylvania,East,P-018,Furniture,Tables,Desk,285.84,2,0,43.28
EC-2024-001013,12/20/2024,12/26/2024,Second Class,C-97684,Sara Wilson,Consumer,United States,New York,New York,East,P-013,Furniture,Chairs,Office Chair,1652.46,3,0,337.51
EC-2024-001014,3/15/2024,3/20/2024,Same Day,C-56438,Michael Chen,Consumer,United States,Dallas,Texas,South,P-018,Furniture,Tables,Desk,999.8,2,0,79.06
EC-2024-001015,10/11/2024,10/17/2024,Same Day,C-68800,James Lee,Consumer,United States,Los Angeles,California,West,P-038,Clothing,Accessories,Belt,113.31,1,0,12.18
EC-2023-001016,8/6/2023,8/8/2023,Second Class,C-31798,Michael Chen,Corporate,United States,Los Angeles,California,West,P-035,Clothing,Shoes,Casual Sneakers,109.15,5,0,-3.72
EC-2023-001017,4/2/2023,4/3/2023,Second Class,C-82845,Sara Wilson,Corporate,United States,Chicago,Illinois,Central,P-038,Clothing,Accessories,Belt,399.65,3,0.1,54.18
EC-2022-001018,3/22/2022,3/23/2022,Second Class,C-79615,James Lee,Home Office,United States,Austin,Texas,South,P-017,Furniture,Tables,Coffee Table,468.95,1,0,105.63
EC-2021-001019,5/21/2021,5/26/2021,Standard Class,C-91183,Maria Garcia,Home Office,United States,Los Angeles,California,West,P-001,Electronics,Phones,Nokia 3310,1764.15,5,0,-118.38
EC-2022-001020,2/23/2022,3/1/2022,First Class,C-11220,Sara Wilson,Consumer,United States,Philadelphia,Pennsylvania,East,P-037,Clothing,Jackets,Hoodie,184.76,3,0.1,-8.03
EC-2022-001021,3/13/2022,3/18/2022,First Class,C-81200,Carlos Rivera,Consumer,United States,Phoenix,Arizona,West,P-003,Electronics,Phones,iPhone SE,1421.3,2,0,192.58
EC-2021-001022,8/1/2021,8/3/2021,Second Class,C-54942,Anna Brown,Consumer,United States,Phoenix,Arizona,West,P-009,Electronics,Laptops,Lenovo IdeaPad,1213.62,2,0,-16.33
EC-2021-001023,4/15/2021,4/16/2021,Second Class,C-67912,Michael Chen,Corporate,United States,San Antonio,Texas,South,P-031,Office Supplies,Envelopes,Bubble Mailer,7.38,2,0.3,-0.25
EC-2024-001024,11/16/2024,11/18/2024,First Class,C-57795,John Smith,Consumer,United States,San Diego,California,West,P-001,Electronics,Phones,Nokia 3310,876.38,2,0.1,77.33
EC-2024-001025,9/27/2024,9/28/2024,Same Day,C-64040,John Smith,Home Office,United States,Philadelphia,Pennsylvania,East,P-026,Office Supplies,Binders,3-Ring Binder,156.08,2,0,-4.83
EC-2024-001026,10/3/2024,10/10/2024,Standard Class,C-39154,Anna Brown,Corporate,United States,Houston,Texas,South,P-020,Furniture,Bookcases,3-Shelf Bookcase,440.49,1,0.1,137.28
EC-2022-001027,4/12/2022,4/14/2022,Standard Class,C-56025,Michael Chen,Home Office,United States,New York,New York,East,P-037,Clothing,Jackets,Hoodie,206.37,3,0,70.18
EC-2022-001028,6/19/2022,6/21/2022,Second Class,C-67199,Maria Garcia,Corporate,United States,Austin,Texas,South,P-023,Office Supplies,Paper,A4 Ream,52.52,4,0,14.1
EC-2021-001029,4/1/2021,4/7/2021,Standard Class,C-51145,Maria Garcia,Consumer,United States,San Antonio,Texas,South,P-035,Clothing,Shoes,Casual Sneakers,44.92,1,0.3,14.65
EC-2022-001030,10/31/2022,11/4/2022,Standard Class,C-90676,Carlos Rivera,Home Office,United States,Phoenix,Arizona,West,P-029,Office Supplies,Art,Pencil Set,54.29,4,0.3,-1.49
EC-2022-001031,8/11/2022,8/13/2022,First Class,C-32241,Maria Garcia,Home Office,United States,San Antonio,Texas,South,P-033,Clothing,Shirts,Polo Shirt,217.76,4,0.3,24.85
EC-2022-001032,4/27/2022,5/3/2022,Standard Class,C-19545,Sara Wilson,Consumer,United States,Phoenix,Arizona,West,P-028,Office Supplies,Art,Markers Set,16.05,1,0,5.54
EC-2023-001033,10/10/2023,10/14/2023,Second Class,C-77889,Sara Wilson,Consumer,United States,Houston,Texas,South,P-035,Clothing,Shoes,Casual Sneakers,121.96,1,0.1,14.1
EC-2023-001034,7/24/2023,7/26/2023,First Class,C-65933,Sara Wilson,Home Office,United States,Dallas,Texas,South,P-038,Electronics,Accessories,Belt,2440.1,4,0.2,718.61
EC-2022-001035,6/15/2022,6/22/2022,First Class,C-67654,Maria Garcia,Home Office,United States,Houston,Texas,South,P-022,Furniture,Storage,Drawer Unit,2151.99,5,0.1,512.23
EC-2022-001036,11/19/2022,11/22/2022,Standard Class,C-18418,Michael Chen,Consumer,United States,San Diego,California,West,P-027,Office Supplies,Binders,Report Cover,45.67,4,0.3,-0.44
EC-2023-001037,5/2/2023,5/3/2023,Same Day,C-59857,Sara Wilson,Corporate,United States,Houston,Texas,South,P-037,Clothing,Jackets,Hoodie,480.02,5,0.3,26.81
EC-2023-001038,3/10/2023,3/17/2023,Standard Class,C-54057,Michael Chen,Home Office,United States,San Antonio,Texas,South,P-008,Electronics,Laptops,Dell Inspiron,1123.66,3,0.1,219.89
EC-2024-001039,6/28/2024,7/3/2024,Second Class,C-16590,Carlos Rivera,Corporate,United States,New York,New York,East,P-021,Furniture,Storage,Cabinet,494.6,4,0,-15.34
EC-2023-001040,7/21/2023,7/24/2023,First Class,C-12540,John Smith,Corporate,United States,Philadelphia,Pennsylvania,East,P-036,Clothing,Jackets,Windbreaker,466.08,4,0,140.04
EC-2024-001041,8/27/2024,8/28/2024,Standard Class,C-97747,Maria Garcia,Consumer,United States,New York,New York,East,P-026,Office Supplies,Binders,3-Ring Binder,339.7,5,0,41.3
EC-2023-001042,1/26/2023,1/28/2023,Second Class,C-50888,Michael Chen,Home Office,United States,Austin,Texas,South,P-022,Furniture,Storage,Drawer Unit,968.9,2,0,-23.96
EC-2024-001043,4/27/2024,5/3/2024,First Class,C-15383,Emily Davis,Consumer,United States,Houston,Texas,South,P-034,Clothing,Shoes,Running Shoes,648.95,5,0,187.46
EC-2023-001044,11/3/2023,11/9/2023,Same Day,C-70258,James Lee,Consumer,United States,Philadelphia,Pennsylvania,East,P-036,Clothing,Jackets,Windbreaker,113.41,1,0.1,38.36
EC-2024-001045,6/15/2024,6/22/2024,Same Day,C-21359,Carlos Rivera,Corporate,United States,San Diego,California,West,P-035,Clothing,Shoes,Casual Sneakers,369.0,5,0,-5.41
EC-2024-001046,3/13/2024,3/18/2024,Second Class,C-43862,Emily Davis,Corporate,United States,San Antonio,Texas,South,P-035,Clothing,Shoes,Casual Sneakers,245.19,3,0,48.12
EC-2023-001047,11/25/2023,11/27/2023,Same Day,C-74332,Sara Wilson,Consumer,United States,Los Angeles,California,West,P-028,Office Supplies,Art,Markers Set,58.3,2,0.3,11.24
EC-2022-001048,3/30/2022,4/3/2022,First Class,C-82140,Emily Davis,Corporate,United States,Houston,Texas,South,P-002,Electronics,Phones,Samsung A12,2024.75,5,0,359.7
EC-2022-001049,9/20/2022,9/23/2022,Standard Class,C-73464,Carlos Rivera,Consumer,United States,Houston,Texas,South,P-031,Office Supplies,Envelopes,Bubble Mailer,100.35,5,0.3,-1.06
EC-2022-001050,8/30/2022,9/1/2022,First Class,C-82529,Carlos Rivera,Consumer,United States,Philadelphia,Pennsylvania,East,P-023,Office Supplies,Paper,A4 Ream,30.3,5,0,-1.2
EC-2021-001051,1/26/2021,1/31/2021,Same Day,C-24953,Maria Garcia,Corporate,United States,Phoenix,Arizona,West,P-021,Furniture,Storage,Cabinet,618.08,2,0,77.72
EC-2024-001052,3/27/2024,4/2/2024,Standard Class,C-83147,Michael Chen,Consumer,United States,New York,New York,East,P-038,Clothing,Accessories,Belt,373.5,3,0,-39.01
EC-2023-001053,6/26/2023,6/29/2023,First Class,C-37235,Anna Brown,Corporate,United States,Austin,Texas,South,P-022,Furniture,Storage,Drawer Unit,300.55,1,0.2,-30.48
EC-2022-001054,5/7/2022,5/9/2022,Standard Class,C-14278,Anna Brown,Consumer,United States,San Diego,California,West,P-023,Office Supplies,Paper,A4 Ream,14.56,4,0.3,3.32
EC-2021-001055,5/26/2021,6/1/2021,Standard Class,C-28643,Maria Garcia,Corporate,United States,Houston,Texas,South,P-029,Office Supplies,Art,Pencil Set,184.45,5,0,45.06
EC-2024-001056,5/3/2024,5/9/2024,Same Day,C-75597,Sara Wilson,Corporate,United States,Austin,Texas,South,P-039,Electronics,Accessories,Wallet,300.87,3,0.3,51.37
EC-2023-001057,6/4/2023,6/10/2023,First Class,C-86955,John Smith,Home Office,United States,Philadelphia,Pennsylvania,East,P-032,Clothing,Shirts,Cotton T-Shirt,25.89,2,0.3,7.79
EC-2023-001058,8/22/2023,8/27/2023,Standard Class,C-71605,Emily Davis,Corporate,United States,Dallas,Texas,South,P-023,Office Supplies,Paper,A4 Ream,223.36,4,0.3,-19.72
EC-2024-001059,10/4/2024,10/5/2024,Same Day,C-14809,Sara Wilson,Corporate,United States,Chicago,Illinois,Central,P-037,Clothing,Jackets,Hoodie,228.17,3,0.3,76.11
EC-2022-001060,10/25/2022,10/26/2022,Second Class,C-77952,Emily Davis,Home Office,United States,San Antonio,Texas,South,P-008,Electronics,Laptops,Dell Inspiron,2444.62,5,0.1,-42.53
EC-2022-001061,2/21/2022,2/24/2022,First Class,C-89806,Anna Brown,Consumer,United States,San Diego,California,West,P-038,Clothing,Accessories,Belt,296.6,4,0,17.4
EC-2024-001062,2/6/2024,2/10/2024,Second Class,C-48254,Carlos Rivera,Consumer,United States,Los Angeles,California,West,P-019,Furniture,Bookcases,5-Shelf Bookcase,223.96,1,0.3,67.11
EC-2022-001063,5/15/2022,5/19/2022,Same Day,C-19150,Carlos Rivera,Consumer,United States,San Diego,California,West,P-039,Clothing,Accessories,Wallet,162.92,5,0.2,-4.46
EC-2021-001064,1/6/2021,1/9/2021,Same Day,C-82340,Michael Chen,Home Office,United States,Phoenix,Arizona,West,P-037,Clothing,Jackets,Hoodie,421.79,4,0.2,82.38
EC-2024-001065,11/29/2024,12/1/2024,Standard Class,C-59968,Michael Chen,Corporate,United States,Austin,Texas,South,P-036,Clothing,Jackets,Windbreaker,522.24,4,0,75.96
EC-2021-001066,9/16/2021,9/21/2021,Second Class,C-12011,James Lee,Corporate,United States,Austin,Texas,South,P-021,Furniture,Storage,Cabinet,2138.32,4,0,444.31
EC-2023-001067,8/20/2023,8/27/2023,Same Day,C-51505,Sara Wilson,Corporate,United States,Phoenix,Arizona,West,P-034,Clothing,Shoes,Running Shoes,215.73,3,0.3,66.4
EC-2024-001068,7/16/2024,7/22/2024,Second Class,C-68153,James Lee,Consumer,United States,Phoenix,Arizona,West,P-001,Electronics,Phones,Nokia 3310,262.84,1,0.3,-20.59
EC-2022-001069,10/27/2022,11/3/2022,First Class,C-99364,James Lee,Corporate,United States,New York,New York,East,P-023,Office Supplies,Paper,A4 Ream,66.22,2,0,13.86
EC-2024-001070,6/2/2024,6/9/2024,Standard Class,C-43289,Sara Wilson,Home Office,United States,San Antonio,Texas,South,P-016,Furniture,Tables,Dining Table,1693.95,5,0,202.69
EC-2022-001071,8/13/2022,8/19/2022,Second Class,C-42780,Sara Wilson,Consumer,United States,San Diego,California,West,P-024,Office Supplies,Paper,Notebook,91.51,3,0.2,12.79
EC-2023-001072,9/17/2023,9/18/2023,First Class,C-61879,Carlos Rivera,Corporate,United States,Houston,Texas,South,P-027,Office Supplies,Binders,Report Cover,144.33,3,0,49.56
EC-2023-001073,10/15/2023,10/22/2023,First Class,C-96400,James Lee,Consumer,United States,Phoenix,Arizona,West,P-003,Electronics,Phones,iPhone SE,342.8,2,0.2,42.91
EC-2023-001074,6/22/2023,6/23/2023,Standard Class,C-36318,James Lee,Corporate,United States,Austin,Texas,South,P-002,Electronics,Phones,Samsung A12,352.8,3,0,-9.68
EC-2022-001075,6/11/2022,6/18/2022,First Class,C-98647,Michael Chen,Corporate,United States,Dallas,Texas,South,P-028,Office Supplies,Art,Markers Set,261.28,4,0,-2.41
EC-2021-001076,1/29/2021,2/1/2021,Same Day,C-58689,Maria Garcia,Consumer,United States,San Diego,California,West,P-024,Office Supplies,Paper,Notebook,78.34,3,0.2,12.87
EC-2024-001077,6/22/2024,6/27/2024,Standard Class,C-25292,James Lee,Home Office,United States,Philadelphia,Pennsylvania,East,P-021,Furniture,Storage,Cabinet,1166.98,4,0.3,164.14
EC-2023-001078,10/6/2023,10/7/2023,Standard Class,C-80804,Michael Chen,Consumer,United States,Los Angeles,California,West,P-002,Electronics,Phones,Samsung A12,717.11,3,0.3,240.1
EC-2023-001079,9/30/2023,10/5/2023,Second Class,C-57537,Maria Garcia,Corporate,United States,San Antonio,Texas,South,P-021,Furniture,Storage,Cabinet,790.11,2,0.1,-14.49
EC-2023-001080,3/27/2023,3/30/2023,Same Day,C-16629,Emily Davis,Consumer,United States,Houston,Texas,South,P-028,Office Supplies,Art,Markers Set,16.63,2,0.3,-1.21
EC-2022-001081,2/25/2022,2/26/2022,Standard Class,C-10371,Carlos Rivera,Consumer,United States,San Diego,California,West,P-018,Furniture,Tables,Desk,1005.58,2,0,283.89
EC-2022-001082,5/29/2022,6/5/2022,Second Class,C-32838,Carlos Rivera,Consumer,United States,Chicago,Illinois,Central,P-018,Furniture,Tables,Desk,445.62,3,0,-30.3
EC-2023-001083,12/14/2023,12/15/2023,Same Day,C-39038,John Smith,Corporate,United States,Los Angeles,California,West,P-039,Electronics,Accessories,Wallet,2534.04,5,0.2,209.61
EC-2021-001084,5/5/2021,5/9/2021,Second Class,C-89730,James Lee,Corporate,United States,San Antonio,Texas,South,P-030,Office Supplies,Envelopes,Letter Envelopes,167.08,4,0,53.43
EC-2024-001085,7/2/2024,7/8/2024,First Class,C-89354,Michael Chen,Home Office,United States,Austin,Texas,South,P-039,Electronics,Accessories,Wallet,1342.72,5,0.2,185.93
EC-2024-001086,8/26/2024,9/2/2024,Standard Class,C-62262,Michael Chen,Home Office,United States,San Diego,California,West,P-003,Electronics,Phones,iPhone SE,670.59,2,0.1,101.71
EC-2022-001087,10/3/2022,10/9/2022,Standard Class,C-22219,Michael Chen,Corporate,United States,Phoenix,Arizona,West,P-008,Electronics,Laptops,Dell Inspiron,2260.48,4,0,-52.47
EC-2024-001088,2/14/2024,2/15/2024,First Class,C-16743,Carlos Rivera,Home Office,United States,Austin,Texas,South,P-007,Electronics,Laptops,HP 15,2210.04,4,0,689.71
EC-2024-001089,3/29/2024,4/3/2024,Same Day,C-25058,Carlos Rivera,Consumer,United States,Houston,Texas,South,P-028,Office Supplies,Art,Markers Set,21.82,1,0,6.62
EC-2024-001090,6/1/2024,6/7/2024,Standard Class,C-28776,Michael Chen,Consumer,United States,Phoenix,Arizona,West,P-021,Furniture,Storage,Cabinet,666.3,3,0,-10.35
EC-2021-001091,7/7/2021,7/13/2021,Same Day,C-52517,Maria Garcia,Consumer,United States,San Diego,California,West,P-038,Electronics,Accessories,Belt,1094.61,3,0,176.25
EC-2024-001092,6/19/2024,6/20/2024,Same Day,C-38255,Maria Garcia,Corporate,United States,Los Angeles,California,West,P-038,Electronics,Accessories,Belt,1748.64,4,0.2,319.32
EC-2022-001093,8/4/2022,8/10/2022,First Class,C-49507,Anna Brown,Corporate,United States,Austin,Texas,South,P-030,Office Supplies,Envelopes,Letter Envelopes,26.91,4,0.2,-0.18
EC-2022-001094,11/3/2022,11/4/2022,Same Day,C-83233,Emily Davis,Corporate,United States,New York,New York,East,P-020,Furniture,Bookcases,3-Shelf Bookcase,548.35,4,0.2,143.17
EC-2021-001095,3/28/2021,4/1/2021,Second Class,C-93904,Michael Chen,Corporate,United States,New York,New York,East,P-012,Electronics,Tablets,Fire HD,3134.61,5,0.1,695.95
EC-2021-001096,2/12/2021,2/15/2021,Same Day,C-41891,Michael Chen,Home Office,United States,Chicago,Illinois,Central,P-024,Office Supplies,Paper,Notebook,202.2,3,0,-10.98
EC-2022-001097,9/28/2022,10/4/2022,First Class,C-76840,Anna Brown,Consumer,United States,Philadelphia,Pennsylvania,East,P-033,Clothing,Shirts,Polo Shirt,96.14,1,0.2,23.07
EC-2022-001098,4/29/2022,4/30/2022,Standard Class,C-74764,Sara Wilson,Corporate,United States,Chicago,Illinois,Central,P-028,Office Supplies,Art,Markers Set,25.21,2,0.3,1.83
EC-2021-001099,11/6/2021,11/10/2021,Same Day,C-19724,Carlos Rivera,Corporate,United States,Los Angeles,California,West,P-037,Clothing,Jackets,Hoodie,240.58,3,0.2,16.08
EC-2021-001100,4/27/2021,4/30/2021,Second Class,C-15376,Sara Wilson,Consumer,United States,Phoenix,Arizona,West,P-038,Clothing,Accessories,Belt,441.13,5,0.1,83.29
EC-2023-001101,10/24/2023,10/26/2023,Second Class,C-32617,John Smith,Corporate,United States,New York,New York,East,P-020,Furniture,Bookcases,3-Shelf Bookcase,1053.57,3,0.3,79.33
EC-2023-001102,12/10/2023,12/15/2023,First Class,C-98984,John Smith,Consumer,United States,Austin,Texas,South,P-022,Furniture,Storage,Drawer Unit,739.48,3,0.1,127.66
EC-2021-001103,7/13/2021,7/18/2021,First Class,C-96980,James Lee,Corporate,United States,San Antonio,Texas,South,P-024,Office Supplies,Paper,Notebook,296.4,5,0,44.46
EC-2021-001104,9/22/2021,9/27/2021,Same Day,C-99838,Maria Garcia,Corporate,United States,Los Angeles,California,West,P-029,Office Supplies,Art,Pencil Set,159.78,3,0,40.11
EC-2023-001105,1/13/2023,1/16/2023,First Class,C-30308,Maria Garcia,Consumer,United States,Chicago,Illinois,Central,P-036,Clothing,Jackets,Windbreaker,571.76,4,0,-6.74
EC-2024-001106,1/11/2024,1/18/2024,First Class,C-31266,James Lee,Consumer,United States,San Diego,California,West,P-025,Office Supplies,Paper,Sticky Notes,353.65,5,0,-8.1
EC-2023-001107,4/22/2023,4/25/2023,First Class,C-71474,Anna Brown,Corporate,United States,Houston,Texas,South,P-021,Furniture,Storage,Cabinet,1884.96,4,0,396.22
EC-2022-001108,8/1/2022,8/8/2022,Same Day,C-16839,Sara Wilson,Home Office,United States,San Antonio,Texas,South,P-031,Office Supplies,Envelopes,Bubble Mailer,123.95,2,0.2,11.34
EC-2023-001109,11/23/2023,11/30/2023,Second Class,C-67340,Maria Garcia,Corporate,United States,Los Angeles,California,West,P-025,Office Supplies,Paper,Sticky Notes,168.02,3,0.1,-5.4
EC-2021-001110,2/24/2021,2/28/2021,First Class,C-22987,Emily Davis,Corporate,United States,New York,New York,East,P-022,Furniture,Storage,Drawer Unit,202.6,1,0,23.78
EC-2022-001111,8/11/2022,8/18/2022,Standard Class,C-12490,Carlos Rivera,Home Office,United States,Dallas,Texas,South,P-016,Furniture,Tables,Dining Table,1708.56,4,0.1,-120.25
EC-2024-001112,5/31/2024,6/5/2024,First Class,C-91633,Sara Wilson,Consumer,United States,San Antonio,Texas,South,P-018,Furniture,Tables,Desk,203.57,1,0,24.74
EC-2024-001113,5/7/2024,5/12/2024,Standard Class,C-41531,Michael Chen,Home Office,United States,New York,New York,East,P-002,Electronics,Phones,Samsung A12,1590.06,3,0.1,80.25
EC-2023-001114,1/9/2023,1/10/2023,Second Class,C-43246,John Smith,Home Office,United States,San Diego,California,West,P-015,Furniture,Chairs,Stool,1132.16,4,0,272.51
EC-2022-001115,5/9/2022,5/15/2022,First Class,C-32949,Sara Wilson,Home Office,United States,Los Angeles,California,West,P-024,Office Supplies,Paper,Notebook,36.02,3,0.2,5.46
EC-2021-001116,5/10/2021,5/16/2021,First Class,C-77552,Michael Chen,Consumer,United States,Dallas,Texas,South,P-034,Clothing,Shoes,Running Shoes,84.42,2,0,12.21
EC-2024-001117,8/17/2024,8/19/2024,Second Class,C-67272,Michael Chen,Corporate,United States,Phoenix,Arizona,West,P-036,Clothing,Jackets,Windbreaker,395.64,3,0,34.56
EC-2022-001118,1/18/2022,1/22/2022,First Class,C-81496,Carlos Rivera,Corporate,United States,Dallas,Texas,South,P-039,Clothing,Accessories,Wallet,492.6,4,0,-8.83
EC-2022-001119,11/3/2022,11/9/2022,Same Day,C-68606,John Smith,Corporate,United States,Phoenix,Arizona,West,P-023,Office Supplies,Paper,A4 Ream,200.8,4,0,51.59
EC-2024-001120,8/2/2024,8/9/2024,Same Day,C-98878,Sara Wilson,Consumer,United States,New York,New York,East,P-031,Office Supplies,Envelopes,Bubble Mailer,64.5,2,0,5.99
EC-2022-001121,4/29/2022,5/6/2022,Same Day,C-58623,Emily Davis,Corporate,United States,Philadelphia,Pennsylvania,East,P-038,Electronics,Accessories,Belt,609.68,1,0.2,58.55
EC-2023-001122,12/21/2023,12/24/2023,First Class,C-77861,Michael Chen,Corporate,United States,San Antonio,Texas,South,P-032,Clothing,Shirts,Cotton T-Shirt,48.7,1,0,13.18
EC-2024-001123,12/12/2024,12/16/2024,First Class,C-69250,James Lee,Home Office,United States,Houston,Texas,South,P-008,Electronics,Laptops,Dell Inspiron,2281.96,4,0,-59.42
EC-2024-001124,9/29/2024,10/2/2024,First Class,C-93584,James Lee,Home Office,United States,Los Angeles,California,West,P-033,Clothing,Shirts,Polo Shirt,189.46,2,0.3,49.8
EC-2022-001125,2/16/2022,2/23/2022,Same Day,C-27009,Maria Garcia,Consumer,United States,Chicago,Illinois,Central,P-026,Office Supplies,Binders,3-Ring Binder,27.88,5,0.2,4.48
EC-2023-001126,9/8/2023,9/13/2023,Second Class,C-99143,Emily Davis,Corporate,United States,San Antonio,Texas,South,P-008,Electronics,Laptops,Dell Inspiron,302.4,3,0.3,21.85
EC-2023-001127,6/6/2023,6/11/2023,Standard Class,C-55353,Carlos Rivera,Consumer,United States,New York,New York,East,P-016,Furniture,Tables,Dining Table,476.28,2,0,-15.74
EC-2024-001128,7/24/2024,7/29/2024,First Class,C-86106,James Lee,Consumer,United States,Phoenix,Arizona,West,P-007,Electronics,Laptops,HP 15,408.66,1,0.2,99.02
EC-2021-001129,2/28/2021,3/1/2021,First Class,C-75278,Carlos Rivera,Home Office,United States,New York,New York,East,P-019,Furniture,Bookcases,5-Shelf Bookcase,1883.65,5,0.1,-133.04
EC-2024-001130,11/3/2024,11/7/2024,Second Class,C-36741,Emily Davis,Corporate,United States,Phoenix,Arizona,West,P-030,Office Supplies,Envelopes,Letter Envelopes,101.97,2,0.1,17.81
EC-2022-001131,12/9/2022,12/13/2022,Second Class,C-28465,Maria Garcia,Corporate,United States,Chicago,Illinois,Central,P-020,Furniture,Bookcases,3-Shelf Bookcase,983.76,4,0,-12.81
EC-2024-001132,6/14/2024,6/18/2024,First Class,C-77466,Sara Wilson,Consumer,United States,Houston,Texas,South,P-008,Electronics,Laptops,Dell Inspiron,2250.93,3,0,627.87
EC-2021-001133,2/17/2021,2/18/2021,Same Day,C-46877,Sara Wilson,Home Office,United States,San Antonio,Texas,South,P-037,Clothing,Jackets,Hoodie,232.8,2,0.2,-10.89
EC-2021-001134,8/9/2021,8/13/2021,First Class,C-83638,Anna Brown,Corporate,United States,Chicago,Illinois,Central,P-036,Clothing,Jackets,Windbreaker,354.36,3,0,60.3
EC-2023-001135,3/3/2023,3/8/2023,First Class,C-22672,Michael Chen,Home Office,United States,Dallas,Texas,South,P-028,Office Supplies,Art,Markers Set,234.15,5,0.3,-5.46
EC-2021-001136,10/23/2021,10/25/2021,Same Day,C-72094,Sara Wilson,Home Office,United States,Austin,Texas,South,P-029,Office Supplies,Art,Pencil Set,42.51,1,0,3.87
EC-2024-001137,6/9/2024,6/12/2024,First Class,C-83783,Carlos Rivera,Corporate,United States,Chicago,Illinois,Central,P-017,Furniture,Tables,Coffee Table,1554.96,5,0.2,326.08
EC-2022-001138,11/10/2022,11/16/2022,First Class,C-85821,Anna Brown,Corporate,United States,Los Angeles,California,West,P-033,Clothing,Shirts,Polo Shirt,98.05,1,0.2,18.86
EC-2023-001139,12/10/2023,12/16/2023,Standard Class,C-24404,Anna Brown,Corporate,United States,Austin,Texas,South,P-010,Electronics,Tablets,iPad Mini,1332.5,2,0,295.51
EC-2023-001140,5/8/2023,5/10/2023,Standard Class,C-18163,James Lee,Home Office,United States,San Antonio,Texas,South,P-011,Electronics,Tablets,Samsung Tab,1610.01,5,0.1,502.07
EC-2023-001141,12/13/2023,12/17/2023,Same Day,C-99226,Carlos Rivera,Consumer,United States,Philadelphia,Pennsylvania,East,P-020,Furniture,Bookcases,3-Shelf Bookcase,1330.32,3,0.2,207.91
EC-2022-001142,7/26/2022,7/31/2022,First Class,C-72888,Emily Davis,Consumer,United States,Phoenix,Arizona,West,P-034,Clothing,Shoes,Running Shoes,166.75,2,0.3,43.6
EC-2024-001143,3/20/2024,3/26/2024,Same Day,C-20358,Emily Davis,Corporate,United States,San Diego,California,West,P-028,Office Supplies,Art,Markers Set,132.76,2,0,8.31
EC-2022-001144,3/15/2022,3/17/2022,First Class,C-16653,Anna Brown,Corporate,United States,San Diego,California,West,P-037,Clothing,Jackets,Hoodie,117.35,5,0.3,-2.65
EC-2023-001145,4/27/2023,4/30/2023,Standard Class,C-72580,Anna Brown,Consumer,United States,Dallas,Texas,South,P-013,Furniture,Chairs,Office Chair,413.45,5,0,71.14
EC-2024-001146,8/15/2024,8/16/2024,Standard Class,C-14763,Michael Chen,Home Office,United States,Los Angeles,California,West,P-029,Office Supplies,Art,Pencil Set,45.14,1,0,-0.79
EC-2021-001147,3/18/2021,3/19/2021,Second Class,C-81211,Sara Wilson,Home Office,United States,Phoenix,Arizona,West,P-035,Clothing,Shoes,Casual Sneakers,421.02,3,0,78.44
EC-2022-001148,1/30/2022,2/6/2022,Standard Class,C-54185,Carlos Rivera,Corporate,United States,Los Angeles,California,West,P-022,Furniture,Storage,Drawer Unit,966.38,3,0.3,102.3
EC-2024-001149,8/1/2024,8/5/2024,First Class,C-52415,Anna Brown,Home Office,United States,San Antonio,Texas,South,P-018,Furniture,Tables,Desk,125.1,1,0,43.1
EC-2022-001150,4/28/2022,5/2/2022,First Class,C-40972,John Smith,Corporate,United States,Phoenix,Arizona,West,P-008,Electronics,Laptops,Dell Inspiron,2434.25,5,0,312.72
EC-2021-001151,11/24/2021,11/28/2021,First Class,C-27507,Sara Wilson,Home Office,United States,San Diego,California,West,P-011,Electronics,Tablets,Samsung Tab,1703.16,3,0,-39.92
EC-2023-001152,5/2/2023,5/8/2023,Standard Class,C-57419,Maria Garcia,Corporate,United States,San Diego,California,West,P-022,Furniture,Storage,Drawer Unit,2380.85,5,0,494.39
EC-2023-001153,11/2/2023,11/4/2023,Standard Class,C-86434,Sara Wilson,Home Office,United States,Austin,Texas,South,P-003,Electronics,Phones,iPhone SE,780.3,5,0.1,-6.62
EC-2023-001154,7/18/2023,7/20/2023,Same Day,C-12853,Michael Chen,Corporate,United States,San Diego,California,West,P-010,Electronics,Tablets,iPad Mini,2128.18,5,0.1,535.94
EC-2022-001155,3/23/2022,3/28/2022,Same Day,C-71875,John Smith,Consumer,United States,Los Angeles,California,West,P-025,Office Supplies,Paper,Sticky Notes,24.67,1,0.2,-2.58
EC-2021-001156,10/5/2021,10/12/2021,Same Day,C-80687,James Lee,Corporate,United States,San Antonio,Texas,South,P-030,Office Supplies,Envelopes,Letter Envelopes,139.1,4,0.1,10.3
EC-2024-001157,1/6/2024,1/10/2024,Standard Class,C-81361,Michael Chen,Consumer,United States,San Diego,California,West,P-023,Office Supplies,Paper,A4 Ream,67.61,1,0,12.77
EC-2023-001158,8/2/2023,8/5/2023,Standard Class,C-90599,John Smith,Corporate,United States,Chicago,Illinois,Central,P-034,Clothing,Shoes,Running Shoes,141.55,1,0,41.45
EC-2021-001159,7/26/2021,7/31/2021,Second Class,C-38477,John Smith,Corporate,United States,New York,New York,East,P-016,Furniture,Tables,Dining Table,186.53,1,0.1,33.89
EC-2024-001160,3/25/2024,3/28/2024,First Class,C-49387,Carlos Rivera,Home Office,United States,Austin,Texas,South,P-019,Furniture,Bookcases,5-Shelf Bookcase,284.47,2,0.3,58.71
EC-2024-001161,2/13/2024,2/17/2024,Same Day,C-49306,Michael Chen,Corporate,United States,New York,New York,East,P-039,Electronics,Accessories,Wallet,1342.63,3,0.3,-23.48
EC-2022-001162,4/7/2022,4/10/2022,Second Class,C-41831,Carlos Rivera,Corporate,United States,Chicago,Illinois,Central,P-021,Furniture,Storage,Cabinet,1191.81,4,0.2,249.09
EC-2023-001163,7/11/2023,7/18/2023,Standard Class,C-19539,Anna Brown,Consumer,United States,Philadelphia,Pennsylvania,East,P-019,Furniture,Bookcases,5-Shelf Bookcase,299.04,4,0.3,-20.77
EC-2022-001164,11/13/2022,11/16/2022,Standard Class,C-41797,Anna Brown,Consumer,United States,New York,New York,East,P-021,Furniture,Storage,Cabinet,406.2,1,0.3,142.12
EC-2022-001165,8/3/2022,8/7/2022,First Class,C-22924,Sara Wilson,Home Office,United States,Dallas,Texas,South,P-035,Clothing,Shoes,Casual Sneakers,135.94,3,0.2,42.8
EC-2022-001166,10/3/2022,10/7/2022,Standard Class,C-85909,Michael Chen,Home Office,United States,New York,New York,East,P-027,Office Supplies,Binders,Report Cover,60.59,1,0,13.09
EC-2022-001167,11/7/2022,11/9/2022,Standard Class,C-94108,Sara Wilson,Home Office,United States,San Antonio,Texas,South,P-026,Office Supplies,Binders,3-Ring Binder,127.35,3,0,35.53
EC-2021-001168,12/13/2021,12/15/2021,Standard Class,C-14433,Maria Garcia,Corporate,United States,San Diego,California,West,P-035,Clothing,Shoes,Casual Sneakers,485.73,5,0.3,163.77
EC-2021-001169,10/9/2021,10/16/2021,Standard Class,C-93588,Sara Wilson,Consumer,United States,Houston,Texas,South,P-002,Electronics,Phones,Samsung A12,255.87,5,0.1,41.44
EC-2023-001170,12/26/2023,12/31/2023,Second Class,C-75826,Michael Chen,Consumer,United States,San Antonio,Texas,South,P-032,Clothing,Shirts,Cotton T-Shirt,207.53,3,0.2,-21.37
EC-2023-001171,12/10/2023,12/12/2023,First Class,C-70161,Anna Brown,Consumer,United States,Houston,Texas,South,P-013,Furniture,Chairs,Office Chair,1360.56,3,0.1,100.28
EC-2024-001172,8/31/2024,9/7/2024,Same Day,C-32463,Maria Garcia,Consumer,United States,New York,New York,East,P-019,Furniture,Bookcases,5-Shelf Bookcase,1247.49,5,0.1,-25.01
EC-2024-001173,3/4/2024,3/11/2024,Second Class,C-99709,Carlos Rivera,Home Office,United States,Los Angeles,California,West,P-039,Clothing,Accessories,Wallet,207.09,5,0.1,-8.16
EC-2021-001174,2/2/2021,2/4/2021,Same Day,C-61007,Emily Davis,Consumer,United States,Austin,Texas,South,P-039,Electronics,Accessories,Wallet,2239.98,3,0,490.98
EC-2023-001175,10/23/2023,10/29/2023,Second Class,C-88067,Michael Chen,Consumer,United States,Philadelphia,Pennsylvania,East,P-034,Clothing,Shoes,Running Shoes,74.01,1,0,17.14
EC-2022-001176,7/14/2022,7/21/2022,Standard Class,C-96595,Michael Chen,Corporate,United States,Dallas,Texas,South,P-025,Office Supplies,Paper,Sticky Notes,114.08,4,0.1,12.06
EC-2024-001177,12/31/2024,1/1/2025,Standard Class,C-23965,Maria Garcia,Corporate,United States,Los Angeles,California,West,P-007,Electronics,Laptops,HP 15,469.0,2,0.3,78.27
EC-2023-001178,1/8/2023,1/15/2023,Standard Class,C-63483,Maria Garcia,Consumer,United States,Phoenix,Arizona,West,P-008,Electronics,Laptops,Dell Inspiron,415.69,4,0.1,90.24
EC-2024-001179,2/10/2024,2/11/2024,First Class,C-83339,Anna Brown,Home Office,United States,Austin,Texas,South,P-002,Electronics,Phones,Samsung A12,697.79,1,0,-36.45
EC-2021-001180,10/12/2021,10/15/2021,Same Day,C-73469,Maria Garcia,Corporate,United States,Phoenix,Arizona,West,P-021,Furniture,Storage,Cabinet,280.6,2,0.1,37.26
EC-2024-001181,7/4/2024,7/8/2024,Standard Class,C-53544,Michael Chen,Home Office,United States,Austin,Texas,South,P-028,Office Supplies,Art,Markers Set,78.68,2,0,4.09
EC-2023-001182,6/1/2023,6/8/2023,First Class,C-51830,Carlos Rivera,Consumer,United States,Austin,Texas,South,P-031,Office Supplies,Envelopes,Bubble Mailer,52.29,2,0.1,7.54
EC-2023-001183,2/10/2023,2/13/2023,Second Class,C-99353,John Smith,Corporate,United States,San Antonio,Texas,South,P-035,Clothing,Shoes,Casual Sneakers,225.33,2,0.2,-7.87
EC-2022-001184,8/20/2022,8/27/2022,Same Day,C-65460,Michael Chen,Corporate,United States,Los Angeles,California,West,P-035,Clothing,Shoes,Casual Sneakers,101.37,3,0,-1.28
EC-2023-001185,9/9/2023,9/14/2023,Same Day,C-87833,Maria Garcia,Home Office,United States,San Antonio,Texas,South,P-012,Electronics,Tablets,Fire HD,961.23,3,0.3,306.3
EC-2021-001186,12/7/2021,12/13/2021,Same Day,C-43913,Anna Brown,Consumer,United States,Austin,Texas,South,P-039,Electronics,Accessories,Wallet,2092.8,3,0.1,-51.35
EC-2023-001187,3/13/2023,3/17/2023,Standard Class,C-21253,Maria Garcia,Home Office,United States,Austin,Texas,South,P-022,Furniture,Storage,Drawer Unit,233.44,1,0.1,18.99
EC-2022-001188,12/4/2022,12/8/2022,Same Day,C-51800,Maria Garcia,Home Office,United States,Houston,Texas,South,P-020,Furniture,Bookcases,3-Shelf Bookcase,235.01,1,0.1,62.65
EC-2021-001189,8/24/2021,8/25/2021,Second Class,C-82339,James Lee,Home Office,United States,Philadelphia,Pennsylvania,East,P-025,Office Supplies,Paper,Sticky Notes,78.11,2,0.3,-0.96
EC-2022-001190,4/20/2022,4/27/2022,Standard Class,C-35863,Sara Wilson,Home Office,United States,San Antonio,Texas,South,P-031,Office Supplies,Envelopes,Bubble Mailer,68.33,4,0.1,4.01
EC-2024-001191,12/14/2024,12/16/2024,Second Class,C-69972,Maria Garcia,Corporate,United States,Houston,Texas,South,P-038,Clothing,Accessories,Belt,464.7,5,0,-7.42
EC-2024-001192,5/7/2024,5/11/2024,Second Class,C-48986,Maria Garcia,Corporate,United States,Austin,Texas,South,P-031,Office Supplies,Envelopes,Bubble Mailer,99.49,4,0.2,10.12
EC-2022-001193,5/4/2022,5/7/2022,First Class,C-85340,Michael Chen,Consumer,United States,Los Angeles,California,West,P-019,Furniture,Bookcases,5-Shelf Bookcase,1982.65,5,0.1,-34.79
EC-2024-001194,7/25/2024,7/30/2024,Standard Class,C-91187,John Smith,Home Office,United States,Chicago,Illinois,Central,P-035,Clothing,Shoes,Casual Sneakers,162.2,2,0,23.42
EC-2021-001195,10/7/2021,10/9/2021,Same Day,C-74054,James Lee,Home Office,United States,San Antonio,Texas,South,P-024,Office Supplies,Paper,Notebook,128.48,4,0.1,33.8
EC-2022-001196,8/22/2022,8/23/2022,First Class,C-82053,Maria Garcia,Consumer,United States,Phoenix,Arizona,West,P-001,Electronics,Phones,Nokia 3310,563.71,4,0.2,153.75
EC-2023-001197,1/22/2023,1/27/2023,Same Day,C-42444,Carlos Rivera,Home Office,United States,New York,New York,East,P-009,Electronics,Laptops,Lenovo IdeaPad,1839.04,4,0,498.01
EC-2022-001198,12/15/2022,12/22/2022,Second Class,C-55957,Michael Chen,Corporate,United States,Los Angeles,California,West,P-011,Electronics,Tablets,Samsung Tab,1263.44,2,0,370.45
EC-2022-001199,2/28/2022,3/7/2022,First Class,C-48356,Carlos Rivera,Home Office,United States,New York,New York,East,P-016,Furniture,Tables,Dining Table,1427.16,5,0.2,143.45
EC-2023-001200,4/23/2023,4/24/2023,Standard Class,C-42447,Michael Chen,Home Office,United States,Phoenix,Arizona,West,P-023,Office Supplies,Paper,A4 Ream,115.22,2,0,10.82
EC-2024-001201,7/9/2024,7/13/2024,Second Class,C-58374,Sara Wilson,Corporate,United States,San Antonio,Texas,South,P-035,Clothing,Shoes,Casual Sneakers,90.49,1,0.1,18.52
EC-2021-001202,7/10/2021,7/16/2021,First Class,C-37767,Sara Wilson,Home Office,United States,Dallas,Texas,South,P-036,Clothing,Jackets,Windbreaker,583.92,5,0.1,67.35
EC-2022-001203,11/23/2022,11/28/2022,Same Day,C-12134,Maria Garcia,Consumer,United States,Austin,Texas,South,P-029,Office Supplies,Art,Pencil Set,64.12,1,0,5.12
EC-2021-001204,1/2/2021,1/6/2021,Standard Class,C-22234,Emily Davis,Home Office,United States,Houston,Texas,South,P-022,Furniture,Storage,Drawer Unit,1616.16,3,0,504.77
EC-2024-001205,9/22/2024,9/28/2024,Same Day,C-22475,John Smith,Consumer,United States,Chicago,Illinois,Central,P-024,Office Supplies,Paper,Notebook,93.46,2,0.1,23.05
EC-2021-001206,9/29/2021,10/4/2021,Same Day,C-27324,Sara Wilson,Home Office,United States,Houston,Texas,South,P-021,Furniture,Storage,Cabinet,254.49,3,0,88.17
EC-2021-001207,7/2/2021,7/8/2021,First Class,C-94092,James Lee,Consumer,United States,Los Angeles,California,West,P-039,Electronics,Accessories,Wallet,977.01,3,0,-16.1
EC-2024-001208,8/24/2024,8/26/2024,Standard Class,C-38474,Maria Garcia,Corporate,United States,Dallas,Texas,South,P-003,Electronics,Phones,iPhone SE,937.91,2,0.1,220.24
EC-2024-001209,4/22/2024,4/28/2024,Same Day,C-42527,Carlos Rivera,Corporate,United States,San Antonio,Texas,South,P-038,Electronics,Accessories,Belt,571.76,2,0,-22.83
EC-2023-001210,11/27/2023,12/2/2023,Same Day,C-41599,Sara Wilson,Consumer,United States,San Diego,California,West,P-007,Electronics,Laptops,HP 15,271.66,1,0,-16.17
EC-2022-001211,10/11/2022,10/13/2022,Same Day,C-12187,Maria Garcia,Home Office,United States,San Antonio,Texas,South,P-002,Electronics,Phones,Samsung A12,583.31,2,0.1,-58.86
EC-2021-001212,3/23/2021,3/24/2021,First Class,C-20803,James Lee,Home Office,United States,San Antonio,Texas,South,P-007,Electronics,Laptops,HP 15,2346.43,5,0.1,415.49
EC-2021-001213,6/11/2021,6/16/2021,First Class,C-41278,John Smith,Consumer,United States,Houston,Texas,South,P-024,Office Supplies,Paper,Notebook,34.3,1,0,8.9
EC-2021-001214,8/26/2021,8/30/2021,Second Class,C-11487,James Lee,Home Office,United States,Austin,Texas,South,P-014,Furniture,Chairs,Gaming Chair,481.66,2,0,-2.59
EC-2021-001215,12/8/2021,12/11/2021,First Class,C-45649,Maria Garcia,Home Office,United States,Chicago,Illinois,Central,P-037,Clothing,Jackets,Hoodie,113.95,1,0,17.15
EC-2023-001216,7/22/2023,7/27/2023,Same Day,C-85223,Maria Garcia,Consumer,United States,Philadelphia,Pennsylvania,East,P-024,Office Supplies,Paper,Notebook,138.9,2,0,-4.05
EC-2021-001217,1/26/2021,1/28/2021,First Class,C-82465,Michael Chen,Corporate,United States,New York,New York,East,P-013,Furniture,Chairs,Office Chair,558.3,2,0,-55.16
EC-2023-001218,5/3/2023,5/9/2023,Second Class,C-33507,Anna Brown,Corporate,United States,Philadelphia,Pennsylvania,East,P-019,Furniture,Bookcases,5-Shelf Bookcase,301.76,1,0.2,-22.81
EC-2023-001219,8/11/2023,8/18/2023,First Class,C-83899,Carlos Rivera,Corporate,United States,Phoenix,Arizona,West,P-010,Electronics,Tablets,iPad Mini,459.16,4,0,73.78
EC-2024-001220,4/26/2024,4/30/2024,Standard Class,C-93354,John Smith,Home Office,United States,Houston,Texas,South,P-022,Furniture,Storage,Drawer Unit,633.16,4,0,75.92
EC-2023-001221,2/10/2023,2/17/2023,Standard Class,C-28661,Carlos Rivera,Consumer,United States,Phoenix,Arizona,West,P-025,Office Supplies,Paper,Sticky Notes,80.53,2,0.1,-4.77
EC-2023-001222,12/1/2023,12/5/2023,Second Class,C-19808,John Smith,Corporate,United States,Philadelphia,Pennsylvania,East,P-001,Electronics,Phones,Nokia 3310,2427.9,5,0,585.52
EC-2022-001223,8/21/2022,8/24/2022,First Class,C-27840,Maria Garcia,Corporate,United States,Philadelphia,Pennsylvania,East,P-034,Clothing,Shoes,Running Shoes,173.82,3,0,-1.26
EC-2023-001224,7/10/2023,7/14/2023,Second Class,C-25717,Maria Garcia,Corporate,United States,Philadelphia,Pennsylvania,East,P-013,Furniture,Chairs,Office Chair,645.62,2,0.1,92.0
EC-2022-001225,3/17/2022,3/24/2022,Second Class,C-49169,Carlos Rivera,Consumer,United States,Philadelphia,Pennsylvania,East,P-019,Furniture,Bookcases,5-Shelf Bookcase,1214.46,3,0.1,247.8
EC-2023-001226,7/16/2023,7/21/2023,Second Class,C-27133,Anna Brown,Consumer,United States,San Diego,California,West,P-014,Furniture,Chairs,Gaming Chair,640.52,2,0,-3.43
EC-2024-001227,4/7/2024,4/12/2024,Second Class,C-22055,Emily Davis,Consumer,United States,Phoenix,Arizona,West,P-036,Clothing,Jackets,Windbreaker,209.47,2,0.3,-3.83
EC-2021-001228,4/14/2021,4/16/2021,Same Day,C-38143,James Lee,Corporate,United States,Austin,Texas,South,P-002,Electronics,Phones,Samsung A12,1181.85,4,0.3,210.37
EC-2021-001229,11/1/2021,11/2/2021,Standard Class,C-17992,Maria Garcia,Home Office,United States,Austin,Texas,South,P-029,Office Supplies,Art,Pencil Set,192.78,4,0.1,60.69
EC-2023-001230,5/9/2023,5/11/2023,Second Class,C-55093,Emily Davis,Consumer,United States,San Diego,California,West,P-030,Office Supplies,Envelopes,Letter Envelopes,213.87,3,0.1,45.63
EC-2021-001231,2/23/2021,2/26/2021,Second Class,C-79393,Emily Davis,Consumer,United States,Austin,Texas,South,P-036,Clothing,Jackets,Windbreaker,407.79,3,0,119.32
EC-2022-001232,5/23/2022,5/29/2022,Second Class,C-56504,James Lee,Corporate,United States,Houston,Texas,South,P-016,Furniture,Tables,Dining Table,763.7,2,0.2,232.13
EC-2022-001233,10/14/2022,10/21/2022,Second Class,C-34672,Sara Wilson,Home Office,United States,Philadelphia,Pennsylvania,East,P-018,Furniture,Tables,Desk,1069.92,3,0.2,234.4
EC-2021-001234,3/19/2021,3/20/2021,Standard Class,C-36406,James Lee,Consumer,United States,New York,New York,East,P-027,Office Supplies,Binders,Report Cover,25.96,4,0,3.88
EC-2021-001235,5/2/2021,5/3/2021,Standard Class,C-96787,Michael Chen,Home Office,United States,Chicago,Illinois,Central,P-027,Office Supplies,Binders,Report Cover,315.4,5,0,106.66
EC-2022-001236,10/23/2022,10/25/2022,Same Day,C-83659,Emily Davis,Home Office,United States,Chicago,Illinois,Central,P-008,Electronics,Laptops,Dell Inspiron,1802.86,4,0.3,261.75
EC-2022-001237,9/21/2022,9/27/2022,Standard Class,C-14244,James Lee,Consumer,United States,Phoenix,Arizona,West,P-017,Furniture,Tables,Coffee Table,2065.45,5,0.1,630.43
EC-2023-001238,10/14/2023,10/16/2023,Second Class,C-97821,Emily Davis,Home Office,United States,Philadelphia,Pennsylvania,East,P-026,Office Supplies,Binders,3-Ring Binder,68.55,3,0,-4.95
EC-2022-001239,3/6/2022,3/8/2022,First Class,C-65004,James Lee,Corporate,United States,Los Angeles,California,West,P-033,Clothing,Shirts,Polo Shirt,121.25,1,0,20.1
EC-2022-001240,12/21/2022,12/26/2022,Same Day,C-31319,Sara Wilson,Consumer,United States,San Antonio,Texas,South,P-039,Clothing,Accessories,Wallet,425.18,5,0.3,-11.8
EC-2021-001241,2/11/2021,2/14/2021,Second Class,C-22203,Emily Davis,Consumer,United States,Phoenix,Arizona,West,P-002,Electronics,Phones,Samsung A12,1225.44,4,0,330.37
EC-2024-001242,8/31/2024,9/2/2024,Standard Class,C-82628,Carlos Rivera,Corporate,United States,Austin,Texas,South,P-033,Clothing,Shirts,Polo Shirt,66.69,3,0,22.83
EC-2021-001243,7/16/2021,7/17/2021,Same Day,C-96772,Sara Wilson,Home Office,United States,San Antonio,Texas,South,P-028,Office Supplies,Art,Markers Set,49.56,3,0,8.84
EC-2022-001244,2/28/2022,3/2/2022,Same Day,C-44734,Maria Garcia,Consumer,United States,Phoenix,Arizona,West,P-013,Furniture,Chairs,Office Chair,1400.65,3,0.1,267.92
EC-2023-001245,2/21/2023,2/24/2023,Second Class,C-83956,John Smith,Corporate,United States,Chicago,Illinois,Central,P-035,Clothing,Shoes,Casual Sneakers,202.16,4,0,23.83
EC-2024-001246,9/30/2024,10/3/2024,Standard Class,C-72236,Anna Brown,Corporate,United States,San Diego,California,West,P-013,Furniture,Chairs,Office Chair,1177.18,4,0.2,206.7
EC-2023-001247,3/20/2023,3/27/2023,Standard Class,C-37772,Anna Brown,Home Office,United States,New York,New York,East,P-036,Clothing,Jackets,Windbreaker,124.96,4,0,-4.18
EC-2021-001248,6/10/2021,6/16/2021,Standard Class,C-21406,Michael Chen,Consumer,United States,San Antonio,Texas,South,P-014,Furniture,Chairs,Gaming Chair,1541.22,3,0,-149.46
EC-2023-001249,12/1/2023,12/5/2023,Same Day,C-23133,Maria Garcia,Home Office,United States,New York,New York,East,P-037,Clothing,Jackets,Hoodie,60.38,2,0,13.28
EC-2022-001250,12/6/2022,12/10/2022,Same Day,C-28855,Michael Chen,Corporate,United States,Phoenix,Arizona,West,P-009,Electronics,Laptops,Lenovo IdeaPad,1916.08,4,0,194.79
EC-2024-001251,11/15/2024,11/17/2024,Same Day,C-50756,Carlos Rivera,Home Office,United States,New York,New York,East,P-011,Electronics,Tablets,Samsung Tab,2221.89,3,0,336.3
EC-2021-001252,10/3/2021,10/6/2021,First Class,C-37707,Michael Chen,Corporate,United States,Dallas,Texas,South,P-032,Clothing,Shirts,Cotton T-Shirt,396.87,5,0.3,30.47
EC-2023-001253,11/22/2023,11/29/2023,First Class,C-84537,John Smith,Consumer,United States,Chicago,Illinois,Central,P-036,Clothing,Jackets,Windbreaker,443.16,4,0,125.93
EC-2021-001254,4/29/2021,5/1/2021,Second Class,C-76207,Michael Chen,Corporate,United States,New York,New York,East,P-016,Furniture,Tables,Dining Table,1114.76,2,0,178.93
EC-2023-001255,2/2/2023,2/6/2023,Standard Class,C-31432,Carlos Rivera,Corporate,United States,Austin,Texas,South,P-001,Electronics,Phones,Nokia 3310,2465.25,4,0.2,531.02
EC-2023-001256,3/3/2023,3/4/2023,Standard Class,C-63674,John Smith,Home Office,United States,Chicago,Illinois,Central,P-007,Electronics,Laptops,HP 15,969.96,2,0.3,108.65
EC-2024-001257,8/18/2024,8/20/2024,Standard Class,C-46094,Michael Chen,Consumer,United States,Austin,Texas,South,P-010,Electronics,Tablets,iPad Mini,502.51,3,0.3,170.91
EC-2022-001258,6/1/2022,6/3/2022,Same Day,C-83591,Carlos Rivera,Corporate,United States,Dallas,Texas,South,P-037,Clothing,Jackets,Hoodie,75.13,1,0.2,26.28
EC-2021-001259,5/11/2021,5/14/2021,First Class,C-49163,Anna Brown,Home Office,United States,Phoenix,Arizona,West,P-024,Office Supplies,Paper,Notebook,146.18,3,0.3,38.49
EC-2024-001260,5/13/2024,5/17/2024,Standard Class,C-63031,Michael Chen,Home Office,United States,Philadelphia,Pennsylvania,East,P-016,Furniture,Tables,Dining Table,1820.28,4,0,232.68
EC-2024-001261,12/31/2024,1/2/2025,Same Day,C-96194,James Lee,Home Office,United States,San Diego,California,West,P-039,Electronics,Accessories,Wallet,1751.74,3,0.2,-24.53
EC-2021-001262,9/20/2021,9/26/2021,Standard Class,C-39272,Carlos Rivera,Home Office,United States,Phoenix,Arizona,West,P-024,Office Supplies,Paper,Notebook,159.64,3,0.3,12.26
EC-2022-001263,6/18/2022,6/23/2022,Second Class,C-71894,Anna Brown,Corporate,United States,Phoenix,Arizona,West,P-037,Clothing,Jackets,Hoodie,314.08,5,0.2,-31.4
EC-2022-001264,9/4/2022,9/8/2022,Standard Class,C-28772,Emily Davis,Consumer,United States,New York,New York,East,P-012,Electronics,Tablets,Fire HD,2144.5,3,0.1,742.33
EC-2022-001265,11/13/2022,11/19/2022,Second Class,C-85534,James Lee,Corporate,United States,Chicago,Illinois,Central,P-014,Furniture,Chairs,Gaming Chair,247.35,3,0,-6.89
EC-2024-001266,6/12/2024,6/16/2024,Same Day,C-58903,John Smith,Corporate,United States,San Antonio,Texas,South,P-032,Clothing,Shirts,Cotton T-Shirt,581.28,4,0,-3.56
EC-2024-001267,10/17/2024,10/18/2024,First Class,C-31891,Maria Garcia,Consumer,United States,Houston,Texas,South,P-026,Office Supplies,Binders,3-Ring Binder,25.57,1,0.1,5.14
EC-2023-001268,7/23/2023,7/29/2023,First Class,C-57087,Anna Brown,Home Office,United States,San Diego,California,West,P-008,Electronics,Laptops,Dell Inspiron,750.5,2,0,261.81
EC-2022-001269,4/13/2022,4/15/2022,Second Class,C-14897,Michael Chen,Consumer,United States,Chicago,Illinois,Central,P-021,Furniture,Storage,Cabinet,773.28,2,0,123.71
EC-2021-001270,4/9/2021,4/15/2021,Second Class,C-81733,Carlos Rivera,Home Office,United States,Los Angeles,California,West,P-025,Office Supplies,Paper,Sticky Notes,7.76,1,0.1,-0.43
EC-2024-001271,11/24/2024,11/30/2024,Same Day,C-27978,Michael Chen,Corporate,United States,New York,New York,East,P-034,Clothing,Shoes,Running Shoes,521.6,5,0,123.54
EC-2021-001272,8/22/2021,8/29/2021,Standard Class,C-63707,Carlos Rivera,Corporate,United States,Los Angeles,California,West,P-002,Electronics,Phones,Samsung A12,1216.2,3,0.2,415.86
EC-2023-001273,10/14/2023,10/16/2023,Standard Class,C-74763,James Lee,Corporate,United States,Dallas,Texas,South,P-015,Furniture,Chairs,Stool,81.42,1,0,24.47
EC-2021-001274,7/27/2021,7/30/2021,First Class,C-48085,Emily Davis,Corporate,United States,Houston,Texas,South,P-003,Electronics,Phones,iPhone SE,248.09,1,0,-21.88
EC-2021-001275,7/14/2021,7/21/2021,Standard Class,C-91501,Carlos Rivera,Consumer,United States,New York,New York,East,P-030,Office Supplies,Envelopes,Letter Envelopes,109.5,2,0,17.22
EC-2022-001276,1/10/2022,1/11/2022,Same Day,C-95045,James Lee,Corporate,United States,San Antonio,Texas,South,P-008,Electronics,Laptops,Dell Inspiron,710.84,4,0.3,216.95
EC-2021-001277,11/23/2021,11/24/2021,Same Day,C-90131,John Smith,Home Office,United States,San Antonio,Texas,South,P-038,Electronics,Accessories,Belt,2606.8,4,0,608.42
EC-2021-001278,8/20/2021,8/24/2021,Second Class,C-78788,Anna Brown,Consumer,United States,Dallas,Texas,South,P-022,Furniture,Storage,Drawer Unit,648.12,3,0,169.4
EC-2024-001279,9/17/2024,9/23/2024,First Class,C-90335,John Smith,Corporate,United States,Houston,Texas,South,P-024,Office Supplies,Paper,Notebook,219.12,4,0,66.11
EC-2023-001280,10/13/2023,10/20/2023,Same Day,C-82154,Michael Chen,Consumer,United States,Chicago,Illinois,Central,P-039,Electronics,Accessories,Wallet,871.44,3,0,-5.67
EC-2023-001281,7/30/2023,8/3/2023,Second Class,C-95638,John Smith,Corporate,United States,Austin,Texas,South,P-034,Clothing,Shoes,Running Shoes,522.56,4,0,44.74
EC-2021-001282,3/15/2021,3/20/2021,Second Class,C-83706,Anna Brown,Consumer,United States,San Diego,California,West,P-011,Electronics,Tablets,Samsung Tab,2253.44,5,0.3,318.59
EC-2021-001283,4/22/2021,4/29/2021,First Class,C-57617,Sara Wilson,Corporate,United States,Houston,Texas,South,P-037,Clothing,Jackets,Hoodie,362.48,5,0.2,69.57
EC-2022-001284,3/31/2022,4/1/2022,First Class,C-74542,James Lee,Corporate,United States,Philadelphia,Pennsylvania,East,P-003,Electronics,Phones,iPhone SE,967.62,3,0.3,-7.92
EC-2024-001285,6/5/2024,6/7/2024,Same Day,C-16094,Maria Garcia,Consumer,United States,Houston,Texas,South,P-033,Clothing,Shirts,Polo Shirt,61.74,2,0.3,9.35
EC-2023-001286,10/19/2023,10/20/2023,Second Class,C-33226,James Lee,Home Office,United States,San Diego,California,West,P-038,Clothing,Accessories,Belt,287.01,4,0.2,55.93
EC-2024-001287,9/8/2024,9/13/2024,Same Day,C-62149,Emily Davis,Corporate,United States,Austin,Texas,South,P-014,Furniture,Chairs,Gaming Chair,1041.98,5,0.3,290.41
EC-2021-001288,10/10/2021,10/14/2021,First Class,C-92913,Anna Brown,Home Office,United States,Austin,Texas,South,P-030,Office Supplies,Envelopes,Letter Envelopes,341.15,5,0,89.91
EC-2022-001289,8/19/2022,8/25/2022,Standard Class,C-52255,Maria Garcia,Home Office,United States,Philadelphia,Pennsylvania,East,P-018,Furniture,Tables,Desk,944.46,2,0.2,200.93
EC-2024-001290,10/12/2024,10/18/2024,Same Day,C-16955,John Smith,Corporate,United States,San Diego,California,West,P-031,Office Supplies,Envelopes,Bubble Mailer,328.1,5,0,-1.89
EC-2022-001291,8/10/2022,8/16/2022,Second Class,C-57013,Sara Wilson,Consumer,United States,Phoenix,Arizona,West,P-019,Furniture,Bookcases,5-Shelf Bookcase,1317.33,3,0,-109.11
EC-2022-001292,5/2/2022,5/7/2022,Second Class,C-50980,John Smith,Home Office,United States,Phoenix,Arizona,West,P-039,Electronics,Accessories,Wallet,2681.5,4,0.1,903.69
EC-2024-001293,6/24/2024,7/1/2024,First Class,C-35362,Carlos Rivera,Consumer,United States,Dallas,Texas,South,P-007,Electronics,Laptops,HP 15,2157.15,5,0.3,498.34
EC-2022-001294,1/18/2022,1/20/2022,Same Day,C-86544,Carlos Rivera,Consumer,United States,San Diego,California,West,P-034,Clothing,Shoes,Running Shoes,49.18,3,0.2,-0.64
EC-2024-001295,12/24/2024,12/26/2024,First Class,C-82110,Emily Davis,Consumer,United States,New York,New York,East,P-008,Electronics,Laptops,Dell Inspiron,1741.81,5,0.3,244.46
EC-2022-001296,3/27/2022,3/29/2022,Standard Class,C-37964,Emily Davis,Consumer,United States,San Diego,California,West,P-009,Electronics,Laptops,Lenovo IdeaPad,1628.78,5,0.1,-12.64
EC-2022-001297,3/24/2022,3/31/2022,Same Day,C-41502,Anna Brown,Home Office,United States,Austin,Texas,South,P-029,Office Supplies,Art,Pencil Set,79.75,1,0,19.99
EC-2021-001298,8/21/2021,8/25/2021,First Class,C-68400,Sara Wilson,Home Office,United States,Phoenix,Arizona,West,P-008,Electronics,Laptops,Dell Inspiron,342.65,5,0,70.0
EC-2022-001299,1/30/2022,2/2/2022,Second Class,C-37627,Anna Brown,Consumer,United States,San Diego,California,West,P-009,Electronics,Laptops,Lenovo IdeaPad,702.2,5,0.2,-11.0
EC-2024-001300,1/7/2024,1/14/2024,Second Class,C-14965,Maria Garcia,Home Office,United States,San Antonio,Texas,South,P-032,Clothing,Shirts,Cotton T-Shirt,231.66,2,0,43.5
EC-2022-001301,5/31/2022,6/5/2022,Standard Class,C-66757,Emily Davis,Home Office,United States,Los Angeles,California,West,P-001,Electronics,Phones,Nokia 3310,2639.66,4,0.1,489.23
EC-2021-001302,8/31/2021,9/5/2021,Second Class,C-56884,Maria Garcia,Home Office,United States,New York,New York,East,P-012,Electronics,Tablets,Fire HD,3084.85,5,0,-240.86
EC-2022-001303,7/31/2022,8/7/2022,Same Day,C-27875,Michael Chen,Corporate,United States,Dallas,Texas,South,P-028,Office Supplies,Art,Markers Set,59.99,1,0.1,-0.58
EC-2024-001304,10/19/2024,10/26/2024,Standard Class,C-81765,Maria Garcia,Consumer,United States,Philadelphia,Pennsylvania,East,P-027,Office Supplies,Binders,Report Cover,11.39,1,0.2,2.61
EC-2022-001305,3/10/2022,3/14/2022,Standard Class,C-97946,John Smith,Consumer,United States,San Diego,California,West,P-027,Office Supplies,Binders,Report Cover,94.0,5,0,-1.02
EC-2024-001306,10/7/2024,10/8/2024,Standard Class,C-95914,Anna Brown,Consumer,United States,Phoenix,Arizona,West,P-033,Clothing,Shirts,Polo Shirt,451.8,4,0,71.0
EC-2021-001307,5/23/2021,5/25/2021,Same Day,C-84299,Emily Davis,Corporate,United States,Philadelphia,Pennsylvania,East,P-009,Electronics,Laptops,Lenovo IdeaPad,622.15,3,0.3,140.14
EC-2021-001308,1/10/2021,1/13/2021,Same Day,C-72908,Sara Wilson,Consumer,United States,Houston,Texas,South,P-030,Office Supplies,Envelopes,Letter Envelopes,77.25,3,0,19.61
EC-2023-001309,9/25/2023,9/30/2023,Second Class,C-92132,Maria Garcia,Consumer,United States,Los Angeles,California,West,P-037,Clothing,Jackets,Hoodie,205.82,2,0.2,22.42
EC-2024-001310,7/17/2024,7/18/2024,Same Day,C-80736,Sara Wilson,Home Office,United States,Austin,Texas,South,P-003,Electronics,Phones,iPhone SE,1253.8,2,0,270.17
EC-2022-001311,4/3/2022,4/10/2022,First Class,C-75820,John Smith,Home Office,United States,Austin,Texas,South,P-020,Furniture,Bookcases,3-Shelf Bookcase,598.48,5,0.2,46.18
EC-2021-001312,10/15/2021,10/19/2021,Standard Class,C-40375,Maria Garcia,Consumer,United States,Chicago,Illinois,Central,P-018,Furniture,Tables,Desk,1850.72,4,0,114.98
EC-2021-001313,3/29/2021,4/4/2021,First Class,C-52476,Maria Garcia,Home Office,United States,Houston,Texas,South,P-028,Office Supplies,Art,Markers Set,136.44,4,0,8.46
EC-2023-001314,2/11/2023,2/17/2023,Second Class,C-55224,Sara Wilson,Corporate,United States,San Antonio,Texas,South,P-028,Office Supplies,Art,Markers Set,175.0,4,0,35.86
EC-2023-001315,6/20/2023,6/22/2023,First Class,C-25509,Anna Brown,Consumer,United States,Houston,Texas,South,P-032,Clothing,Shirts,Cotton T-Shirt,87.1,2,0,13.82
EC-2023-001316,9/14/2023,9/20/2023,Standard Class,C-85168,James Lee,Corporate,United States,Dallas,Texas,South,P-036,Clothing,Jackets,Windbreaker,379.04,4,0,-4.67
EC-2021-001317,10/28/2021,10/29/2021,Standard Class,C-12440,Carlos Rivera,Corporate,United States,Chicago,Illinois,Central,P-015,Furniture,Chairs,Stool,1115.68,4,0.2,380.19
EC-2024-001318,5/27/2024,5/31/2024,Standard Class,C-91685,Carlos Rivera,Consumer,United States,Dallas,Texas,South,P-039,Electronics,Accessories,Wallet,3363.85,5,0,-97.01
EC-2024-001319,5/6/2024,5/11/2024,Same Day,C-99701,Michael Chen,Consumer,United States,Los Angeles,California,West,P-020,Furniture,Bookcases,3-Shelf Bookcase,280.44,1,0,31.05
EC-2023-001320,9/2/2023,9/7/2023,Second Class,C-98940,Michael Chen,Consumer,United States,Austin,Texas,South,P-013,Furniture,Chairs,Office Chair,205.54,2,0.2,-13.06
EC-2024-001321,11/29/2024,12/4/2024,Same Day,C-85513,Maria Garcia,Consumer,United States,San Antonio,Texas,South,P-036,Clothing,Jackets,Windbreaker,486.36,4,0,110.26
EC-2023-001322,9/5/2023,9/12/2023,First Class,C-10932,Maria Garcia,Consumer,United States,Houston,Texas,South,P-035,Clothing,Shoes,Casual Sneakers,430.96,5,0.1,-16.46
EC-2022-001323,2/25/2022,3/3/2022,First Class,C-80268,Michael Chen,Corporate,United States,Philadelphia,Pennsylvania,East,P-012,Electronics,Tablets,Fire HD,363.83,4,0.3,82.08
EC-2022-001324,2/22/2022,2/26/2022,Same Day,C-85713,Emily Davis,Home Office,United States,San Diego,California,West,P-029,Office Supplies,Art,Pencil Set,73.6,5,0.2,14.36
EC-2022-001325,4/16/2022,4/20/2022,Standard Class,C-16822,James Lee,Consumer,United States,Chicago,Illinois,Central,P-034,Clothing,Shoes,Running Shoes,200.71,3,0.2,47.01
EC-2021-001326,10/25/2021,10/29/2021,Second Class,C-60374,Michael Chen,Corporate,United States,Austin,Texas,South,P-032,Clothing,Shirts,Cotton T-Shirt,47.3,2,0,-1.05
EC-2024-001327,8/4/2024,8/8/2024,Standard Class,C-76918,Anna Brown,Consumer,United States,Dallas,Texas,South,P-023,Office Supplies,Paper,A4 Ream,343.95,5,0,37.29
EC-2022-001328,5/5/2022,5/11/2022,Second Class,C-86818,Anna Brown,Consumer,United States,New York,New York,East,P-014,Furniture,Chairs,Gaming Chair,2393.36,4,0,600.49
EC-2024-001329,1/31/2024,2/3/2024,First Class,C-69606,Michael Chen,Home Office,United States,San Diego,California,West,P-001,Electronics,Phones,Nokia 3310,931.83,3,0,-21.61
EC-2023-001330,4/14/2023,4/19/2023,Second Class,C-80504,Carlos Rivera,Home Office,United States,Los Angeles,California,West,P-007,Electronics,Laptops,HP 15,1282.14,3,0,372.95
EC-2022-001331,5/14/2022,5/21/2022,Same Day,C-60157,Anna Brown,Corporate,United States,Philadelphia,Pennsylvania,East,P-039,Clothing,Accessories,Wallet,122.43,1,0.1,-3.12
EC-2022-001332,12/25/2022,12/30/2022,First Class,C-19965,James Lee,Consumer,United States,San Diego,California,West,P-020,Furniture,Bookcases,3-Shelf Bookcase,188.18,1,0.1,47.44
EC-2022-001333,3/24/2022,3/29/2022,Standard Class,C-37102,Anna Brown,Consumer,United States,Phoenix,Arizona,West,P-037,Clothing,Jackets,Hoodie,164.72,2,0,44.58
EC-2022-001334,12/31/2022,1/2/2023,Second Class,C-15539,Sara Wilson,Consumer,United States,Los Angeles,California,West,P-018,Furniture,Tables,Desk,1380.54,4,0.2,71.77
EC-2024-001335,3/22/2024,3/29/2024,Standard Class,C-26809,John Smith,Corporate,United States,Phoenix,Arizona,West,P-029,Office Supplies,Art,Pencil Set,394.15,5,0,66.75
EC-2023-001336,10/27/2023,10/30/2023,Standard Class,C-11103,John Smith,Home Office,United States,San Antonio,Texas,South,P-038,Clothing,Accessories,Belt,53.7,1,0.3,11.03
EC-2022-001337,10/29/2022,11/1/2022,Standard Class,C-54970,Emily Davis,Corporate,United States,Austin,Texas,South,P-021,Furniture,Storage,Cabinet,730.5,2,0,139.82
EC-2022-001338,3/8/2022,3/12/2022,Same Day,C-99916,Anna Brown,Corporate,United States,Philadelphia,Pennsylvania,East,P-022,Furniture,Storage,Drawer Unit,360.66,2,0.2,32.22
EC-2024-001339,2/12/2024,2/16/2024,Standard Class,C-65249,Sara Wilson,Consumer,United States,San Antonio,Texas,South,P-007,Electronics,Laptops,HP 15,1170.05,2,0.1,-34.13
EC-2022-001340,9/7/2022,9/10/2022,Second Class,C-72460,Maria Garcia,Home Office,United States,San Diego,California,West,P-020,Furniture,Bookcases,3-Shelf Bookcase,574.34,2,0,65.84
EC-2023-001341,1/10/2023,1/13/2023,First Class,C-89374,Anna Brown,Home Office,United States,San Diego,California,West,P-037,Clothing,Jackets,Hoodie,245.84,4,0,38.19
EC-2022-001342,10/28/2022,11/3/2022,Same Day,C-28985,James Lee,Corporate,United States,San Diego,California,West,P-020,Furniture,Bookcases,3-Shelf Bookcase,1736.35,4,0.2,236.07
EC-2021-001343,5/27/2021,5/28/2021,Standard Class,C-61833,Carlos Rivera,Corporate,United States,Chicago,Illinois,Central,P-031,Office Supplies,Envelopes,Bubble Mailer,59.87,3,0.3,7.8
EC-2023-001344,4/28/2023,4/30/2023,Standard Class,C-37600,James Lee,Consumer,United States,Chicago,Illinois,Central,P-037,Clothing,Jackets,Hoodie,237.82,3,0.3,-18.56
EC-2021-001345,5/11/2021,5/15/2021,Second Class,C-30352,Maria Garcia,Consumer,United States,San Diego,California,West,P-032,Clothing,Shirts,Cotton T-Shirt,595.4,5,0,48.33
EC-2022-001346,5/22/2022,5/28/2022,Standard Class,C-52624,Sara Wilson,Corporate,United States,Phoenix,Arizona,West,P-036,Clothing,Jackets,Windbreaker,65.44,2,0,3.96
EC-2021-001347,10/4/2021,10/10/2021,Same Day,C-79964,Carlos Rivera,Consumer,United States,San Diego,California,West,P-037,Clothing,Jackets,Hoodie,450.86,5,0.1,93.35
EC-2021-001348,7/3/2021,7/7/2021,Same Day,C-55073,Carlos Rivera,Corporate,United States,Phoenix,Arizona,West,P-030,Office Supplies,Envelopes,Letter Envelopes,73.47,3,0,-0.37
EC-2023-001349,9/5/2023,9/8/2023,First Class,C-83472,Michael Chen,Corporate,United States,New York,New York,East,P-033,Clothing,Shirts,Polo Shirt,76.48,1,0.2,12.4
EC-2024-001350,8/15/2024,8/19/2024,First Class,C-99737,Carlos Rivera,Consumer,United States,San Antonio,Texas,South,P-034,Clothing,Shoes,Running Shoes,41.1,2,0.2,11.48
EC-2022-001351,1/21/2022,1/28/2022,Standard Class,C-91625,Sara Wilson,Consumer,United States,Los Angeles,California,West,P-029,Office Supplies,Art,Pencil Set,85.5,4,0.2,15.89
EC-2021-001352,11/8/2021,11/9/2021,Standard Class,C-11075,Anna Brown,Consumer,United States,San Diego,California,West,P-019,Furniture,Bookcases,5-Shelf Bookcase,1756.83,3,0,153.74
EC-2023-001353,10/8/2023,10/10/2023,First Class,C-53286,Maria Garcia,Corporate,United States,Philadelphia,Pennsylvania,East,P-038,Electronics,Accessories,Belt,2557.16,4,0,-145.07
EC-2023-001354,3/15/2023,3/16/2023,Standard Class,C-42631,Michael Chen,Corporate,United States,San Diego,California,West,P-014,Furniture,Chairs,Gaming Chair,485.84,3,0.1,-43.5
EC-2022-001355,2/12/2022,2/16/2022,Standard Class,C-15529,Maria Garcia,Home Office,United States,Los Angeles,California,West,P-034,Clothing,Shoes,Running Shoes,236.49,3,0,23.08
EC-2022-001356,2/11/2022,2/14/2022,Standard Class,C-31936,Carlos Rivera,Home Office,United States,New York,New York,East,P-031,Office Supplies,Envelopes,Bubble Mailer,109.2,2,0.3,-5.9
EC-2021-001357,1/19/2021,1/20/2021,Same Day,C-30669,Sara Wilson,Home Office,United States,Austin,Texas,South,P-010,Electronics,Tablets,iPad Mini,1132.6,2,0,-31.85
EC-2021-001358,5/3/2021,5/4/2021,Standard Class,C-83184,Emily Davis,Home Office,United States,Philadelphia,Pennsylvania,East,P-009,Electronics,Laptops,Lenovo IdeaPad,576.0,1,0,113.1
EC-2024-001359,11/12/2024,11/16/2024,Standard Class,C-48628,Sara Wilson,Home Office,United States,Philadelphia,Pennsylvania,East,P-034,Clothing,Shoes,Running Shoes,43.96,1,0.1,11.52
EC-2022-001360,12/14/2022,12/17/2022,Standard Class,C-80989,Emily Davis,Corporate,United States,Dallas,Texas,South,P-018,Furniture,Tables,Desk,208.48,2,0.1,28.92
EC-2022-001361,1/15/2022,1/16/2022,Standard Class,C-34886,Sara Wilson,Corporate,United States,Austin,Texas,South,P-033,Clothing,Shirts,Polo Shirt,40.8,1,0.3,13.88
EC-2023-001362,4/20/2023,4/26/2023,Second Class,C-33414,John Smith,Consumer,United States,Philadelphia,Pennsylvania,East,P-020,Furniture,Bookcases,3-Shelf Bookcase,352.06,1,0,-10.58
EC-2022-001363,1/28/2022,1/29/2022,Same Day,C-16433,Emily Davis,Home Office,United States,New York,New York,East,P-014,Furniture,Chairs,Gaming Chair,1688.48,5,0.2,439.67
EC-2022-001364,3/4/2022,3/10/2022,Same Day,C-58374,John Smith,Consumer,United States,Dallas,Texas,South,P-013,Furniture,Chairs,Office Chair,496.53,1,0,107.95
EC-2021-001365,5/25/2021,6/1/2021,Standard Class,C-60506,Anna Brown,Consumer,United States,Phoenix,Arizona,West,P-025,Office Supplies,Paper,Sticky Notes,77.04,1,0,20.61
EC-2024-001366,7/4/2024,7/6/2024,Same Day,C-97194,Michael Chen,Home Office,United States,San Diego,California,West,P-018,Furniture,Tables,Desk,2339.9,5,0,590.47
EC-2024-001367,2/1/2024,2/5/2024,Standard Class,C-82100,Emily Davis,Corporate,United States,San Diego,California,West,P-038,Electronics,Accessories,Belt,2026.94,5,0.1,669.0
EC-2022-001368,10/25/2022,10/30/2022,Standard Class,C-68654,Michael Chen,Home Office,United States,Houston,Texas,South,P-031,Office Supplies,Envelopes,Bubble Mailer,115.95,5,0.3,14.64
EC-2024-001369,5/5/2024,5/6/2024,First Class,C-46170,James Lee,Consumer,United States,San Diego,California,West,P-002,Electronics,Phones,Samsung A12,109.86,2,0,-10.11
EC-2022-001370,12/30/2022,1/1/2023,First Class,C-22046,Michael Chen,Corporate,United States,Chicago,Illinois,Central,P-002,Electronics,Phones,Samsung A12,1434.44,2,0,181.99
EC-2022-001371,10/27/2022,11/3/2022,Same Day,C-14898,Michael Chen,Consumer,United States,Dallas,Texas,South,P-015,Furniture,Chairs,Stool,2546.85,5,0,582.13
EC-2022-001372,12/14/2022,12/21/2022,Second Class,C-11498,Michael Chen,Corporate,United States,San Antonio,Texas,South,P-002,Electronics,Phones,Samsung A12,983.28,2,0.3,241.72
EC-2021-001373,3/26/2021,3/29/2021,Standard Class,C-61495,Sara Wilson,Home Office,United States,San Diego,California,West,P-009,Electronics,Laptops,Lenovo IdeaPad,590.24,2,0,38.46
EC-2022-001374,8/17/2022,8/24/2022,Standard Class,C-62322,Carlos Rivera,Consumer,United States,San Antonio,Texas,South,P-039,Electronics,Accessories,Wallet,966.82,4,0.2,264.52
EC-2023-001375,6/9/2023,6/16/2023,Same Day,C-83553,Anna Brown,Consumer,United States,Chicago,Illinois,Central,P-012,Electronics,Tablets,Fire HD,1690.09,4,0.1,-41.52
EC-2023-001376,5/31/2023,6/3/2023,Second Class,C-55157,John Smith,Consumer,United States,Austin,Texas,South,P-014,Furniture,Chairs,Gaming Chair,1717.24,4,0,265.3
EC-2024-001377,6/16/2024,6/23/2024,Standard Class,C-21247,Maria Garcia,Home Office,United States,Dallas,Texas,South,P-027,Office Supplies,Binders,Report Cover,76.06,2,0,-1.94
EC-2022-001378,8/13/2022,8/14/2022,Second Class,C-80517,Anna Brown,Home Office,United States,Philadelphia,Pennsylvania,East,P-038,Electronics,Accessories,Belt,1115.36,4,0,166.82
EC-2024-001379,6/29/2024,7/5/2024,Second Class,C-47226,Anna Brown,Home Office,United States,Chicago,Illinois,Central,P-020,Furniture,Bookcases,3-Shelf Bookcase,1379.2,5,0,-52.4
EC-2024-001380,9/2/2024,9/3/2024,First Class,C-60662,Anna Brown,Corporate,United States,Los Angeles,California,West,P-024,Office Supplies,Paper,Notebook,164.16,3,0,9.15
EC-2023-001381,9/20/2023,9/27/2023,Second Class,C-12816,John Smith,Home Office,United States,Austin,Texas,South,P-033,Clothing,Shirts,Polo Shirt,180.77,5,0.1,39.45
EC-2023-001382,10/1/2023,10/5/2023,First Class,C-46159,John Smith,Consumer,United States,Chicago,Illinois,Central,P-020,Furniture,Bookcases,3-Shelf Bookcase,915.26,3,0.3,128.78
EC-2024-001383,2/11/2024,2/14/2024,First Class,C-98866,Anna Brown,Consumer,United States,Houston,Texas,South,P-030,Office Supplies,Envelopes,Letter Envelopes,144.58,2,0,38.89
EC-2023-001384,5/24/2023,5/27/2023,Same Day,C-99659,Anna Brown,Corporate,United States,Austin,Texas,South,P-034,Clothing,Shoes,Running Shoes,123.48,2,0.3,11.31
EC-2023-001385,5/31/2023,6/7/2023,Standard Class,C-34134,Emily Davis,Home Office,United States,Chicago,Illinois,Central,P-019,Furniture,Bookcases,5-Shelf Bookcase,980.4,5,0.2,-98.41
EC-2023-001386,4/28/2023,5/2/2023,First Class,C-90213,Carlos Rivera,Corporate,United States,Phoenix,Arizona,West,P-014,Furniture,Chairs,Gaming Chair,318.04,2,0,-8.54
EC-2024-001387,11/8/2024,11/9/2024,Same Day,C-34114,Michael Chen,Consumer,United States,Philadelphia,Pennsylvania,East,P-016,Furniture,Tables,Dining Table,673.78,5,0.1,177.61
EC-2021-001388,12/2/2021,12/4/2021,Same Day,C-97993,Anna Brown,Consumer,United States,Houston,Texas,South,P-038,Clothing,Accessories,Belt,118.21,1,0,-3.96
EC-2023-001389,6/19/2023,6/26/2023,First Class,C-89682,Michael Chen,Corporate,United States,Austin,Texas,South,P-013,Furniture,Chairs,Office Chair,955.3,2,0.1,-49.14
EC-2023-001390,12/3/2023,12/4/2023,Second Class,C-15144,Michael Chen,Corporate,United States,Dallas,Texas,South,P-030,Office Supplies,Envelopes,Letter Envelopes,113.33,2,0.2,23.95
EC-2023-001391,6/20/2023,6/24/2023,Same Day,C-77760,James Lee,Corporate,United States,Phoenix,Arizona,West,P-039,Electronics,Accessories,Wallet,419.66,3,0.2,136.69
EC-2023-001392,10/23/2023,10/24/2023,Standard Class,C-87373,Anna Brown,Home Office,United States,Chicago,Illinois,Central,P-038,Clothing,Accessories,Belt,183.76,3,0.1,10.56
EC-2022-001393,10/26/2022,11/1/2022,Second Class,C-60343,James Lee,Home Office,United States,Chicago,Illinois,Central,P-033,Clothing,Shirts,Polo Shirt,76.47,4,0.3,12.15
EC-2021-001394,12/16/2021,12/19/2021,Standard Class,C-64995,Carlos Rivera,Home Office,United States,Austin,Texas,South,P-038,Clothing,Accessories,Belt,73.78,2,0,-6.21
EC-2024-001395,7/6/2024,7/8/2024,Standard Class,C-81237,John Smith,Consumer,United States,Los Angeles,California,West,P-031,Office Supplies,Envelopes,Bubble Mailer,15.78,3,0,2.96
EC-2024-001396,4/20/2024,4/26/2024,Same Day,C-46452,Anna Brown,Corporate,United States,Dallas,Texas,South,P-034,Clothing,Shoes,Running Shoes,298.6,5,0.2,15.52
EC-2021-001397,4/23/2021,4/29/2021,Standard Class,C-16426,Maria Garcia,Consumer,United States,Philadelphia,Pennsylvania,East,P-038,Electronics,Accessories,Belt,2761.48,5,0.2,-115.59
EC-2024-001398,10/8/2024,10/11/2024,Standard Class,C-49229,Emily Davis,Home Office,United States,Austin,Texas,South,P-034,Clothing,Shoes,Running Shoes,727.25,5,0,-71.88
EC-2023-001399,5/26/2023,6/2/2023,First Class,C-79081,Michael Chen,Consumer,United States,San Diego,California,West,P-030,Office Supplies,Envelopes,Letter Envelopes,28.22,1,0.3,8.69
EC-2021-001400,4/30/2021,5/1/2021,Second Class,C-51482,Carlos Rivera,Home Office,United States,Austin,Texas,South,P-018,Furniture,Tables,Desk,1160.25,5,0.3,157.98
EC-2023-001401,12/1/2023,12/7/2023,Standard Class,C-10207,Maria Garcia,Corporate,United States,Dallas,Texas,South,P-027,Office Supplies,Binders,Report Cover,99.78,2,0.3,-1.37
EC-2021-001402,8/30/2021,9/5/2021,Same Day,C-37831,John Smith,Home Office,United States,Houston,Texas,South,P-012,Electronics,Tablets,Fire HD,1081.59,3,0,235.92
EC-2021-001403,5/19/2021,5/22/2021,First Class,C-84569,John Smith,Home Office,United States,Phoenix,Arizona,West,P-020,Furniture,Bookcases,3-Shelf Bookcase,335.2,1,0.3,50.27
EC-2022-001404,11/24/2022,11/30/2022,Second Class,C-53923,Sara Wilson,Corporate,United States,Dallas,Texas,South,P-017,Furniture,Tables,Coffee Table,1662.96,4,0,396.05
EC-2024-001405,3/3/2024,3/9/2024,Second Class,C-46760,John Smith,Home Office,United States,Philadelphia,Pennsylvania,East,P-033,Clothing,Shirts,Polo Shirt,129.36,3,0,-0.9
EC-2024-001406,3/15/2024,3/20/2024,Second Class,C-14145,Carlos Rivera,Consumer,United States,San Antonio,Texas,South,P-030,Office Supplies,Envelopes,Letter Envelopes,146.66,3,0.3,45.08
EC-2022-001407,5/2/2022,5/5/2022,Standard Class,C-36489,Maria Garcia,Corporate,United States,Dallas,Texas,South,P-033,Clothing,Shirts,Polo Shirt,171.78,2,0,-8.36
EC-2023-001408,10/22/2023,10/24/2023,Same Day,C-22878,James Lee,Corporate,United States,Houston,Texas,South,P-033,Clothing,Shirts,Polo Shirt,569.4,5,0,-16.09
EC-2023-001409,3/5/2023,3/11/2023,Second Class,C-53684,Sara Wilson,Consumer,United States,San Diego,California,West,P-014,Furniture,Chairs,Gaming Chair,169.2,1,0.3,-15.45
EC-2024-001410,9/11/2024,9/17/2024,First Class,C-46261,Emily Davis,Consumer,United States,Phoenix,Arizona,West,P-003,Electronics,Phones,iPhone SE,1058.28,2,0,116.59
EC-2021-001411,11/2/2021,11/4/2021,Second Class,C-55916,Emily Davis,Consumer,United States,Phoenix,Arizona,West,P-033,Clothing,Shirts,Polo Shirt,577.48,5,0.2,46.61
EC-2024-001412,3/21/2024,3/23/2024,First Class,C-13800,Sara Wilson,Consumer,United States,Chicago,Illinois,Central,P-027,Office Supplies,Binders,Report Cover,122.38,3,0.2,-2.24
EC-2021-001413,4/21/2021,4/22/2021,Standard Class,C-68436,Emily Davis,Corporate,United States,San Antonio,Texas,South,P-002,Electronics,Phones,Samsung A12,2024.79,5,0.3,609.16
EC-2024-001414,12/31/2024,1/7/2025,Same Day,C-50683,Sara Wilson,Consumer,United States,San Diego,California,West,P-028,Office Supplies,Art,Markers Set,33.31,1,0.3,6.34
EC-2021-001415,10/22/2021,10/29/2021,First Class,C-18567,Sara Wilson,Corporate,United States,Austin,Texas,South,P-034,Clothing,Shoes,Running Shoes,203.79,3,0,-11.37
EC-2023-001416,8/3/2023,8/10/2023,First Class,C-24022,Emily Davis,Corporate,United States,Chicago,Illinois,Central,P-008,Electronics,Laptops,Dell Inspiron,805.33,2,0.2,65.13
EC-2023-001417,8/3/2023,8/7/2023,Standard Class,C-18658,Emily Davis,Corporate,United States,Austin,Texas,South,P-009,Electronics,Laptops,Lenovo IdeaPad,2578.3,5,0,882.21
EC-2024-001418,3/7/2024,3/14/2024,Standard Class,C-73783,Maria Garcia,Home Office,United States,Philadelphia,Pennsylvania,East,P-022,Furniture,Storage,Drawer Unit,119.0,1,0.3,39.18
EC-2023-001419,7/1/2023,7/3/2023,Second Class,C-96529,John Smith,Corporate,United States,Phoenix,Arizona,West,P-036,Clothing,Jackets,Windbreaker,430.92,5,0.1,63.87
EC-2024-001420,4/4/2024,4/11/2024,Standard Class,C-35646,Anna Brown,Consumer,United States,New York,New York,East,P-038,Electronics,Accessories,Belt,1052.27,3,0.1,246.94
EC-2023-001421,6/10/2023,6/16/2023,Second Class,C-18180,Emily Davis,Consumer,United States,Philadelphia,Pennsylvania,East,P-029,Office Supplies,Art,Pencil Set,228.87,5,0.1,69.64
EC-2024-001422,2/21/2024,2/28/2024,First Class,C-91948,Emily Davis,Consumer,United States,Philadelphia,Pennsylvania,East,P-003,Electronics,Phones,iPhone SE,1258.67,2,0.1,328.09
EC-2023-001423,6/11/2023,6/16/2023,Standard Class,C-64687,James Lee,Home Office,United States,Houston,Texas,South,P-039,Clothing,Accessories,Wallet,126.58,2,0.2,20.93
EC-2021-001424,1/24/2021,1/25/2021,Same Day,C-69772,Michael Chen,Consumer,United States,New York,New York,East,P-026,Office Supplies,Binders,3-Ring Binder,108.68,2,0,9.91
EC-2024-001425,2/5/2024,2/12/2024,First Class,C-41031,Carlos Rivera,Corporate,United States,Dallas,Texas,South,P-022,Furniture,Storage,Drawer Unit,631.65,4,0.2,32.99
EC-2021-001426,3/19/2021,3/24/2021,First Class,C-78997,Carlos Rivera,Home Office,United States,Dallas,Texas,South,P-036,Clothing,Jackets,Windbreaker,84.78,4,0.3,6.28
EC-2022-001427,5/18/2022,5/22/2022,First Class,C-69511,Sara Wilson,Home Office,United States,Los Angeles,California,West,P-032,Clothing,Shirts,Cotton T-Shirt,234.62,3,0.2,66.53
EC-2022-001428,8/27/2022,8/30/2022,First Class,C-85778,James Lee,Consumer,United States,Chicago,Illinois,Central,P-031,Office Supplies,Envelopes,Bubble Mailer,297.6,5,0,20.36
EC-2024-001429,7/2/2024,7/3/2024,Second Class,C-46827,Carlos Rivera,Corporate,United States,Phoenix,Arizona,West,P-009,Electronics,Laptops,Lenovo IdeaPad,145.12,1,0,18.23
EC-2021-001430,8/17/2021,8/22/2021,Standard Class,C-40958,Sara Wilson,Home Office,United States,Chicago,Illinois,Central,P-025,Office Supplies,Paper,Sticky Notes,163.32,3,0,20.97
EC-2021-001431,6/22/2021,6/24/2021,Same Day,C-93568,James Lee,Consumer,United States,Austin,Texas,South,P-014,Furniture,Chairs,Gaming Chair,1697.18,4,0.1,206.01
EC-2024-001432,8/8/2024,8/11/2024,Standard Class,C-40626,Michael Chen,Consumer,United States,Los Angeles,California,West,P-019,Furniture,Bookcases,5-Shelf Bookcase,1285.16,4,0,247.88
EC-2021-001433,10/25/2021,10/30/2021,First Class,C-99505,John Smith,Consumer,United States,San Antonio,Texas,South,P-039,Clothing,Accessories,Wallet,504.65,4,0.1,127.95
EC-2024-001434,6/4/2024,6/10/2024,First Class,C-70438,Anna Brown,Corporate,United States,Phoenix,Arizona,West,P-008,Electronics,Laptops,Dell Inspiron,250.32,1,0,61.65
EC-2022-001435,10/4/2022,10/9/2022,Second Class,C-99849,Sara Wilson,Home Office,United States,New York,New York,East,P-019,Furniture,Bookcases,5-Shelf Bookcase,461.23,1,0.1,-10.97
EC-2022-001436,5/31/2022,6/2/2022,Second Class,C-88562,Maria Garcia,Consumer,United States,New York,New York,East,P-027,Office Supplies,Binders,Report Cover,32.44,5,0.3,-1.03
EC-2021-001437,9/24/2021,9/28/2021,Second Class,C-93726,Sara Wilson,Consumer,United States,Austin,Texas,South,P-003,Electronics,Phones,iPhone SE,1715.22,3,0,-97.81
EC-2022-001438,6/12/2022,6/14/2022,Second Class,C-33321,Sara Wilson,Corporate,United States,Los Angeles,California,West,P-031,Office Supplies,Envelopes,Bubble Mailer,101.13,3,0,12.89
EC-2024-001439,6/3/2024,6/7/2024,Same Day,C-23926,Sara Wilson,Home Office,United States,Chicago,Illinois,Central,P-010,Electronics,Tablets,iPad Mini,590.94,5,0.1,68.26
EC-2021-001440,5/30/2021,5/31/2021,First Class,C-10113,John Smith,Home Office,United States,Austin,Texas,South,P-023,Office Supplies,Paper,A4 Ream,56.96,1,0.1,5.39
EC-2024-001441,12/4/2024,12/7/2024,Second Class,C-19188,Anna Brown,Home Office,United States,San Antonio,Texas,South,P-036,Clothing,Jackets,Windbreaker,304.49,4,0.1,55.06
EC-2023-001442,9/15/2023,9/16/2023,First Class,C-21883,Emily Davis,Home Office,United States,Austin,Texas,South,P-012,Electronics,Tablets,Fire HD,810.22,3,0.1,53.93
EC-2022-001443,8/17/2022,8/23/2022,Second Class,C-92656,Emily Davis,Consumer,United States,Houston,Texas,South,P-024,Office Supplies,Paper,Notebook,155.12,2,0,-12.04
EC-2022-001444,1/24/2022,1/26/2022,Second Class,C-80851,Carlos Rivera,Consumer,United States,New York,New York,East,P-033,Clothing,Shirts,Polo Shirt,560.8,5,0,-33.1
EC-2021-001445,3/17/2021,3/20/2021,Second Class,C-98877,James Lee,Corporate,United States,New York,New York,East,P-038,Clothing,Accessories,Belt,97.64,2,0.3,24.43
EC-2021-001446,10/17/2021,10/21/2021,Second Class,C-50283,Maria Garcia,Corporate,United States,New York,New York,East,P-013,Furniture,Chairs,Office Chair,412.38,2,0,-12.58
EC-2021-001447,8/6/2021,8/7/2021,Standard Class,C-98918,Michael Chen,Home Office,United States,Dallas,Texas,South,P-034,Clothing,Shoes,Running Shoes,42.34,2,0.1,6.4
EC-2024-001448,3/25/2024,3/30/2024,Standard Class,C-45899,James Lee,Corporate,United States,Chicago,Illinois,Central,P-025,Office Supplies,Paper,Sticky Notes,311.6,5,0,-14.08
EC-2024-001449,2/8/2024,2/10/2024,Second Class,C-73827,Maria Garcia,Consumer,United States,Dallas,Texas,South,P-035,Clothing,Shoes,Casual Sneakers,148.54,5,0.1,-12.62
EC-2021-001450,7/2/2021,7/8/2021,Same Day,C-93863,Carlos Rivera,Corporate,United States,Austin,Texas,South,P-001,Electronics,Phones,Nokia 3310,1596.36,4,0.3,-14.06
EC-2021-001451,12/24/2021,12/29/2021,Standard Class,C-55593,Michael Chen,Home Office,United States,New York,New York,East,P-038,Clothing,Accessories,Belt,559.1,5,0,133.15
EC-2021-001452,8/29/2021,9/3/2021,First Class,C-96419,Anna Brown,Home Office,United States,Los Angeles,California,West,P-038,Electronics,Accessories,Belt,2788.2,5,0.2,322.83
EC-2021-001453,8/19/2021,8/26/2021,Same Day,C-94523,Emily Davis,Home Office,United States,Chicago,Illinois,Central,P-023,Office Supplies,Paper,A4 Ream,59.23,2,0.3,-5.81
EC-2022-001454,5/30/2022,6/2/2022,Second Class,C-73577,Maria Garcia,Corporate,United States,Austin,Texas,South,P-027,Office Supplies,Binders,Report Cover,10.26,1,0.2,-0.32
EC-2024-001455,4/28/2024,5/3/2024,Standard Class,C-39855,Maria Garcia,Corporate,United States,Philadelphia,Pennsylvania,East,P-039,Electronics,Accessories,Wallet,1830.96,3,0,519.43
EC-2023-001456,2/9/2023,2/11/2023,Same Day,C-69636,James Lee,Corporate,United States,Los Angeles,California,West,P-021,Furniture,Storage,Cabinet,433.04,4,0,49.73
EC-2023-001457,7/27/2023,8/2/2023,First Class,C-84536,John Smith,Home Office,United States,Houston,Texas,South,P-036,Clothing,Jackets,Windbreaker,293.4,2,0,25.87
EC-2023-001458,8/12/2023,8/16/2023,First Class,C-90154,James Lee,Consumer,United States,San Antonio,Texas,South,P-026,Office Supplies,Binders,3-Ring Binder,51.58,3,0.2,5.01
EC-2023-001459,12/5/2023,12/9/2023,Same Day,C-42329,Anna Brown,Home Office,United States,Houston,Texas,South,P-014,Furniture,Chairs,Gaming Chair,1545.69,3,0,415.8
EC-2024-001460,4/26/2024,4/28/2024,Same Day,C-14406,Michael Chen,Consumer,United States,Austin,Texas,South,P-030,Office Supplies,Envelopes,Letter Envelopes,70.66,1,0.1,19.08
EC-2023-001461,7/16/2023,7/20/2023,Second Class,C-41334,Maria Garcia,Consumer,United States,Houston,Texas,South,P-038,Clothing,Accessories,Belt,434.32,4,0,39.01
EC-2022-001462,9/17/2022,9/19/2022,Second Class,C-34241,Emily Davis,Home Office,United States,Dallas,Texas,South,P-012,Electronics,Tablets,Fire HD,3129.28,4,0,977.15
EC-2023-001463,2/28/2023,3/6/2023,Second Class,C-85396,Anna Brown,Home Office,United States,Philadelphia,Pennsylvania,East,P-032,Clothing,Shirts,Cotton T-Shirt,115.58,3,0.3,38.58
EC-2021-001464,4/23/2021,4/28/2021,Second Class,C-32972,Maria Garcia,Consumer,United States,Philadelphia,Pennsylvania,East,P-009,Electronics,Laptops,Lenovo IdeaPad,1079.1,4,0.2,67.19
EC-2022-001465,5/4/2022,5/9/2022,Same Day,C-39548,Emily Davis,Home Office,United States,Los Angeles,California,West,P-017,Furniture,Tables,Coffee Table,1622.04,5,0.3,183.19
EC-2022-001466,7/22/2022,7/23/2022,First Class,C-79717,Carlos Rivera,Corporate,United States,Los Angeles,California,West,P-029,Office Supplies,Art,Pencil Set,155.72,5,0.2,46.54
EC-2022-001467,1/21/2022,1/25/2022,Same Day,C-24683,James Lee,Consumer,United States,Los Angeles,California,West,P-036,Clothing,Jackets,Windbreaker,408.66,3,0,33.84
EC-2023-001468,12/3/2023,12/9/2023,Same Day,C-68177,John Smith,Corporate,United States,New York,New York,East,P-034,Clothing,Shoes,Running Shoes,729.45,5,0,140.18
EC-2021-001469,2/15/2021,2/22/2021,First Class,C-73720,Sara Wilson,Home Office,United States,Houston,Texas,South,P-026,Office Supplies,Binders,3-Ring Binder,75.35,3,0.3,18.37
EC-2022-001470,9/20/2022,9/22/2022,Same Day,C-69759,James Lee,Consumer,United States,Phoenix,Arizona,West,P-036,Clothing,Jackets,Windbreaker,195.63,3,0,18.49
EC-2021-001471,12/26/2021,1/2/2022,Standard Class,C-58453,James Lee,Consumer,United States,Chicago,Illinois,Central,P-019,Furniture,Bookcases,5-Shelf Bookcase,337.92,3,0.2,29.72
EC-2022-001472,10/12/2022,10/15/2022,Same Day,C-63026,Sara Wilson,Corporate,United States,Chicago,Illinois,Central,P-015,Furniture,Chairs,Stool,577.17,2,0.2,-24.32
EC-2021-001473,11/16/2021,11/17/2021,First Class,C-97410,James Lee,Home Office,United States,San Diego,California,West,P-022,Furniture,Storage,Drawer Unit,1124.74,3,0.1,358.56
EC-2023-001474,9/8/2023,9/9/2023,Second Class,C-56844,Maria Garcia,Home Office,United States,Chicago,Illinois,Central,P-036,Clothing,Jackets,Windbreaker,181.09,4,0.2,54.74
EC-2024-001475,8/6/2024,8/8/2024,Standard Class,C-68387,Maria Garcia,Home Office,United States,Austin,Texas,South,P-025,Office Supplies,Paper,Sticky Notes,190.8,3,0,10.83
EC-2022-001476,10/13/2022,10/18/2022,Second Class,C-58448,Michael Chen,Home Office,United States,Austin,Texas,South,P-035,Clothing,Shoes,Casual Sneakers,371.63,3,0.1,35.08
EC-2022-001477,12/8/2022,12/11/2022,Second Class,C-47831,James Lee,Corporate,United States,Phoenix,Arizona,West,P-024,Office Supplies,Paper,Notebook,59.3,4,0.3,20.62
EC-2024-001478,4/17/2024,4/22/2024,Standard Class,C-59253,Maria Garcia,Consumer,United States,Los Angeles,California,West,P-038,Clothing,Accessories,Belt,279.7,5,0,19.53
EC-2022-001479,7/14/2022,7/18/2022,Same Day,C-47940,Sara Wilson,Home Office,United States,Chicago,Illinois,Central,P-012,Electronics,Tablets,Fire HD,1165.38,2,0,123.3
EC-2022-001480,9/15/2022,9/19/2022,Same Day,C-93435,Sara Wilson,Home Office,United States,San Diego,California,West,P-009,Electronics,Laptops,Lenovo IdeaPad,218.39,1,0,28.13
EC-2022-001481,1/3/2022,1/7/2022,Second Class,C-86161,Sara Wilson,Consumer,United States,Houston,Texas,South,P-008,Electronics,Laptops,Dell Inspiron,2494.16,4,0,572.83
EC-2024-001482,11/22/2024,11/29/2024,Second Class,C-70429,James Lee,Corporate,United States,Los Angeles,California,West,P-037,Clothing,Jackets,Hoodie,206.58,2,0.2,13.96
EC-2022-001483,7/13/2022,7/16/2022,First Class,C-77353,Anna Brown,Home Office,United States,San Antonio,Texas,South,P-026,Office Supplies,Binders,3-Ring Binder,20.76,3,0.2,-1.51
EC-2021-001484,12/9/2021,12/14/2021,First Class,C-28837,John Smith,Corporate,United States,Philadelphia,Pennsylvania,East,P-015,Furniture,Chairs,Stool,663.48,3,0,139.55
EC-2023-001485,9/21/2023,9/25/2023,Second Class,C-90403,Maria Garcia,Consumer,United States,Philadelphia,Pennsylvania,East,P-020,Furniture,Bookcases,3-Shelf Bookcase,966.5,5,0,289.44
EC-2021-001486,8/27/2021,9/3/2021,Same Day,C-78566,Emily Davis,Consumer,United States,Chicago,Illinois,Central,P-038,Clothing,Accessories,Belt,186.03,3,0,54.9
EC-2021-001487,8/31/2021,9/2/2021,Standard Class,C-65680,Maria Garcia,Home Office,United States,Chicago,Illinois,Central,P-019,Furniture,Bookcases,5-Shelf Bookcase,1313.34,3,0,-44.5
EC-2023-001488,6/3/2023,6/4/2023,Second Class,C-43162,John Smith,Consumer,United States,Houston,Texas,South,P-002,Electronics,Phones,Samsung A12,2579.16,5,0.2,-52.44
EC-2021-001489,1/22/2021,1/29/2021,Standard Class,C-21898,James Lee,Consumer,United States,Los Angeles,California,West,P-009,Electronics,Laptops,Lenovo IdeaPad,981.4,2,0,-73.95
EC-2021-001490,11/25/2021,12/2/2021,Standard Class,C-79315,Anna Brown,Home Office,United States,San Diego,California,West,P-029,Office Supplies,Art,Pencil Set,42.87,1,0,-3.81
EC-2024-001491,1/6/2024,1/7/2024,Same Day,C-33704,Emily Davis,Consumer,United States,Los Angeles,California,West,P-019,Furniture,Bookcases,5-Shelf Bookcase,1352.8,5,0,-73.82
EC-2023-001492,11/20/2023,11/22/2023,First Class,C-47784,John Smith,Consumer,United States,San Antonio,Texas,South,P-038,Clothing,Accessories,Belt,25.35,1,0.2,2.3
EC-2021-001493,8/25/2021,8/29/2021,First Class,C-66093,Anna Brown,Corporate,United States,Phoenix,Arizona,West,P-008,Electronics,Laptops,Dell Inspiron,2261.12,4,0,488.8
EC-2023-001494,1/23/2023,1/25/2023,Same Day,C-21141,Maria Garcia,Home Office,United States,New York,New York,East,P-012,Electronics,Tablets,Fire HD,1994.65,4,0.1,412.49
EC-2024-001495,11/24/2024,11/29/2024,Standard Class,C-26090,Anna Brown,Home Office,United States,Los Angeles,California,West,P-022,Furniture,Storage,Drawer Unit,227.3,2,0,25.02
EC-2024-001496,4/6/2024,4/11/2024,Same Day,C-46554,James Lee,Home Office,United States,Phoenix,Arizona,West,P-039,Clothing,Accessories,Wallet,283.82,5,0.1,98.27
EC-2022-001497,5/29/2022,6/2/2022,Standard Class,C-33474,Michael Chen,Consumer,United States,Dallas,Texas,South,P-032,Clothing,Shirts,Cotton T-Shirt,19.01,1,0,-1.14
EC-2024-001498,6/27/2024,7/2/2024,Same Day,C-76164,Carlos Rivera,Consumer,United States,Los Angeles,California,West,P-027,Office Supplies,Binders,Report Cover,128.9,2,0,32.05
EC-2023-001499,6/1/2023,6/2/2023,First Class,C-82963,Carlos Rivera,Corporate,United States,San Antonio,Texas,South,P-023,Office Supplies,Paper,A4 Ream,248.29,4,0.1,-1.51
EC-2021-001500,10/3/2021,10/6/2021,Second Class,C-85000,Sara Wilson,Corporate,United States,San Antonio,Texas,South,P-022,Furniture,Storage,Drawer Unit,1052.24,4,0.3,227.43
EC-2023-001501,3/13/2023,3/16/2023,Same Day,C-87393,John Smith,Home Office,United States,Dallas,Texas,South,P-034,Clothing,Shoes,Running Shoes,294.87,3,0,-12.93
EC-2024-001502,4/10/2024,4/11/2024,Second Class,C-42011,Anna Brown,Corporate,United States,Philadelphia,Pennsylvania,East,P-020,Furniture,Bookcases,3-Shelf Bookcase,817.13,3,0.1,126.97
EC-2024-001503,11/10/2024,11/11/2024,First Class,C-65374,Michael Chen,Consumer,United States,Phoenix,Arizona,West,P-019,Furniture,Bookcases,5-Shelf Bookcase,841.45,5,0,51.51
EC-2023-001504,8/20/2023,8/25/2023,Same Day,C-23114,Anna Brown,Corporate,United States,New York,New York,East,P-025,Office Supplies,Paper,Sticky Notes,114.67,3,0.2,9.1
EC-2021-001505,12/8/2021,12/13/2021,Same Day,C-16230,Carlos Rivera,Corporate,United States,Phoenix,Arizona,West,P-031,Office Supplies,Envelopes,Bubble Mailer,16.1,1,0.2,1.84
EC-2024-001506,3/30/2024,3/31/2024,First Class,C-20048,Carlos Rivera,Corporate,United States,Austin,Texas,South,P-034,Clothing,Shoes,Running Shoes,108.36,5,0.1,19.3
EC-2022-001507,2/14/2022,2/18/2022,Same Day,C-77662,James Lee,Corporate,United States,San Antonio,Texas,South,P-031,Office Supplies,Envelopes,Bubble Mailer,276.85,5,0,87.01
EC-2022-001508,7/3/2022,7/9/2022,Same Day,C-29365,Anna Brown,Home Office,United States,San Diego,California,West,P-035,Clothing,Shoes,Casual Sneakers,112.94,1,0.2,12.45
EC-2023-001509,4/21/2023,4/24/2023,Standard Class,C-88804,Anna Brown,Home Office,United States,Los Angeles,California,West,P-020,Furniture,Bookcases,3-Shelf Bookcase,1559.7,3,0,380.27
EC-2021-001510,11/4/2021,11/6/2021,First Class,C-36475,James Lee,Consumer,United States,New York,New York,East,P-034,Clothing,Shoes,Running Shoes,349.47,5,0.1,-18.52
EC-2022-001511,6/14/2022,6/21/2022,Standard Class,C-17251,Maria Garcia,Home Office,United States,Phoenix,Arizona,West,P-026,Office Supplies,Binders,3-Ring Binder,37.32,1,0.3,-2.19
EC-2023-001512,4/14/2023,4/17/2023,Standard Class,C-78414,Carlos Rivera,Corporate,United States,Los Angeles,California,West,P-028,Office Supplies,Art,Markers Set,79.45,5,0.3,-4.77
EC-2024-001513,5/13/2024,5/14/2024,Same Day,C-32957,Anna Brown,Corporate,United States,Philadelphia,Pennsylvania,East,P-032,Clothing,Shirts,Cotton T-Shirt,222.82,2,0.1,-7.71
EC-2022-001514,6/5/2022,6/12/2022,Same Day,C-99487,Anna Brown,Consumer,United States,Austin,Texas,South,P-031,Office Supplies,Envelopes,Bubble Mailer,45.01,1,0,9.62
EC-2023-001515,9/1/2023,9/7/2023,Second Class,C-17166,Anna Brown,Corporate,United States,Philadelphia,Pennsylvania,East,P-027,Office Supplies,Binders,Report Cover,267.0,5,0,80.75
EC-2024-001516,8/1/2024,8/7/2024,Second Class,C-43493,Carlos Rivera,Home Office,United States,Philadelphia,Pennsylvania,East,P-031,Office Supplies,Envelopes,Bubble Mailer,81.22,2,0.1,13.53
EC-2022-001517,3/7/2022,3/14/2022,First Class,C-74447,Sara Wilson,Corporate,United States,Chicago,Illinois,Central,P-039,Electronics,Accessories,Wallet,2838.4,4,0,-112.58
EC-2021-001518,7/25/2021,8/1/2021,First Class,C-52830,Sara Wilson,Home Office,United States,Chicago,Illinois,Central,P-037,Clothing,Jackets,Hoodie,225.07,3,0.1,51.91
EC-2024-001519,8/6/2024,8/8/2024,Standard Class,C-20778,Maria Garcia,Home Office,United States,Dallas,Texas,South,P-003,Electronics,Phones,iPhone SE,73.23,2,0.3,10.37
EC-2024-001520,8/22/2024,8/29/2024,Same Day,C-27499,Carlos Rivera,Home Office,United States,Chicago,Illinois,Central,P-018,Furniture,Tables,Desk,1328.86,3,0.1,257.15
EC-2022-001521,2/11/2022,2/12/2022,Standard Class,C-83207,Anna Brown,Corporate,United States,San Antonio,Texas,South,P-020,Furniture,Bookcases,3-Shelf Bookcase,910.78,4,0.2,-32.06
EC-2022-001522,6/21/2022,6/27/2022,Same Day,C-32298,Maria Garcia,Consumer,United States,Chicago,Illinois,Central,P-010,Electronics,Tablets,iPad Mini,2567.5,5,0,243.34
EC-2024-001523,10/11/2024,10/15/2024,Standard Class,C-27065,Michael Chen,Consumer,United States,Los Angeles,California,West,P-011,Electronics,Tablets,Samsung Tab,578.73,3,0,158.53
EC-2024-001524,10/18/2024,10/20/2024,Same Day,C-90960,Sara Wilson,Consumer,United States,San Antonio,Texas,South,P-017,Furniture,Tables,Coffee Table,492.08,1,0,-16.87
EC-2021-001525,6/25/2021,6/26/2021,First Class,C-65481,Carlos Rivera,Consumer,United States,Dallas,Texas,South,P-020,Furniture,Bookcases,3-Shelf Bookcase,1642.73,4,0.3,186.72
EC-2021-001526,5/1/2021,5/2/2021,Same Day,C-15965,John Smith,Consumer,United States,Philadelphia,Pennsylvania,East,P-003,Electronics,Phones,iPhone SE,2559.09,5,0.3,870.51
EC-2023-001527,3/20/2023,3/26/2023,Second Class,C-71352,James Lee,Consumer,United States,Philadelphia,Pennsylvania,East,P-031,Office Supplies,Envelopes,Bubble Mailer,145.62,3,0,29.29
EC-2023-001528,12/23/2023,12/27/2023,Second Class,C-57263,Michael Chen,Corporate,United States,Chicago,Illinois,Central,P-009,Electronics,Laptops,Lenovo IdeaPad,512.91,2,0.1,159.77
EC-2023-001529,11/25/2023,11/28/2023,First Class,C-93447,Sara Wilson,Consumer,United States,San Antonio,Texas,South,P-029,Office Supplies,Art,Pencil Set,241.08,4,0,52.24
EC-2021-001530,4/22/2021,4/24/2021,Same Day,C-15346,Sara Wilson,Consumer,United States,Chicago,Illinois,Central,P-038,Electronics,Accessories,Belt,882.61,4,0.1,74.85
EC-2023-001531,10/7/2023,10/8/2023,First Class,C-76681,Carlos Rivera,Consumer,United States,Chicago,Illinois,Central,P-031,Office Supplies,Envelopes,Bubble Mailer,36.06,3,0,10.84
EC-2024-001532,3/14/2024,3/16/2024,Standard Class,C-99212,Maria Garcia,Consumer,United States,San Antonio,Texas,South,P-015,Furniture,Chairs,Stool,479.49,1,0,27.71
EC-2022-001533,10/25/2022,10/27/2022,Same Day,C-87883,John Smith,Consumer,United States,New York,New York,East,P-036,Clothing,Jackets,Windbreaker,457.7,4,0.1,109.16
EC-2024-001534,6/28/2024,7/2/2024,Standard Class,C-19269,Michael Chen,Home Office,United States,Philadelphia,Pennsylvania,East,P-025,Office Supplies,Paper,Sticky Notes,14.6,1,0.3,-0.59
EC-2021-001535,12/31/2021,1/2/2022,Second Class,C-94825,James Lee,Consumer,United States,San Antonio,Texas,South,P-011,Electronics,Tablets,Samsung Tab,1240.67,2,0.1,352.16
EC-2023-001536,6/5/2023,6/11/2023,Standard Class,C-68385,Michael Chen,Home Office,United States,Phoenix,Arizona,West,P-008,Electronics,Laptops,Dell Inspiron,319.28,1,0,65.07
EC-2021-001537,7/4/2021,7/11/2021,Standard Class,C-70755,Anna Brown,Corporate,United States,San Antonio,Texas,South,P-037,Clothing,Jackets,Hoodie,294.4,4,0,18.29
EC-2022-001538,8/19/2022,8/23/2022,Same Day,C-78562,Michael Chen,Consumer,United States,San Antonio,Texas,South,P-021,Furniture,Storage,Cabinet,330.68,2,0.3,-10.61
EC-2021-001539,6/6/2021,6/7/2021,Same Day,C-56590,Carlos Rivera,Consumer,United States,San Diego,California,West,P-025,Office Supplies,Paper,Sticky Notes,100.74,4,0.3,26.81
EC-2024-001540,9/16/2024,9/20/2024,Same Day,C-69637,Sara Wilson,Consumer,United States,Chicago,Illinois,Central,P-001,Electronics,Phones,Nokia 3310,235.03,4,0.3,32.74
EC-2022-001541,3/9/2022,3/11/2022,First Class,C-61764,Maria Garcia,Home Office,United States,Los Angeles,California,West,P-028,Office Supplies,Art,Markers Set,63.33,1,0.1,-4.0
EC-2023-001542,8/1/2023,8/7/2023,Same Day,C-98487,Michael Chen,Home Office,United States,San Antonio,Texas,South,P-039,Electronics,Accessories,Wallet,1385.5,5,0,356.35
EC-2021-001543,10/4/2021,10/5/2021,Second Class,C-29025,Anna Brown,Consumer,United States,Houston,Texas,South,P-023,Office Supplies,Paper,A4 Ream,114.4,2,0,12.9
EC-2022-001544,9/9/2022,9/16/2022,Same Day,C-68361,Sara Wilson,Consumer,United States,Dallas,Texas,South,P-034,Clothing,Shoes,Running Shoes,71.95,1,0,23.08
EC-2024-001545,4/13/2024,4/15/2024,Same Day,C-66595,Michael Chen,Corporate,United States,Houston,Texas,South,P-033,Clothing,Shirts,Polo Shirt,21.87,1,0,5.23
EC-2023-001546,9/26/2023,9/30/2023,Same Day,C-51399,Maria Garcia,Home Office,United States,Dallas,Texas,South,P-036,Clothing,Jackets,Windbreaker,37.05,1,0.2,2.06
EC-2021-001547,8/28/2021,9/1/2021,First Class,C-35192,Sara Wilson,Home Office,United States,Austin,Texas,South,P-031,Office Supplies,Envelopes,Bubble Mailer,154.48,4,0,15.2
EC-2023-001548,11/6/2023,11/8/2023,First Class,C-61166,Michael Chen,Home Office,United States,Austin,Texas,South,P-030,Office Supplies,Envelopes,Letter Envelopes,296.52,4,0,93.39
EC-2024-001549,6/27/2024,6/29/2024,Second Class,C-74511,Maria Garcia,Home Office,United States,Phoenix,Arizona,West,P-030,Office Supplies,Envelopes,Letter Envelopes,110.06,2,0,12.09
EC-2022-001550,4/26/2022,4/28/2022,Second Class,C-75991,John Smith,Consumer,United States,San Diego,California,West,P-039,Clothing,Accessories,Wallet,190.32,3,0,-4.82
EC-2021-001551,8/22/2021,8/27/2021,Standard Class,C-45060,James Lee,Consumer,United States,Houston,Texas,South,P-008,Electronics,Laptops,Dell Inspiron,1244.31,3,0,349.42
EC-2023-001552,7/26/2023,8/2/2023,Second Class,C-25474,Anna Brown,Consumer,United States,Los Angeles,California,West,P-002,Electronics,Phones,Samsung A12,534.17,1,0.2,43.6
EC-2024-001553,12/21/2024,12/25/2024,Second Class,C-36462,Sara Wilson,Corporate,United States,San Diego,California,West,P-027,Office Supplies,Binders,Report Cover,49.71,3,0,-4.41
EC-2023-001554,8/29/2023,9/1/2023,Standard Class,C-92502,Anna Brown,Home Office,United States,Phoenix,Arizona,West,P-032,Clothing,Shirts,Cotton T-Shirt,55.67,3,0.3,15.39
EC-2021-001555,10/10/2021,10/17/2021,Same Day,C-68009,James Lee,Corporate,United States,San Antonio,Texas,South,P-021,Furniture,Storage,Cabinet,1914.46,5,0.3,-91.05
EC-2022-001556,11/24/2022,11/27/2022,Same Day,C-85308,John Smith,Consumer,United States,San Antonio,Texas,South,P-001,Electronics,Phones,Nokia 3310,67.27,1,0.3,-2.2
EC-2024-001557,10/26/2024,11/1/2024,First Class,C-29249,Michael Chen,Corporate,United States,San Diego,California,West,P-031,Office Supplies,Envelopes,Bubble Mailer,73.19,1,0,23.43
EC-2024-001558,11/29/2024,12/2/2024,First Class,C-26515,Carlos Rivera,Consumer,United States,San Antonio,Texas,South,P-035,Clothing,Shoes,Casual Sneakers,131.9,5,0,22.03
EC-2024-001559,2/5/2024,2/8/2024,Standard Class,C-65410,Maria Garcia,Corporate,United States,San Diego,California,West,P-015,Furniture,Chairs,Stool,368.72,5,0.2,47.05
EC-2024-001560,7/8/2024,7/13/2024,Second Class,C-10683,Sara Wilson,Consumer,United States,Philadelphia,Pennsylvania,East,P-008,Electronics,Laptops,Dell Inspiron,555.68,1,0.1,77.46
EC-2022-001561,12/19/2022,12/22/2022,Standard Class,C-77692,Anna Brown,Home Office,United States,Phoenix,Arizona,West,P-026,Office Supplies,Binders,3-Ring Binder,205.03,5,0.3,25.48
EC-2021-001562,10/28/2021,11/3/2021,Second Class,C-20233,Emily Davis,Corporate,United States,San Antonio,Texas,South,P-030,Office Supplies,Envelopes,Letter Envelopes,47.68,4,0,9.2
EC-2024-001563,4/11/2024,4/15/2024,Same Day,C-73539,Sara Wilson,Corporate,United States,San Antonio,Texas,South,P-039,Clothing,Accessories,Wallet,455.12,4,0,-4.25
EC-2022-001564,3/12/2022,3/16/2022,Standard Class,C-24461,Maria Garcia,Consumer,United States,Dallas,Texas,South,P-015,Furniture,Chairs,Stool,1712.76,3,0,394.76
EC-2023-001565,12/7/2023,12/9/2023,First Class,C-28630,Michael Chen,Corporate,United States,Los Angeles,California,West,P-028,Office Supplies,Art,Markers Set,237.99,3,0,-4.66
EC-2022-001566,3/18/2022,3/20/2022,Second Class,C-50593,Sara Wilson,Consumer,United States,Dallas,Texas,South,P-008,Electronics,Laptops,Dell Inspiron,460.65,1,0,80.74
EC-2024-001567,5/25/2024,5/27/2024,Same Day,C-21706,Michael Chen,Home Office,United States,Chicago,Illinois,Central,P-031,Office Supplies,Envelopes,Bubble Mailer,248.52,4,0,77.02
EC-2022-001568,11/26/2022,12/1/2022,Same Day,C-92589,Carlos Rivera,Home Office,United States,New York,New York,East,P-035,Clothing,Shoes,Casual Sneakers,114.35,1,0,29.98
EC-2024-001569,6/21/2024,6/26/2024,Standard Class,C-33559,John Smith,Consumer,United States,Austin,Texas,South,P-001,Electronics,Phones,Nokia 3310,3064.6,5,0,263.82
EC-2024-001570,12/16/2024,12/23/2024,Second Class,C-74418,John Smith,Corporate,United States,Austin,Texas,South,P-026,Office Supplies,Binders,3-Ring Binder,327.6,5,0,-16.76
EC-2023-001571,4/30/2023,5/1/2023,Same Day,C-28878,James Lee,Corporate,United States,San Diego,California,West,P-030,Office Supplies,Envelopes,Letter Envelopes,24.29,1,0,5.16
EC-2022-001572,9/21/2022,9/25/2022,First Class,C-28672,Michael Chen,Consumer,United States,Chicago,Illinois,Central,P-023,Office Supplies,Paper,A4 Ream,18.61,1,0,3.11
EC-2021-001573,9/5/2021,9/6/2021,Standard Class,C-17947,Emily Davis,Consumer,United States,Houston,Texas,South,P-029,Office Supplies,Art,Pencil Set,188.87,5,0.1,63.24
EC-2023-001574,9/19/2023,9/20/2023,Standard Class,C-98486,Maria Garcia,Home Office,United States,San Antonio,Texas,South,P-038,Clothing,Accessories,Belt,138.35,1,0,29.91
EC-2024-001575,3/9/2024,3/13/2024,Standard Class,C-42133,Michael Chen,Consumer,United States,Dallas,Texas,South,P-017,Furniture,Tables,Coffee Table,974.2,2,0,-20.67
EC-2023-001576,8/10/2023,8/17/2023,Standard Class,C-59827,Emily Davis,Corporate,United States,Austin,Texas,South,P-032,Clothing,Shirts,Cotton T-Shirt,60.28,4,0,13.83
EC-2021-001577,11/27/2021,12/3/2021,Second Class,C-82938,Carlos Rivera,Home Office,United States,San Diego,California,West,P-019,Furniture,Bookcases,5-Shelf Bookcase,661.72,4,0.3,-5.75
EC-2024-001578,10/28/2024,10/31/2024,Same Day,C-53051,John Smith,Home Office,United States,Phoenix,Arizona,West,P-035,Clothing,Shoes,Casual Sneakers,155.58,3,0,17.61
EC-2023-001579,9/3/2023,9/4/2023,Standard Class,C-95362,Maria Garcia,Home Office,United States,New York,New York,East,P-015,Furniture,Chairs,Stool,1061.42,4,0.1,224.43
EC-2021-001580,9/10/2021,9/13/2021,First Class,C-68271,John Smith,Home Office,United States,San Antonio,Texas,South,P-012,Electronics,Tablets,Fire HD,340.06,1,0,-6.42
EC-2024-001581,10/25/2024,10/31/2024,Second Class,C-57579,John Smith,Consumer,United States,Philadelphia,Pennsylvania,East,P-014,Furniture,Chairs,Gaming Chair,1059.39,3,0.3,123.25
EC-2021-001582,1/15/2021,1/17/2021,First Class,C-84148,James Lee,Consumer,United States,San Antonio,Texas,South,P-030,Office Supplies,Envelopes,Letter Envelopes,190.72,4,0,41.11
EC-2021-001583,9/18/2021,9/21/2021,First Class,C-43150,Sara Wilson,Consumer,United States,Austin,Texas,South,P-038,Electronics,Accessories,Belt,135.72,1,0.3,34.38
EC-2024-001584,10/10/2024,10/16/2024,Same Day,C-71156,Sara Wilson,Corporate,United States,New York,New York,East,P-012,Electronics,Tablets,Fire HD,2733.04,4,0,236.45
EC-2022-001585,4/5/2022,4/6/2022,Same Day,C-13325,Anna Brown,Corporate,United States,Phoenix,Arizona,West,P-025,Office Supplies,Paper,Sticky Notes,114.88,4,0,17.28
EC-2022-001586,2/8/2022,2/10/2022,Second Class,C-87664,Emily Davis,Corporate,United States,Philadelphia,Pennsylvania,East,P-032,Clothing,Shirts,Cotton T-Shirt,99.51,1,0,-5.79
EC-2023-001587,8/28/2023,8/30/2023,First Class,C-67478,Maria Garcia,Consumer,United States,Philadelphia,Pennsylvania,East,P-026,Office Supplies,Binders,3-Ring Binder,87.96,2,0,24.87
EC-2021-001588,5/5/2021,5/6/2021,Second Class,C-92075,Michael Chen,Corporate,United States,San Antonio,Texas,South,P-032,Clothing,Shirts,Cotton T-Shirt,108.59,1,0.1,7.21
EC-2021-001589,4/25/2021,4/30/2021,Same Day,C-96471,John Smith,Corporate,United States,New York,New York,East,P-003,Electronics,Phones,iPhone SE,1580.67,5,0.1,189.58
EC-2023-001590,5/27/2023,6/1/2023,First Class,C-35228,Maria Garcia,Consumer,United States,Austin,Texas,South,P-039,Clothing,Accessories,Wallet,92.58,1,0.1,18.99
EC-2024-001591,12/31/2024,1/1/2025,Standard Class,C-91376,Sara Wilson,Consumer,United States,Austin,Texas,South,P-003,Electronics,Phones,iPhone SE,1584.06,3,0,279.27
EC-2021-001592,4/1/2021,4/2/2021,Same Day,C-29087,James Lee,Corporate,United States,Chicago,Illinois,Central,P-016,Furniture,Tables,Dining Table,1040.49,3,0,234.21
EC-2022-001593,8/20/2022,8/23/2022,Standard Class,C-55064,Anna Brown,Home Office,United States,New York,New York,East,P-037,Clothing,Jackets,Hoodie,90.96,5,0.2,27.98
EC-2022-001594,12/1/2022,12/3/2022,Same Day,C-90753,Carlos Rivera,Home Office,United States,Dallas,Texas,South,P-016,Furniture,Tables,Dining Table,940.51,3,0.2,206.75
EC-2021-001595,8/3/2021,8/7/2021,Standard Class,C-37936,Anna Brown,Corporate,United States,New York,New York,East,P-036,Clothing,Jackets,Windbreaker,194.87,2,0.3,23.21
EC-2022-001596,2/25/2022,3/1/2022,First Class,C-48086,Sara Wilson,Consumer,United States,Chicago,Illinois,Central,P-037,Clothing,Jackets,Hoodie,49.02,3,0,-1.06
EC-2021-001597,3/2/2021,3/4/2021,Standard Class,C-42239,James Lee,Corporate,United States,Houston,Texas,South,P-019,Furniture,Bookcases,5-Shelf Bookcase,407.08,3,0.3,41.64
EC-2022-001598,6/21/2022,6/22/2022,Standard Class,C-69795,Anna Brown,Home Office,United States,New York,New York,East,P-013,Furniture,Chairs,Office Chair,277.04,1,0,91.65
EC-2023-001599,12/16/2023,12/23/2023,Second Class,C-59054,Emily Davis,Corporate,United States,Austin,Texas,South,P-028,Office Supplies,Art,Markers Set,27.78,2,0,2.99
EC-2024-001600,6/15/2024,6/20/2024,First Class,C-26575,Sara Wilson,Home Office,United States,Houston,Texas,South,P-034,Clothing,Shoes,Running Shoes,364.77,3,0,24.07
EC-2024-001601,9/20/2024,9/25/2024,Same Day,C-33461,Emily Davis,Consumer,United States,Los Angeles,California,West,P-014,Furniture,Chairs,Gaming Chair,2353.4,5,0,469.68
EC-2023-001602,8/29/2023,9/1/2023,Second Class,C-38651,Carlos Rivera,Corporate,United States,Austin,Texas,South,P-031,Office Supplies,Envelopes,Bubble Mailer,36.97,2,0.1,11.42
EC-2023-001603,2/6/2023,2/9/2023,Standard Class,C-86541,John Smith,Consumer,United States,San Diego,California,West,P-038,Clothing,Accessories,Belt,314.47,3,0.1,-6.47
EC-2023-001604,7/13/2023,7/17/2023,First Class,C-67892,Anna Brown,Corporate,United States,San Antonio,Texas,South,P-037,Clothing,Jackets,Hoodie,370.83,3,0,-6.11
EC-2021-001605,6/18/2021,6/21/2021,Second Class,C-15017,Anna Brown,Home Office,United States,San Diego,California,West,P-024,Office Supplies,Paper,Notebook,127.88,2,0,10.94
EC-2022-001606,5/28/2022,5/31/2022,Standard Class,C-46942,Emily Davis,Consumer,United States,Phoenix,Arizona,West,P-027,Office Supplies,Binders,Report Cover,399.4,5,0,20.99
EC-2023-001607,8/25/2023,8/31/2023,Same Day,C-82432,Sara Wilson,Consumer,United States,San Diego,California,West,P-038,Clothing,Accessories,Belt,82.3,2,0.1,9.89
EC-2022-001608,10/4/2022,10/11/2022,Same Day,C-85695,James Lee,Corporate,United States,Houston,Texas,South,P-036,Clothing,Jackets,Windbreaker,138.53,4,0.2,-0.82
EC-2024-001609,9/11/2024,9/18/2024,Standard Class,C-86933,John Smith,Corporate,United States,Philadelphia,Pennsylvania,East,P-024,Office Supplies,Paper,Notebook,102.03,4,0.3,21.56
EC-2022-001610,11/8/2022,11/13/2022,Same Day,C-34685,Sara Wilson,Home Office,United States,Austin,Texas,South,P-038,Electronics,Accessories,Belt,1413.23,2,0.1,97.67
EC-2023-001611,7/14/2023,7/20/2023,Standard Class,C-89084,Sara Wilson,Consumer,United States,Phoenix,Arizona,West,P-009,Electronics,Laptops,Lenovo IdeaPad,641.15,5,0,38.22
EC-2021-001612,5/23/2021,5/27/2021,Standard Class,C-77964,John Smith,Consumer,United States,Phoenix,Arizona,West,P-038,Electronics,Accessories,Belt,1341.65,5,0,250.08
EC-2023-001613,3/12/2023,3/14/2023,Same Day,C-27030,Anna Brown,Consumer,United States,Los Angeles,California,West,P-020,Furniture,Bookcases,3-Shelf Bookcase,295.82,1,0.1,-9.96
EC-2021-001614,11/22/2021,11/27/2021,Standard Class,C-68422,Maria Garcia,Corporate,United States,Austin,Texas,South,P-031,Office Supplies,Envelopes,Bubble Mailer,170.76,4,0,-1.89
EC-2024-001615,3/11/2024,3/15/2024,Second Class,C-55453,Carlos Rivera,Corporate,United States,Dallas,Texas,South,P-035,Clothing,Shoes,Casual Sneakers,240.51,3,0.3,75.59
EC-2022-001616,5/26/2022,5/28/2022,Same Day,C-15723,Anna Brown,Home Office,United States,Austin,Texas,South,P-035,Clothing,Shoes,Casual Sneakers,107.53,2,0.3,23.72
EC-2024-001617,9/27/2024,9/28/2024,Same Day,C-23791,Emily Davis,Corporate,United States,Houston,Texas,South,P-020,Furniture,Bookcases,3-Shelf Bookcase,2980.2,5,0,-311.66
EC-2022-001618,6/2/2022,6/4/2022,Same Day,C-35480,Michael Chen,Consumer,United States,San Diego,California,West,P-038,Clothing,Accessories,Belt,67.0,4,0.1,10.26
EC-2021-001619,8/23/2021,8/29/2021,Same Day,C-67373,James Lee,Corporate,United States,Chicago,Illinois,Central,P-002,Electronics,Phones,Samsung A12,413.57,1,0,-8.87
EC-2021-001620,12/16/2021,12/23/2021,Second Class,C-20169,John Smith,Home Office,United States,New York,New York,East,P-036,Clothing,Jackets,Windbreaker,31.14,1,0.2,-0.85
EC-2023-001621,1/4/2023,1/6/2023,Second Class,C-93203,Maria Garcia,Home Office,United States,Houston,Texas,South,P-027,Office Supplies,Binders,Report Cover,359.75,5,0,-19.71
EC-2021-001622,4/18/2021,4/23/2021,Same Day,C-21978,John Smith,Consumer,United States,New York,New York,East,P-037,Clothing,Jackets,Hoodie,237.12,2,0,-7.65
EC-2022-001623,11/22/2022,11/29/2022,Second Class,C-15768,Michael Chen,Home Office,United States,Houston,Texas,South,P-032,Clothing,Shirts,Cotton T-Shirt,31.35,1,0.3,-0.31
EC-2024-001624,2/26/2024,3/3/2024,Standard Class,C-23878,Emily Davis,Home Office,United States,Houston,Texas,South,P-008,Electronics,Laptops,Dell Inspiron,2702.7,4,0.1,-23.31
EC-2023-001625,4/4/2023,4/10/2023,Same Day,C-95189,Emily Davis,Consumer,United States,Philadelphia,Pennsylvania,East,P-026,Office Supplies,Binders,3-Ring Binder,41.92,2,0,10.37
EC-2023-001626,4/22/2023,4/25/2023,Second Class,C-88625,Emily Davis,Corporate,United States,Austin,Texas,South,P-001,Electronics,Phones,Nokia 3310,2922.0,5,0,-110.09
EC-2021-001627,12/26/2021,1/1/2022,Same Day,C-60118,Anna Brown,Home Office,United States,Philadelphia,Pennsylvania,East,P-035,Clothing,Shoes,Casual Sneakers,19.29,1,0.2,6.24
EC-2024-001628,6/16/2024,6/23/2024,Standard Class,C-59089,Sara Wilson,Corporate,United States,Los Angeles,California,West,P-038,Electronics,Accessories,Belt,965.49,2,0.2,-7.13
EC-2023-001629,2/9/2023,2/11/2023,Same Day,C-15191,Michael Chen,Consumer,United States,New York,New York,East,P-026,Office Supplies,Binders,3-Ring Binder,181.32,3,0,24.19
EC-2022-001630,11/10/2022,11/13/2022,Second Class,C-89700,Michael Chen,Consumer,United States,Houston,Texas,South,P-023,Office Supplies,Paper,A4 Ream,102.2,2,0.3,-2.65
EC-2024-001631,7/13/2024,7/14/2024,Second Class,C-26457,Maria Garcia,Corporate,United States,Los Angeles,California,West,P-027,Office Supplies,Binders,Report Cover,53.56,1,0.3,-1.86
EC-2023-001632,11/6/2023,11/7/2023,Same Day,C-42632,Carlos Rivera,Home Office,United States,San Antonio,Texas,South,P-016,Furniture,Tables,Dining Table,483.92,2,0,85.75
EC-2022-001633,7/11/2022,7/18/2022,First Class,C-89874,Michael Chen,Consumer,United States,Dallas,Texas,South,P-030,Office Supplies,Envelopes,Letter Envelopes,62.77,2,0.1,11.45
EC-2023-001634,2/21/2023,2/25/2023,Standard Class,C-69454,Carlos Rivera,Corporate,United States,Los Angeles,California,West,P-021,Furniture,Storage,Cabinet,734.96,2,0,120.63
EC-2022-001635,11/14/2022,11/16/2022,Standard Class,C-59054,Sara Wilson,Consumer,United States,Dallas,Texas,South,P-038,Clothing,Accessories,Belt,138.68,1,0,42.78
EC-2023-001636,2/4/2023,2/8/2023,Second Class,C-31281,Anna Brown,Corporate,United States,Dallas,Texas,South,P-039,Clothing,Accessories,Wallet,70.19,1,0,11.61
EC-2023-001637,11/10/2023,11/16/2023,First Class,C-72616,John Smith,Home Office,United States,Dallas,Texas,South,P-037,Clothing,Jackets,Hoodie,392.47,4,0.1,-10.62
EC-2024-001638,9/25/2024,10/1/2024,Same Day,C-96848,James Lee,Corporate,United States,Chicago,Illinois,Central,P-025,Office Supplies,Paper,Sticky Notes,151.64,2,0,18.84
EC-2024-001639,8/12/2024,8/18/2024,Second Class,C-43144,Carlos Rivera,Corporate,United States,San Antonio,Texas,South,P-001,Electronics,Phones,Nokia 3310,790.02,2,0.1,78.8
EC-2021-001640,7/2/2021,7/3/2021,Standard Class,C-10841,James Lee,Corporate,United States,Austin,Texas,South,P-037,Clothing,Jackets,Hoodie,71.85,2,0.3,12.17
EC-2021-001641,5/24/2021,5/31/2021,Same Day,C-27607,Anna Brown,Home Office,United States,San Antonio,Texas,South,P-032,Clothing,Shirts,Cotton T-Shirt,413.44,4,0,-4.26
EC-2023-001642,7/12/2023,7/17/2023,Standard Class,C-67767,Maria Garcia,Consumer,United States,Houston,Texas,South,P-034,Clothing,Shoes,Running Shoes,45.92,2,0,5.87
EC-2021-001643,6/25/2021,6/29/2021,Second Class,C-23213,John Smith,Corporate,United States,Los Angeles,California,West,P-014,Furniture,Chairs,Gaming Chair,1289.6,5,0,249.37
EC-2024-001644,9/24/2024,9/29/2024,Standard Class,C-73691,Sara Wilson,Consumer,United States,New York,New York,East,P-007,Electronics,Laptops,HP 15,397.57,1,0.1,91.8
EC-2023-001645,1/30/2023,2/5/2023,Standard Class,C-53287,Maria Garcia,Corporate,United States,Philadelphia,Pennsylvania,East,P-031,Office Supplies,Envelopes,Bubble Mailer,272.05,4,0.1,63.45
EC-2023-001646,4/3/2023,4/9/2023,Second Class,C-58290,Sara Wilson,Consumer,United States,Chicago,Illinois,Central,P-012,Electronics,Tablets,Fire HD,1473.67,3,0.3,-40.59
EC-2021-001647,1/7/2021,1/13/2021,First Class,C-73509,Michael Chen,Consumer,United States,Philadelphia,Pennsylvania,East,P-038,Clothing,Accessories,Belt,279.11,3,0.3,51.16
EC-2023-001648,9/3/2023,9/9/2023,Same Day,C-84959,John Smith,Home Office,United States,Los Angeles,California,West,P-008,Electronics,Laptops,Dell Inspiron,378.56,2,0.3,35.19
EC-2022-001649,9/10/2022,9/17/2022,Standard Class,C-41897,Anna Brown,Corporate,United States,San Diego,California,West,P-021,Furniture,Storage,Cabinet,491.52,1,0.1,-12.23
EC-2023-001650,6/10/2023,6/16/2023,First Class,C-72429,Maria Garcia,Consumer,United States,New York,New York,East,P-013,Furniture,Chairs,Office Chair,1648.14,3,0,438.0
EC-2024-001651,11/17/2024,11/20/2024,Second Class,C-60023,Michael Chen,Home Office,United States,Houston,Texas,South,P-021,Furniture,Storage,Cabinet,1161.64,4,0.3,317.0
EC-2021-001652,8/25/2021,8/28/2021,Second Class,C-85083,Emily Davis,Consumer,United States,Los Angeles,California,West,P-017,Furniture,Tables,Coffee Table,1284.6,5,0,-105.36
EC-2024-001653,3/27/2024,4/2/2024,Second Class,C-57844,James Lee,Corporate,United States,New York,New York,East,P-020,Furniture,Bookcases,3-Shelf Bookcase,696.29,2,0.1,239.49
EC-2021-001654,1/19/2021,1/24/2021,Standard Class,C-29323,Carlos Rivera,Corporate,United States,Dallas,Texas,South,P-014,Furniture,Chairs,Gaming Chair,1513.2,3,0,302.56
EC-2022-001655,10/18/2022,10/21/2022,Second Class,C-74883,Carlos Rivera,Home Office,United States,San Diego,California,West,P-015,Furniture,Chairs,Stool,999.9,5,0.1,-23.93
EC-2021-001656,11/9/2021,11/16/2021,Standard Class,C-61355,Carlos Rivera,Home Office,United States,Houston,Texas,South,P-033,Clothing,Shirts,Polo Shirt,109.56,1,0,33.64
EC-2023-001657,3/15/2023,3/18/2023,Same Day,C-47098,Carlos Rivera,Home Office,United States,San Antonio,Texas,South,P-015,Furniture,Chairs,Stool,2141.86,4,0.1,153.24
EC-2021-001658,9/26/2021,9/29/2021,First Class,C-73234,Carlos Rivera,Consumer,United States,Austin,Texas,South,P-021,Furniture,Storage,Cabinet,508.67,2,0.2,46.43
EC-2022-001659,2/5/2022,2/11/2022,Second Class,C-99056,James Lee,Corporate,United States,New York,New York,East,P-016,Furniture,Tables,Dining Table,778.91,2,0.1,261.03
EC-2023-001660,8/29/2023,8/31/2023,First Class,C-14455,Maria Garcia,Consumer,United States,New York,New York,East,P-002,Electronics,Phones,Samsung A12,693.06,2,0.3,-18.49
EC-2022-001661,9/12/2022,9/18/2022,Same Day,C-60082,Carlos Rivera,Consumer,United States,Austin,Texas,South,P-022,Furniture,Storage,Drawer Unit,435.1,1,0.1,134.65
EC-2021-001662,9/3/2021,9/4/2021,Same Day,C-85055,Sara Wilson,Consumer,United States,Los Angeles,California,West,P-036,Clothing,Jackets,Windbreaker,507.95,5,0,28.91
EC-2022-001663,1/6/2022,1/10/2022,Same Day,C-80452,James Lee,Home Office,United States,Dallas,Texas,South,P-025,Office Supplies,Paper,Sticky Notes,54.76,2,0,8.08
EC-2024-001664,2/13/2024,2/20/2024,Same Day,C-26264,Anna Brown,Home Office,United States,San Diego,California,West,P-033,Clothing,Shirts,Polo Shirt,94.52,5,0.2,24.97
EC-2021-001665,1/11/2021,1/16/2021,Second Class,C-83727,Carlos Rivera,Corporate,United States,Dallas,Texas,South,P-038,Electronics,Accessories,Belt,396.8,5,0,-29.26
EC-2023-001666,11/3/2023,11/6/2023,Standard Class,C-48456,Sara Wilson,Home Office,United States,Philadelphia,Pennsylvania,East,P-001,Electronics,Phones,Nokia 3310,367.29,1,0,51.49
EC-2023-001667,12/7/2023,12/10/2023,Standard Class,C-49283,Anna Brown,Home Office,United States,Austin,Texas,South,P-022,Furniture,Storage,Drawer Unit,437.72,1,0,-2.67
EC-2023-001668,1/6/2023,1/9/2023,Same Day,C-62436,Sara Wilson,Home Office,United States,Chicago,Illinois,Central,P-018,Furniture,Tables,Desk,356.01,3,0,-5.86
EC-2023-001669,5/22/2023,5/28/2023,Standard Class,C-58777,James Lee,Home Office,United States,Chicago,Illinois,Central,P-009,Electronics,Laptops,Lenovo IdeaPad,216.13,3,0.3,-5.6
EC-2023-001670,6/8/2023,6/12/2023,Standard Class,C-63317,Maria Garcia,Home Office,United States,New York,New York,East,P-035,Clothing,Shoes,Casual Sneakers,20.38,1,0.2,1.69
EC-2022-001671,11/15/2022,11/22/2022,Standard Class,C-59628,Maria Garcia,Consumer,United States,Phoenix,Arizona,West,P-024,Office Supplies,Paper,Notebook,22.97,1,0.1,-0.79
EC-2024-001672,4/20/2024,4/27/2024,First Class,C-16286,James Lee,Consumer,United States,Dallas,Texas,South,P-039,Electronics,Accessories,Wallet,1380.82,3,0.2,-54.4
EC-2022-001673,12/8/2022,12/15/2022,Same Day,C-30380,James Lee,Home Office,United States,San Diego,California,West,P-030,Office Supplies,Envelopes,Letter Envelopes,81.52,2,0,4.31
EC-2021-001674,4/19/2021,4/25/2021,Standard Class,C-56399,Sara Wilson,Home Office,United States,Philadelphia,Pennsylvania,East,P-022,Furniture,Storage,Drawer Unit,1211.48,4,0.3,226.95
EC-2023-001675,12/3/2023,12/9/2023,Second Class,C-20416,Maria Garcia,Corporate,United States,Houston,Texas,South,P-029,Office Supplies,Art,Pencil Set,304.24,4,0,92.36
EC-2024-001676,3/24/2024,3/25/2024,First Class,C-98740,James Lee,Home Office,United States,Los Angeles,California,West,P-013,Furniture,Chairs,Office Chair,1472.64,4,0,498.71
EC-2023-001677,4/11/2023,4/12/2023,Second Class,C-96661,John Smith,Consumer,United States,Austin,Texas,South,P-038,Clothing,Accessories,Belt,389.93,5,0.3,59.86
EC-2021-001678,12/25/2021,12/26/2021,First Class,C-24841,Emily Davis,Consumer,United States,Philadelphia,Pennsylvania,East,P-034,Clothing,Shoes,Running Shoes,516.92,4,0.1,84.63
EC-2022-001679,9/5/2022,9/9/2022,Standard Class,C-94275,John Smith,Corporate,United States,Phoenix,Arizona,West,P-014,Furniture,Chairs,Gaming Chair,365.22,5,0.1,42.09
EC-2022-001680,12/30/2022,12/31/2022,First Class,C-34400,Michael Chen,Corporate,United States,Austin,Texas,South,P-038,Clothing,Accessories,Belt,55.28,1,0,8.56
EC-2023-001681,6/2/2023,6/6/2023,Standard Class,C-42785,Anna Brown,Consumer,United States,Houston,Texas,South,P-023,Office Supplies,Paper,A4 Ream,143.2,4,0,13.85
EC-2022-001682,9/5/2022,9/8/2022,First Class,C-28333,Emily Davis,Consumer,United States,San Antonio,Texas,South,P-039,Clothing,Accessories,Wallet,83.08,4,0.3,-2.51
EC-2024-001683,12/23/2024,12/25/2024,First Class,C-31012,Anna Brown,Consumer,United States,Los Angeles,California,West,P-033,Clothing,Shirts,Polo Shirt,73.55,4,0.1,-6.03
EC-2023-001684,5/13/2023,5/17/2023,Standard Class,C-60967,James Lee,Corporate,United States,San Diego,California,West,P-036,Clothing,Jackets,Windbreaker,188.35,4,0.2,50.44
EC-2021-001685,9/16/2021,9/18/2021,Second Class,C-66317,John Smith,Home Office,United States,Philadelphia,Pennsylvania,East,P-001,Electronics,Phones,Nokia 3310,1251.08,2,0,317.14
EC-2022-001686,8/1/2022,8/5/2022,Standard Class,C-44541,Anna Brown,Corporate,United States,Los Angeles,California,West,P-039,Clothing,Accessories,Wallet,491.9,5,0,-18.42
EC-2024-001687,12/17/2024,12/24/2024,Standard Class,C-25789,James Lee,Home Office,United States,Los Angeles,California,West,P-035,Clothing,Shoes,Casual Sneakers,141.64,5,0.3,-3.4
EC-2022-001688,1/29/2022,1/31/2022,Standard Class,C-93009,Anna Brown,Consumer,United States,San Antonio,Texas,South,P-033,Clothing,Shirts,Polo Shirt,24.55,1,0.1,4.23
EC-2023-001689,9/9/2023,9/10/2023,Second Class,C-64797,Anna Brown,Corporate,United States,San Diego,California,West,P-020,Furniture,Bookcases,3-Shelf Bookcase,714.69,3,0,95.89
EC-2021-001690,3/25/2021,3/26/2021,First Class,C-66479,James Lee,Home Office,United States,New York,New York,East,P-023,Office Supplies,Paper,A4 Ream,83.6,4,0,-8.09
EC-2022-001691,11/16/2022,11/19/2022,Second Class,C-87189,Emily Davis,Consumer,United States,Los Angeles,California,West,P-031,Office Supplies,Envelopes,Bubble Mailer,112.44,2,0,17.78
EC-2024-001692,4/11/2024,4/15/2024,Standard Class,C-34960,Anna Brown,Consumer,United States,Los Angeles,California,West,P-019,Furniture,Bookcases,5-Shelf Bookcase,2036.85,5,0,126.92
EC-2024-001693,1/25/2024,1/30/2024,Same Day,C-26755,Anna Brown,Corporate,United States,Philadelphia,Pennsylvania,East,P-032,Clothing,Shirts,Cotton T-Shirt,237.76,2,0.2,-18.99
EC-2023-001694,1/20/2023,1/24/2023,Second Class,C-88532,Carlos Rivera,Corporate,United States,Los Angeles,California,West,P-037,Clothing,Jackets,Hoodie,320.72,5,0.2,-9.21
EC-2024-001695,3/5/2024,3/6/2024,Same Day,C-67376,Michael Chen,Home Office,United States,Houston,Texas,South,P-019,Furniture,Bookcases,5-Shelf Bookcase,1349.64,5,0.2,-46.09
EC-2022-001696,2/28/2022,3/2/2022,Standard Class,C-78822,Carlos Rivera,Consumer,United States,New York,New York,East,P-039,Clothing,Accessories,Wallet,75.95,1,0.2,14.17
EC-2024-001697,12/21/2024,12/24/2024,Standard Class,C-29416,Carlos Rivera,Consumer,United States,San Diego,California,West,P-027,Office Supplies,Binders,Report Cover,108.95,5,0,14.99
EC-2024-001698,8/8/2024,8/10/2024,Second Class,C-52540,Maria Garcia,Home Office,United States,Houston,Texas,South,P-019,Furniture,Bookcases,5-Shelf Bookcase,169.53,3,0.3,39.25
EC-2024-001699,6/6/2024,6/9/2024,Second Class,C-43552,John Smith,Consumer,United States,Philadelphia,Pennsylvania,East,P-027,Office Supplies,Binders,Report Cover,93.51,2,0.3,-3.18
EC-2022-001700,6/12/2022,6/19/2022,Standard Class,C-92549,Michael Chen,Home Office,United States,Austin,Texas,South,P-012,Electronics,Tablets,Fire HD,1325.28,2,0,173.13
EC-2023-001701,6/8/2023,6/11/2023,Second Class,C-34754,Sara Wilson,Corporate,United States,Chicago,Illinois,Central,P-021,Furniture,Storage,Cabinet,1351.6,4,0,-39.83
EC-2022-001702,9/28/2022,9/30/2022,Standard Class,C-62757,Maria Garcia,Corporate,United States,Chicago,Illinois,Central,P-019,Furniture,Bookcases,5-Shelf Bookcase,104.51,1,0.1,12.91
EC-2021-001703,7/24/2021,7/28/2021,Second Class,C-45082,James Lee,Consumer,United States,San Antonio,Texas,South,P-015,Furniture,Chairs,Stool,509.81,1,0,-19.04
EC-2024-001704,1/16/2024,1/22/2024,Second Class,C-50289,Emily Davis,Home Office,United States,Philadelphia,Pennsylvania,East,P-001,Electronics,Phones,Nokia 3310,645.57,4,0.2,-20.51
EC-2021-001705,4/25/2021,4/30/2021,Second Class,C-77048,Michael Chen,Home Office,United States,Phoenix,Arizona,West,P-034,Clothing,Shoes,Running Shoes,17.86,1,0,-1.14
EC-2021-001706,2/19/2021,2/21/2021,Standard Class,C-60429,Maria Garcia,Corporate,United States,San Antonio,Texas,South,P-013,Furniture,Chairs,Office Chair,791.16,3,0,258.32
EC-2022-001707,4/5/2022,4/6/2022,Second Class,C-15681,James Lee,Corporate,United States,Phoenix,Arizona,West,P-034,Clothing,Shoes,Running Shoes,98.12,1,0,-9.63
EC-2024-001708,5/13/2024,5/15/2024,First Class,C-75437,Emily Davis,Consumer,United States,San Antonio,Texas,South,P-022,Furniture,Storage,Drawer Unit,1214.61,3,0,379.71
EC-2021-001709,11/1/2021,11/8/2021,Standard Class,C-46500,James Lee,Corporate,United States,Chicago,Illinois,Central,P-023,Office Supplies,Paper,A4 Ream,137.16,4,0,11.51
EC-2022-001710,1/8/2022,1/15/2022,First Class,C-93440,Emily Davis,Corporate,United States,San Antonio,Texas,South,P-007,Electronics,Laptops,HP 15,1177.82,4,0.3,402.64
EC-2023-001711,5/8/2023,5/13/2023,Same Day,C-65291,Anna Brown,Home Office,United States,Dallas,Texas,South,P-017,Furniture,Tables,Coffee Table,642.4,2,0.1,48.23
EC-2021-001712,1/6/2021,1/8/2021,Same Day,C-28264,Carlos Rivera,Corporate,United States,New York,New York,East,P-039,Electronics,Accessories,Wallet,768.21,1,0,248.45
EC-2022-001713,5/12/2022,5/14/2022,Standard Class,C-65667,Emily Davis,Consumer,United States,Houston,Texas,South,P-035,Clothing,Shoes,Casual Sneakers,55.49,2,0.1,14.98
EC-2024-001714,4/6/2024,4/7/2024,Standard Class,C-11635,Michael Chen,Home Office,United States,Dallas,Texas,South,P-003,Electronics,Phones,iPhone SE,217.92,3,0,-4.82
EC-2021-001715,10/14/2021,10/20/2021,First Class,C-11731,Carlos Rivera,Home Office,United States,San Diego,California,West,P-017,Furniture,Tables,Coffee Table,876.15,3,0.1,249.19
EC-2024-001716,8/8/2024,8/9/2024,Standard Class,C-82634,Carlos Rivera,Consumer,United States,Austin,Texas,South,P-038,Electronics,Accessories,Belt,162.82,4,0.3,54.46
EC-2021-001717,11/18/2021,11/21/2021,Same Day,C-17339,Anna Brown,Home Office,United States,Los Angeles,California,West,P-027,Office Supplies,Binders,Report Cover,109.68,2,0.3,12.46
EC-2024-001718,11/19/2024,11/23/2024,Same Day,C-65603,Anna Brown,Corporate,United States,Dallas,Texas,South,P-034,Clothing,Shoes,Running Shoes,253.36,2,0,73.73
EC-2021-001719,6/9/2021,6/12/2021,Second Class,C-88264,John Smith,Corporate,United States,Austin,Texas,South,P-023,Office Supplies,Paper,A4 Ream,36.74,2,0.2,-0.3
EC-2024-001720,7/31/2024,8/1/2024,Second Class,C-15987,John Smith,Corporate,United States,Houston,Texas,South,P-026,Office Supplies,Binders,3-Ring Binder,391.25,5,0,85.73
EC-2021-001721,1/18/2021,1/21/2021,Standard Class,C-98432,Maria Garcia,Corporate,United States,Phoenix,Arizona,West,P-024,Office Supplies,Paper,Notebook,80.05,4,0.3,-1.25
EC-2023-001722,10/26/2023,11/2/2023,Same Day,C-70700,Maria Garcia,Consumer,United States,Chicago,Illinois,Central,P-030,Office Supplies,Envelopes,Letter Envelopes,40.77,1,0,4.01
EC-2024-001723,10/27/2024,11/2/2024,Standard Class,C-95379,Emily Davis,Home Office,United States,Chicago,Illinois,Central,P-038,Electronics,Accessories,Belt,3180.24,5,0.2,1105.72
EC-2022-001724,8/19/2022,8/22/2022,Second Class,C-89544,Maria Garcia,Corporate,United States,Austin,Texas,South,P-035,Clothing,Shoes,Casual Sneakers,540.96,4,0,60.94
EC-2021-001725,1/31/2021,2/2/2021,Second Class,C-31164,Maria Garcia,Home Office,United States,Phoenix,Arizona,West,P-021,Furniture,Storage,Cabinet,1357.72,4,0,137.01
EC-2021-001726,7/2/2021,7/3/2021,Same Day,C-95235,James Lee,Home Office,United States,Chicago,Illinois,Central,P-029,Office Supplies,Art,Pencil Set,97.4,4,0,27.17
EC-2023-001727,1/15/2023,1/22/2023,Same Day,C-51110,Emily Davis,Corporate,United States,Phoenix,Arizona,West,P-010,Electronics,Tablets,iPad Mini,1246.95,2,0.1,199.54
EC-2023-001728,7/11/2023,7/14/2023,Second Class,C-30258,Maria Garcia,Home Office,United States,New York,New York,East,P-012,Electronics,Tablets,Fire HD,848.09,2,0.3,-75.4
EC-2024-001729,3/13/2024,3/17/2024,Same Day,C-80138,Sara Wilson,Consumer,United States,Los Angeles,California,West,P-030,Office Supplies,Envelopes,Letter Envelopes,70.56,1,0,13.39
EC-2021-001730,8/10/2021,8/14/2021,Same Day,C-37870,Sara Wilson,Consumer,United States,San Antonio,Texas,South,P-001,Electronics,Phones,Nokia 3310,889.62,3,0,310.42
EC-2021-001731,3/20/2021,3/25/2021,Standard Class,C-59844,John Smith,Corporate,United States,Chicago,Illinois,Central,P-008,Electronics,Laptops,Dell Inspiron,1272.38,3,0.2,75.58
EC-2022-001732,3/14/2022,3/15/2022,Same Day,C-63093,Maria Garcia,Consumer,United States,Houston,Texas,South,P-031,Office Supplies,Envelopes,Bubble Mailer,50.48,2,0,4.67
EC-2023-001733,12/11/2023,12/13/2023,Second Class,C-31565,Anna Brown,Consumer,United States,Phoenix,Arizona,West,P-031,Office Supplies,Envelopes,Bubble Mailer,47.72,4,0,16.18
EC-2023-001734,9/1/2023,9/6/2023,Same Day,C-88266,Anna Brown,Home Office,United States,Chicago,Illinois,Central,P-031,Office Supplies,Envelopes,Bubble Mailer,142.2,5,0.1,42.22
EC-2024-001735,9/22/2024,9/29/2024,Standard Class,C-98335,Michael Chen,Consumer,United States,Philadelphia,Pennsylvania,East,P-039,Electronics,Accessories,Wallet,1300.28,2,0.1,-120.65
EC-2021-001736,9/15/2021,9/21/2021,Second Class,C-88766,Michael Chen,Home Office,United States,Dallas,Texas,South,P-024,Office Supplies,Paper,Notebook,13.93,2,0.1,-0.36
EC-2022-001737,1/27/2022,2/2/2022,First Class,C-26350,Sara Wilson,Consumer,United States,Austin,Texas,South,P-019,Furniture,Bookcases,5-Shelf Bookcase,503.17,1,0,160.51
EC-2022-001738,12/22/2022,12/25/2022,First Class,C-82450,James Lee,Corporate,United States,San Diego,California,West,P-039,Clothing,Accessories,Wallet,54.56,2,0.1,-0.97
EC-2024-001739,9/12/2024,9/18/2024,First Class,C-21749,John Smith,Home Office,United States,San Antonio,Texas,South,P-039,Clothing,Accessories,Wallet,109.78,1,0,-9.61
EC-2024-001740,7/1/2024,7/6/2024,Same Day,C-37770,Anna Brown,Home Office,United States,Los Angeles,California,West,P-033,Clothing,Shirts,Polo Shirt,58.06,1,0.3,7.95
EC-2022-001741,2/5/2022,2/12/2022,First Class,C-61879,John Smith,Consumer,United States,Dallas,Texas,South,P-038,Clothing,Accessories,Belt,524.27,4,0.1,169.02
EC-2022-001742,7/3/2022,7/9/2022,Same Day,C-30103,Emily Davis,Corporate,United States,Phoenix,Arizona,West,P-027,Office Supplies,Binders,Report Cover,49.95,1,0.1,-0.9
EC-2024-001743,3/17/2024,3/21/2024,Same Day,C-66243,James Lee,Home Office,United States,Houston,Texas,South,P-028,Office Supplies,Art,Markers Set,77.8,4,0,22.59
EC-2022-001744,10/14/2022,10/19/2022,Standard Class,C-61381,Carlos Rivera,Corporate,United States,Chicago,Illinois,Central,P-035,Clothing,Shoes,Casual Sneakers,45.5,2,0.2,3.89
EC-2021-001745,7/10/2021,7/11/2021,Second Class,C-81260,Maria Garcia,Corporate,United States,New York,New York,East,P-019,Furniture,Bookcases,5-Shelf Bookcase,2035.1,5,0,118.74
EC-2023-001746,7/19/2023,7/25/2023,Standard Class,C-59559,Carlos Rivera,Consumer,United States,Philadelphia,Pennsylvania,East,P-032,Clothing,Shirts,Cotton T-Shirt,206.18,2,0,-2.23
EC-2021-001747,10/22/2021,10/28/2021,Second Class,C-44340,James Lee,Home Office,United States,New York,New York,East,P-007,Electronics,Laptops,HP 15,666.0,5,0,54.69
EC-2023-001748,1/11/2023,1/18/2023,Second Class,C-20002,Anna Brown,Corporate,United States,Houston,Texas,South,P-002,Electronics,Phones,Samsung A12,376.45,1,0.1,27.13
EC-2024-001749,7/21/2024,7/25/2024,First Class,C-14122,Maria Garcia,Consumer,United States,Chicago,Illinois,Central,P-039,Clothing,Accessories,Wallet,22.92,2,0.3,5.05
EC-2024-001750,6/11/2024,6/16/2024,Standard Class,C-80248,John Smith,Consumer,United States,San Diego,California,West,P-029,Office Supplies,Art,Pencil Set,132.39,3,0,-4.28
EC-2021-001751,8/24/2021,8/26/2021,Standard Class,C-22054,Emily Davis,Corporate,United States,New York,New York,East,P-017,Furniture,Tables,Coffee Table,388.56,2,0,-5.13
EC-2023-001752,6/13/2023,6/18/2023,First Class,C-50840,James Lee,Consumer,United States,San Antonio,Texas,South,P-031,Office Supplies,Envelopes,Bubble Mailer,48.52,3,0.1,3.92
EC-2023-001753,7/3/2023,7/7/2023,First Class,C-36177,Emily Davis,Home Office,United States,Austin,Texas,South,P-022,Furniture,Storage,Drawer Unit,2521.3,5,0,585.42
EC-2021-001754,12/9/2021,12/10/2021,Same Day,C-33580,Emily Davis,Corporate,United States,San Diego,California,West,P-024,Office Supplies,Paper,Notebook,135.05,5,0,-6.87
EC-2022-001755,5/18/2022,5/19/2022,First Class,C-11428,Emily Davis,Home Office,United States,Houston,Texas,South,P-035,Clothing,Shoes,Casual Sneakers,195.66,3,0,10.35
EC-2022-001756,4/22/2022,4/27/2022,First Class,C-89679,Maria Garcia,Corporate,United States,Los Angeles,California,West,P-022,Furniture,Storage,Drawer Unit,1964.7,5,0,158.9
EC-2022-001757,10/18/2022,10/20/2022,Same Day,C-32431,Emily Davis,Consumer,United States,Houston,Texas,South,P-039,Clothing,Accessories,Wallet,222.26,3,0.1,19.06
EC-2022-001758,8/7/2022,8/8/2022,Same Day,C-15127,Emily Davis,Consumer,United States,Austin,Texas,South,P-034,Clothing,Shoes,Running Shoes,213.56,4,0,68.07
EC-2021-001759,7/14/2021,7/21/2021,First Class,C-74725,John Smith,Home Office,United States,San Antonio,Texas,South,P-002,Electronics,Phones,Samsung A12,691.23,3,0.1,51.1
EC-2023-001760,10/8/2023,10/15/2023,Second Class,C-67105,Anna Brown,Corporate,United States,Los Angeles,California,West,P-037,Clothing,Jackets,Hoodie,18.95,1,0,1.74
EC-2023-001761,1/26/2023,2/2/2023,Second Class,C-19835,Carlos Rivera,Consumer,United States,San Diego,California,West,P-013,Furniture,Chairs,Office Chair,215.04,1,0,13.85
EC-2024-001762,12/1/2024,12/3/2024,Same Day,C-93480,Sara Wilson,Home Office,United States,Chicago,Illinois,Central,P-031,Office Supplies,Envelopes,Bubble Mailer,41.97,3,0,11.58
EC-2024-001763,9/16/2024,9/20/2024,Same Day,C-83205,Anna Brown,Corporate,United States,Phoenix,Arizona,West,P-039,Electronics,Accessories,Wallet,658.11,3,0,173.36
EC-2023-001764,10/10/2023,10/11/2023,Standard Class,C-37349,Emily Davis,Consumer,United States,Houston,Texas,South,P-013,Furniture,Chairs,Office Chair,1293.76,4,0,253.96
EC-2023-001765,10/31/2023,11/1/2023,First Class,C-34635,Maria Garcia,Consumer,United States,Chicago,Illinois,Central,P-030,Office Supplies,Envelopes,Letter Envelopes,108.54,4,0.2,22.15
EC-2024-001766,11/6/2024,11/9/2024,Second Class,C-70404,James Lee,Home Office,United States,Austin,Texas,South,P-030,Office Supplies,Envelopes,Letter Envelopes,11.23,1,0.3,-0.28
EC-2024-001767,9/17/2024,9/22/2024,First Class,C-29742,Michael Chen,Corporate,United States,Dallas,Texas,South,P-024,Office Supplies,Paper,Notebook,69.35,5,0,-1.08
EC-2023-001768,6/23/2023,6/26/2023,Second Class,C-33153,Carlos Rivera,Consumer,United States,Philadelphia,Pennsylvania,East,P-036,Clothing,Jackets,Windbreaker,410.24,4,0,56.7
EC-2024-001769,10/27/2024,10/28/2024,Standard Class,C-79747,Maria Garcia,Consumer,United States,Houston,Texas,South,P-038,Clothing,Accessories,Belt,24.44,1,0.2,-0.95
EC-2023-001770,3/14/2023,3/18/2023,First Class,C-88159,Carlos Rivera,Consumer,United States,Los Angeles,California,West,P-027,Office Supplies,Binders,Report Cover,84.28,2,0,13.0
EC-2023-001771,10/28/2023,11/3/2023,First Class,C-31842,James Lee,Corporate,United States,Austin,Texas,South,P-001,Electronics,Phones,Nokia 3310,1378.84,2,0,-59.79
EC-2021-001772,1/27/2021,2/2/2021,First Class,C-87857,Emily Davis,Corporate,United States,Dallas,Texas,South,P-030,Office Supplies,Envelopes,Letter Envelopes,19.68,3,0,-0.6
EC-2022-001773,5/22/2022,5/26/2022,Second Class,C-29212,Maria Garcia,Consumer,United States,Los Angeles,California,West,P-033,Clothing,Shirts,Polo Shirt,274.74,3,0,-5.7
EC-2022-001774,11/19/2022,11/23/2022,First Class,C-70129,John Smith,Home Office,United States,Dallas,Texas,South,P-009,Electronics,Laptops,Lenovo IdeaPad,1663.91,3,0.3,326.04
EC-2023-001775,11/27/2023,12/4/2023,Second Class,C-63781,Anna Brown,Corporate,United States,Austin,Texas,South,P-029,Office Supplies,Art,Pencil Set,88.38,5,0.3,-2.14
EC-2021-001776,3/5/2021,3/7/2021,Same Day,C-93720,Maria Garcia,Home Office,United States,Austin,Texas,South,P-020,Furniture,Bookcases,3-Shelf Bookcase,266.9,1,0,87.06
EC-2022-001777,6/28/2022,7/4/2022,Same Day,C-78167,Emily Davis,Corporate,United States,Philadelphia,Pennsylvania,East,P-030,Office Supplies,Envelopes,Letter Envelopes,147.57,3,0,15.82
EC-2024-001778,3/6/2024,3/13/2024,Second Class,C-29690,Carlos Rivera,Corporate,United States,Philadelphia,Pennsylvania,East,P-011,Electronics,Tablets,Samsung Tab,2175.88,4,0.3,204.84
EC-2022-001779,8/14/2022,8/15/2022,Same Day,C-50084,John Smith,Consumer,United States,Phoenix,Arizona,West,P-020,Furniture,Bookcases,3-Shelf Bookcase,243.12,3,0.2,21.16
EC-2021-001780,4/13/2021,4/16/2021,First Class,C-30321,Maria Garcia,Corporate,United States,Chicago,Illinois,Central,P-036,Clothing,Jackets,Windbreaker,423.54,5,0.3,142.97
EC-2023-001781,6/4/2023,6/9/2023,Standard Class,C-60625,Michael Chen,Corporate,United States,Los Angeles,California,West,P-026,Office Supplies,Binders,3-Ring Binder,22.23,3,0,6.52
EC-2022-001782,9/11/2022,9/16/2022,Same Day,C-42770,James Lee,Consumer,United States,Phoenix,Arizona,West,P-033,Clothing,Shirts,Polo Shirt,255.96,3,0.2,-2.35
EC-2022-001783,9/17/2022,9/18/2022,Same Day,C-67920,Emily Davis,Home Office,United States,Phoenix,Arizona,West,P-035,Clothing,Shoes,Casual Sneakers,319.28,4,0.1,25.16
EC-2023-001784,5/26/2023,5/30/2023,Same Day,C-21590,James Lee,Corporate,United States,San Antonio,Texas,South,P-031,Office Supplies,Envelopes,Bubble Mailer,35.4,5,0,11.94
EC-2021-001785,9/18/2021,9/23/2021,First Class,C-70661,Sara Wilson,Home Office,United States,San Diego,California,West,P-027,Office Supplies,Binders,Report Cover,36.08,4,0,-1.85
EC-2022-001786,7/8/2022,7/15/2022,Second Class,C-25917,John Smith,Corporate,United States,Los Angeles,California,West,P-001,Electronics,Phones,Nokia 3310,2999.07,5,0.1,-231.39
EC-2023-001787,10/12/2023,10/14/2023,Standard Class,C-73564,Anna Brown,Home Office,United States,Houston,Texas,South,P-018,Furniture,Tables,Desk,496.57,3,0.3,-51.66
EC-2021-001788,11/10/2021,11/15/2021,Second Class,C-68171,Michael Chen,Home Office,United States,Los Angeles,California,West,P-001,Electronics,Phones,Nokia 3310,211.86,1,0.1,12.16
EC-2023-001789,4/9/2023,4/13/2023,First Class,C-29168,John Smith,Consumer,United States,Chicago,Illinois,Central,P-002,Electronics,Phones,Samsung A12,1865.53,4,0.3,438.67
EC-2024-001790,9/8/2024,9/10/2024,Standard Class,C-74613,Emily Davis,Home Office,United States,Chicago,Illinois,Central,P-018,Furniture,Tables,Desk,982.8,3,0,245.96
EC-2024-001791,11/29/2024,12/6/2024,Same Day,C-83952,Michael Chen,Corporate,United States,Los Angeles,California,West,P-031,Office Supplies,Envelopes,Bubble Mailer,132.02,2,0,-5.35
EC-2024-001792,8/14/2024,8/20/2024,Second Class,C-70076,Carlos Rivera,Corporate,United States,Austin,Texas,South,P-007,Electronics,Laptops,HP 15,2193.24,3,0,417.53
EC-2023-001793,10/23/2023,10/30/2023,First Class,C-95972,James Lee,Consumer,United States,San Diego,California,West,P-039,Electronics,Accessories,Wallet,3271.09,5,0.1,-66.7
EC-2021-001794,10/14/2021,10/17/2021,Second Class,C-96372,James Lee,Corporate,United States,Phoenix,Arizona,West,P-029,Office Supplies,Art,Pencil Set,265.36,4,0.1,89.9
EC-2024-001795,4/20/2024,4/25/2024,Same Day,C-97197,Maria Garcia,Home Office,United States,Philadelphia,Pennsylvania,East,P-027,Office Supplies,Binders,Report Cover,7.05,1,0.3,-0.21
EC-2022-001796,4/20/2022,4/27/2022,Standard Class,C-90203,Carlos Rivera,Consumer,United States,Houston,Texas,South,P-039,Clothing,Accessories,Wallet,407.88,4,0.1,-39.98
EC-2021-001797,5/30/2021,6/3/2021,Second Class,C-27460,Anna Brown,Home Office,United States,Philadelphia,Pennsylvania,East,P-003,Electronics,Phones,iPhone SE,2227.98,3,0,578.42
EC-2023-001798,6/16/2023,6/22/2023,Standard Class,C-21274,John Smith,Consumer,United States,Phoenix,Arizona,West,P-020,Furniture,Bookcases,3-Shelf Bookcase,1490.94,4,0.2,-43.63
EC-2021-001799,10/15/2021,10/16/2021,Second Class,C-84759,Sara Wilson,Corporate,United States,Philadelphia,Pennsylvania,East,P-038,Electronics,Accessories,Belt,1374.88,5,0.1,-14.72
EC-2021-001800,5/18/2021,5/22/2021,Same Day,C-49089,Maria Garcia,Home Office,United States,San Antonio,Texas,South,P-028,Office Supplies,Art,Markers Set,352.75,5,0,31.1
EC-2021-001801,4/16/2021,4/21/2021,Second Class,C-18906,James Lee,Corporate,United States,San Diego,California,West,P-010,Electronics,Tablets,iPad Mini,654.06,3,0,109.31
EC-2024-001802,3/24/2024,3/26/2024,First Class,C-86385,Sara Wilson,Home Office,United States,San Diego,California,West,P-025,Office Supplies,Paper,Sticky Notes,27.95,1,0.2,-2.17
EC-2022-001803,11/24/2022,11/28/2022,First Class,C-53202,John Smith,Consumer,United States,Phoenix,Arizona,West,P-023,Office Supplies,Paper,A4 Ream,71.6,1,0,7.97
EC-2024-001804,2/29/2024,3/5/2024,Second Class,C-82276,Sara Wilson,Corporate,United States,New York,New York,East,P-021,Furniture,Storage,Cabinet,2008.82,5,0.3,-140.86
EC-2021-001805,8/2/2021,8/3/2021,Standard Class,C-12810,John Smith,Home Office,United States,Dallas,Texas,South,P-019,Furniture,Bookcases,5-Shelf Bookcase,1505.45,4,0.1,-21.23
EC-2024-001806,10/28/2024,11/3/2024,Same Day,C-65945,James Lee,Home Office,United States,New York,New York,East,P-039,Electronics,Accessories,Wallet,249.51,4,0.3,21.85
EC-2024-001807,6/14/2024,6/17/2024,First Class,C-11317,Anna Brown,Consumer,United States,Philadelphia,Pennsylvania,East,P-010,Electronics,Tablets,iPad Mini,377.39,1,0,45.14
EC-2022-001808,5/27/2022,6/3/2022,Second Class,C-88959,Anna Brown,Consumer,United States,New York,New York,East,P-032,Clothing,Shirts,Cotton T-Shirt,64.22,2,0,4.05
EC-2023-001809,9/8/2023,9/14/2023,Second Class,C-56787,Anna Brown,Home Office,United States,Los Angeles,California,West,P-027,Office Supplies,Binders,Report Cover,53.65,5,0,10.65
EC-2024-001810,2/4/2024,2/7/2024,First Class,C-63848,Sara Wilson,Home Office,United States,Houston,Texas,South,P-037,Clothing,Jackets,Hoodie,232.2,5,0.2,18.88
EC-2021-001811,10/8/2021,10/15/2021,First Class,C-14701,Anna Brown,Consumer,United States,San Diego,California,West,P-023,Office Supplies,Paper,A4 Ream,121.28,2,0,-1.96
EC-2021-001812,2/13/2021,2/17/2021,First Class,C-60323,Sara Wilson,Corporate,United States,New York,New York,East,P-038,Clothing,Accessories,Belt,283.23,3,0,19.24
EC-2023-001813,6/29/2023,6/30/2023,Same Day,C-14103,Emily Davis,Consumer,United States,Houston,Texas,South,P-011,Electronics,Tablets,Samsung Tab,602.62,4,0.2,39.58
EC-2024-001814,4/25/2024,4/27/2024,Same Day,C-98862,Carlos Rivera,Corporate,United States,New York,New York,East,P-008,Electronics,Laptops,Dell Inspiron,699.31,1,0,151.04
EC-2021-001815,11/29/2021,12/3/2021,Standard Class,C-21211,Anna Brown,Home Office,United States,Dallas,Texas,South,P-039,Clothing,Accessories,Wallet,32.8,1,0,9.51
EC-2021-001816,3/21/2021,3/26/2021,First Class,C-96609,Emily Davis,Corporate,United States,Phoenix,Arizona,West,P-029,Office Supplies,Art,Pencil Set,272.2,5,0,23.76
EC-2023-001817,8/6/2023,8/7/2023,Same Day,C-38553,Michael Chen,Consumer,United States,Dallas,Texas,South,P-027,Office Supplies,Binders,Report Cover,21.01,3,0.1,5.07
EC-2024-001818,6/3/2024,6/8/2024,Same Day,C-39808,James Lee,Consumer,United States,Philadelphia,Pennsylvania,East,P-002,Electronics,Phones,Samsung A12,554.55,3,0,-17.23
EC-2021-001819,8/23/2021,8/29/2021,Same Day,C-43954,Carlos Rivera,Consumer,United States,New York,New York,East,P-013,Furniture,Chairs,Office Chair,305.23,1,0.2,-24.28
EC-2021-001820,4/2/2021,4/7/2021,Second Class,C-36744,Emily Davis,Corporate,United States,Houston,Texas,South,P-009,Electronics,Laptops,Lenovo IdeaPad,432.44,4,0,-8.79
EC-2024-001821,8/7/2024,8/11/2024,Second Class,C-59114,Sara Wilson,Consumer,United States,Phoenix,Arizona,West,P-030,Office Supplies,Envelopes,Letter Envelopes,88.47,3,0,30.3
EC-2023-001822,1/25/2023,1/26/2023,Second Class,C-76608,Emily Davis,Consumer,United States,Phoenix,Arizona,West,P-023,Office Supplies,Paper,A4 Ream,25.94,2,0,5.27
EC-2024-001823,9/7/2024,9/13/2024,Second Class,C-92617,Michael Chen,Corporate,United States,Chicago,Illinois,Central,P-021,Furniture,Storage,Cabinet,922.7,2,0.2,185.51
EC-2023-001824,8/26/2023,9/1/2023,Same Day,C-53081,Anna Brown,Home Office,United States,San Diego,California,West,P-003,Electronics,Phones,iPhone SE,460.32,2,0.2,-6.35
EC-2022-001825,10/7/2022,10/13/2022,Standard Class,C-76275,Maria Garcia,Home Office,United States,Los Angeles,California,West,P-027,Office Supplies,Binders,Report Cover,153.52,4,0,11.35
EC-2023-001826,7/9/2023,7/16/2023,Standard Class,C-28106,Carlos Rivera,Consumer,United States,San Antonio,Texas,South,P-030,Office Supplies,Envelopes,Letter Envelopes,133.97,2,0.1,33.79
EC-2021-001827,8/30/2021,8/31/2021,Standard Class,C-31859,Maria Garcia,Corporate,United States,San Antonio,Texas,South,P-029,Office Supplies,Art,Pencil Set,96.4,2,0,-9.05
EC-2021-001828,7/26/2021,7/28/2021,Second Class,C-60870,Michael Chen,Corporate,United States,New York,New York,East,P-037,Clothing,Jackets,Hoodie,108.16,1,0,22.12
EC-2024-001829,11/28/2024,12/3/2024,First Class,C-15929,Maria Garcia,Home Office,United States,Houston,Texas,South,P-027,Office Supplies,Binders,Report Cover,33.43,3,0.2,-2.33
EC-2024-001830,7/15/2024,7/19/2024,Same Day,C-20982,James Lee,Corporate,United States,San Antonio,Texas,South,P-031,Office Supplies,Envelopes,Bubble Mailer,80.51,2,0.3,22.53
EC-2024-001831,8/22/2024,8/26/2024,Same Day,C-40443,Carlos Rivera,Corporate,United States,San Antonio,Texas,South,P-009,Electronics,Laptops,Lenovo IdeaPad,912.7,5,0,-91.3
EC-2024-001832,3/1/2024,3/6/2024,Same Day,C-15496,Anna Brown,Home Office,United States,San Diego,California,West,P-036,Clothing,Jackets,Windbreaker,214.04,4,0,-5.93
EC-2021-001833,7/23/2021,7/26/2021,Second Class,C-47811,Carlos Rivera,Consumer,United States,Phoenix,Arizona,West,P-037,Clothing,Jackets,Hoodie,193.9,4,0.1,-2.27
EC-2021-001834,10/16/2021,10/17/2021,Standard Class,C-10873,Sara Wilson,Home Office,United States,Houston,Texas,South,P-039,Electronics,Accessories,Wallet,56.41,1,0.2,-1.19
EC-2022-001835,8/1/2022,8/6/2022,Same Day,C-25720,Sara Wilson,Home Office,United States,San Antonio,Texas,South,P-007,Electronics,Laptops,HP 15,1762.68,4,0,573.57
EC-2021-001836,6/27/2021,7/4/2021,Second Class,C-19745,Emily Davis,Corporate,United States,Chicago,Illinois,Central,P-039,Clothing,Accessories,Wallet,102.02,1,0.3,29.38
EC-2023-001837,7/18/2023,7/24/2023,Second Class,C-78327,Emily Davis,Home Office,United States,San Diego,California,West,P-020,Furniture,Bookcases,3-Shelf Bookcase,1342.62,3,0,241.69
EC-2024-001838,7/8/2024,7/9/2024,Same Day,C-29848,Sara Wilson,Consumer,United States,Houston,Texas,South,P-015,Furniture,Chairs,Stool,746.9,2,0.3,81.19
EC-2021-001839,9/27/2021,9/29/2021,Standard Class,C-33345,John Smith,Home Office,United States,Los Angeles,California,West,P-022,Furniture,Storage,Drawer Unit,73.49,1,0.1,-1.6
EC-2024-001840,7/16/2024,7/21/2024,First Class,C-97552,Sara Wilson,Home Office,United States,Houston,Texas,South,P-037,Clothing,Jackets,Hoodie,160.74,2,0,48.58
EC-2024-001841,1/18/2024,1/22/2024,Standard Class,C-42426,Michael Chen,Consumer,United States,Phoenix,Arizona,West,P-039,Clothing,Accessories,Wallet,81.46,3,0.1,27.76
EC-2022-001842,10/16/2022,10/22/2022,Same Day,C-40783,John Smith,Corporate,United States,Los Angeles,California,West,P-039,Electronics,Accessories,Wallet,2083.0,4,0.1,479.75
EC-2023-001843,4/18/2023,4/19/2023,First Class,C-62255,Carlos Rivera,Corporate,United States,San Diego,California,West,P-028,Office Supplies,Art,Markers Set,200.23,4,0.1,58.61
EC-2022-001844,3/25/2022,3/28/2022,Same Day,C-24459,Emily Davis,Corporate,United States,New York,New York,East,P-008,Electronics,Laptops,Dell Inspiron,1786.8,5,0,376.66
EC-2021-001845,2/13/2021,2/20/2021,First Class,C-37585,Emily Davis,Consumer,United States,San Antonio,Texas,South,P-015,Furniture,Chairs,Stool,2771.8,5,0,683.19
EC-2023-001846,3/22/2023,3/29/2023,Standard Class,C-42598,John Smith,Corporate,United States,Houston,Texas,South,P-018,Furniture,Tables,Desk,1494.56,3,0.1,171.4
EC-2021-001847,7/29/2021,8/3/2021,Second Class,C-42415,John Smith,Corporate,United States,San Antonio,Texas,South,P-003,Electronics,Phones,iPhone SE,503.13,3,0,59.87
EC-2024-001848,9/4/2024,9/8/2024,First Class,C-64444,John Smith,Home Office,United States,Chicago,Illinois,Central,P-024,Office Supplies,Paper,Notebook,69.65,1,0,14.02
EC-2024-001849,4/19/2024,4/26/2024,First Class,C-45920,Sara Wilson,Consumer,United States,San Antonio,Texas,South,P-038,Electronics,Accessories,Belt,2043.46,4,0.2,557.96
EC-2024-001850,9/5/2024,9/10/2024,First Class,C-47279,Anna Brown,Corporate,United States,Dallas,Texas,South,P-014,Furniture,Chairs,Gaming Chair,546.05,2,0.1,119.2
EC-2023-001851,3/18/2023,3/21/2023,Second Class,C-68600,Emily Davis,Home Office,United States,San Diego,California,West,P-033,Clothing,Shirts,Polo Shirt,380.3,5,0,-6.43
EC-2022-001852,11/12/2022,11/14/2022,Standard Class,C-62847,Sara Wilson,Consumer,United States,Los Angeles,California,West,P-033,Clothing,Shirts,Polo Shirt,137.73,4,0.2,-1.72
EC-2022-001853,6/1/2022,6/5/2022,First Class,C-63285,John Smith,Home Office,United States,Phoenix,Arizona,West,P-014,Furniture,Chairs,Gaming Chair,513.85,1,0,131.9
EC-2024-001854,1/23/2024,1/27/2024,Standard Class,C-20673,Maria Garcia,Home Office,United States,Philadelphia,Pennsylvania,East,P-027,Office Supplies,Binders,Report Cover,93.25,4,0.2,20.18
EC-2021-001855,9/18/2021,9/25/2021,Second Class,C-74904,James Lee,Consumer,United States,New York,New York,East,P-033,Clothing,Shirts,Polo Shirt,149.76,4,0,9.24
EC-2023-001856,3/29/2023,3/30/2023,Same Day,C-83899,James Lee,Consumer,United States,Phoenix,Arizona,West,P-035,Clothing,Shoes,Casual Sneakers,358.63,3,0.2,52.62
EC-2024-001857,6/11/2024,6/17/2024,First Class,C-27739,James Lee,Home Office,United States,Philadelphia,Pennsylvania,East,P-019,Furniture,Bookcases,5-Shelf Bookcase,651.0,2,0,213.61
EC-2023-001858,5/3/2023,5/5/2023,Second Class,C-22300,Sara Wilson,Corporate,United States,Chicago,Illinois,Central,P-033,Clothing,Shirts,Polo Shirt,149.1,1,0,-3.88
EC-2024-001859,7/3/2024,7/7/2024,Second Class,C-35249,Carlos Rivera,Consumer,United States,Austin,Texas,South,P-023,Office Supplies,Paper,A4 Ream,156.4,5,0,-7.2
EC-2023-001860,1/23/2023,1/28/2023,Standard Class,C-33373,Carlos Rivera,Corporate,United States,San Antonio,Texas,South,P-031,Office Supplies,Envelopes,Bubble Mailer,21.62,2,0,5.82
EC-2022-001861,11/8/2022,11/13/2022,First Class,C-32033,John Smith,Home Office,United States,Austin,Texas,South,P-039,Electronics,Accessories,Wallet,2712.46,5,0.3,-87.55
EC-2024-001862,6/13/2024,6/15/2024,Same Day,C-27953,Sara Wilson,Consumer,United States,Chicago,Illinois,Central,P-016,Furniture,Tables,Dining Table,1604.4,3,0,-153.44
EC-2022-001863,9/12/2022,9/17/2022,Same Day,C-78417,Emily Davis,Consumer,United States,Los Angeles,California,West,P-039,Clothing,Accessories,Wallet,184.63,4,0.3,35.51
EC-2024-001864,7/21/2024,7/28/2024,Standard Class,C-99832,Maria Garcia,Home Office,United States,Phoenix,Arizona,West,P-038,Electronics,Accessories,Belt,3059.59,5,0.1,602.83
EC-2021-001865,2/21/2021,2/28/2021,First Class,C-60129,Emily Davis,Corporate,United States,Philadelphia,Pennsylvania,East,P-036,Clothing,Jackets,Windbreaker,181.36,2,0.2,-3.95
EC-2023-001866,6/25/2023,6/28/2023,Second Class,C-75902,John Smith,Consumer,United States,San Diego,California,West,P-013,Furniture,Chairs,Office Chair,1154.46,3,0,373.25
EC-2022-001867,7/18/2022,7/24/2022,Second Class,C-13988,Sara Wilson,Corporate,United States,Dallas,Texas,South,P-025,Office Supplies,Paper,Sticky Notes,239.04,3,0,56.79
EC-2023-001868,8/28/2023,9/3/2023,Second Class,C-33187,James Lee,Consumer,United States,San Diego,California,West,P-038,Clothing,Accessories,Belt,227.11,5,0.3,21.79
EC-2021-001869,4/25/2021,4/29/2021,Second Class,C-12185,Emily Davis,Corporate,United States,New York,New York,East,P-010,Electronics,Tablets,iPad Mini,2080.26,3,0,512.85
EC-2023-001870,11/24/2023,11/25/2023,Second Class,C-32621,Sara Wilson,Corporate,United States,San Antonio,Texas,South,P-027,Office Supplies,Binders,Report Cover,49.35,5,0,-3.98
EC-2022-001871,2/11/2022,2/17/2022,Standard Class,C-25429,Emily Davis,Corporate,United States,San Diego,California,West,P-009,Electronics,Laptops,Lenovo IdeaPad,526.47,1,0,69.56
EC-2021-001872,6/30/2021,7/1/2021,Second Class,C-11368,Anna Brown,Consumer,United States,Los Angeles,California,West,P-033,Clothing,Shirts,Polo Shirt,140.21,5,0.3,-4.76
EC-2022-001873,5/21/2022,5/24/2022,Standard Class,C-28405,Emily Davis,Home Office,United States,Houston,Texas,South,P-030,Office Supplies,Envelopes,Letter Envelopes,79.21,4,0.3,10.78
EC-2022-001874,7/13/2022,7/15/2022,First Class,C-57659,Emily Davis,Corporate,United States,Chicago,Illinois,Central,P-034,Clothing,Shoes,Running Shoes,327.51,3,0,64.51
EC-2024-001875,4/13/2024,4/17/2024,Standard Class,C-47839,Anna Brown,Home Office,United States,Chicago,Illinois,Central,P-034,Clothing,Shoes,Running Shoes,596.64,4,0,145.46
EC-2023-001876,11/18/2023,11/25/2023,Standard Class,C-34435,Sara Wilson,Corporate,United States,Houston,Texas,South,P-028,Office Supplies,Art,Markers Set,40.08,1,0,8.22
EC-2023-001877,2/2/2023,2/7/2023,Second Class,C-30807,Michael Chen,Home Office,United States,San Antonio,Texas,South,P-022,Furniture,Storage,Drawer Unit,173.34,1,0.3,-8.2
EC-2024-001878,8/19/2024,8/20/2024,First Class,C-90820,Sara Wilson,Corporate,United States,Chicago,Illinois,Central,P-037,Clothing,Jackets,Hoodie,184.85,5,0,50.95
EC-2022-001879,5/14/2022,5/17/2022,First Class,C-76448,Maria Garcia,Home Office,United States,Philadelphia,Pennsylvania,East,P-039,Clothing,Accessories,Wallet,320.6,4,0,-1.99
EC-2024-001880,3/28/2024,4/1/2024,Standard Class,C-36012,James Lee,Consumer,United States,Austin,Texas,South,P-039,Clothing,Accessories,Wallet,201.96,3,0.2,68.58
EC-2021-001881,7/5/2021,7/8/2021,Same Day,C-32553,Carlos Rivera,Corporate,United States,Chicago,Illinois,Central,P-019,Furniture,Bookcases,5-Shelf Bookcase,1143.68,4,0,-28.32
EC-2022-001882,4/29/2022,5/6/2022,Second Class,C-10648,Sara Wilson,Corporate,United States,Houston,Texas,South,P-023,Office Supplies,Paper,A4 Ream,83.03,2,0.3,17.98
EC-2023-001883,8/23/2023,8/28/2023,Standard Class,C-60800,James Lee,Home Office,United States,San Antonio,Texas,South,P-019,Furniture,Bookcases,5-Shelf Bookcase,1996.81,4,0.1,-156.87
EC-2022-001884,11/1/2022,11/4/2022,Same Day,C-13525,Anna Brown,Home Office,United States,San Antonio,Texas,South,P-027,Office Supplies,Binders,Report Cover,121.66,3,0.1,30.53
EC-2023-001885,1/12/2023,1/15/2023,Same Day,C-37686,Carlos Rivera,Consumer,United States,San Diego,California,West,P-017,Furniture,Tables,Coffee Table,1111.16,2,0,-66.66
EC-2023-001886,2/26/2023,3/4/2023,Standard Class,C-44212,Michael Chen,Corporate,United States,Chicago,Illinois,Central,P-033,Clothing,Shirts,Polo Shirt,149.72,4,0.3,-13.31
EC-2024-001887,10/29/2024,11/3/2024,Second Class,C-31087,Emily Davis,Corporate,United States,Los Angeles,California,West,P-017,Furniture,Tables,Coffee Table,182.05,1,0.3,-16.86
EC-2021-001888,1/24/2021,1/28/2021,Second Class,C-69017,Emily Davis,Corporate,United States,San Antonio,Texas,South,P-022,Furniture,Storage,Drawer Unit,498.83,3,0.3,119.84
EC-2021-001889,8/17/2021,8/24/2021,Same Day,C-87352,Carlos Rivera,Corporate,United States,Chicago,Illinois,Central,P-037,Clothing,Jackets,Hoodie,132.49,1,0,6.9
EC-2021-001890,4/10/2021,4/14/2021,Second Class,C-99966,Emily Davis,Consumer,United States,Phoenix,Arizona,West,P-022,Furniture,Storage,Drawer Unit,2125.24,4,0,138.19
EC-2024-001891,10/14/2024,10/17/2024,First Class,C-49017,John Smith,Home Office,United States,New York,New York,East,P-031,Office Supplies,Envelopes,Bubble Mailer,49.68,3,0.1,2.75
EC-2021-001892,3/16/2021,3/21/2021,Standard Class,C-74677,Michael Chen,Consumer,United States,San Antonio,Texas,South,P-009,Electronics,Laptops,Lenovo IdeaPad,113.04,1,0,30.3
EC-2024-001893,11/12/2024,11/17/2024,Same Day,C-93599,Maria Garcia,Home Office,United States,Houston,Texas,South,P-029,Office Supplies,Art,Pencil Set,24.15,3,0,1.48
EC-2024-001894,7/28/2024,8/3/2024,Same Day,C-66811,Maria Garcia,Corporate,United States,Phoenix,Arizona,West,P-033,Clothing,Shirts,Polo Shirt,37.84,3,0.3,-2.79
EC-2024-001895,6/14/2024,6/19/2024,Second Class,C-46016,James Lee,Consumer,United States,San Diego,California,West,P-020,Furniture,Bookcases,3-Shelf Bookcase,1098.4,4,0,305.59
EC-2023-001896,3/28/2023,3/30/2023,Second Class,C-45003,Sara Wilson,Corporate,United States,Phoenix,Arizona,West,P-025,Office Supplies,Paper,Sticky Notes,31.99,1,0.1,7.91
EC-2022-001897,4/6/2022,4/7/2022,Second Class,C-88018,Emily Davis,Consumer,United States,Philadelphia,Pennsylvania,East,P-023,Office Supplies,Paper,A4 Ream,228.83,5,0.1,51.8
EC-2022-001898,12/4/2022,12/7/2022,Same Day,C-98209,Michael Chen,Corporate,United States,Philadelphia,Pennsylvania,East,P-038,Clothing,Accessories,Belt,141.96,4,0,-2.98
EC-2024-001899,9/15/2024,9/22/2024,Same Day,C-58390,Carlos Rivera,Consumer,United States,Austin,Texas,South,P-030,Office Supplies,Envelopes,Letter Envelopes,141.3,3,0,15.86
EC-2024-001900,10/13/2024,10/17/2024,Standard Class,C-47209,Sara Wilson,Consumer,United States,New York,New York,East,P-029,Office Supplies,Art,Pencil Set,233.19,5,0.1,-12.22
EC-2023-001901,2/15/2023,2/20/2023,Same Day,C-62575,Michael Chen,Consumer,United States,Los Angeles,California,West,P-021,Furniture,Storage,Cabinet,154.82,1,0.2,-2.12
EC-2024-001902,5/12/2024,5/15/2024,Second Class,C-39504,Michael Chen,Corporate,United States,Philadelphia,Pennsylvania,East,P-027,Office Supplies,Binders,Report Cover,131.57,3,0.2,27.72
EC-2023-001903,7/10/2023,7/12/2023,First Class,C-22887,Michael Chen,Corporate,United States,Chicago,Illinois,Central,P-039,Clothing,Accessories,Wallet,41.71,3,0.1,10.3
EC-2022-001904,1/22/2022,1/28/2022,Standard Class,C-84787,Michael Chen,Home Office,United States,New York,New York,East,P-039,Clothing,Accessories,Wallet,134.84,5,0.2,47.15
EC-2022-001905,5/27/2022,5/29/2022,Same Day,C-61031,Anna Brown,Home Office,United States,Austin,Texas,South,P-009,Electronics,Laptops,Lenovo IdeaPad,1689.81,3,0,461.13
EC-2022-001906,5/6/2022,5/8/2022,Standard Class,C-85707,Sara Wilson,Home Office,United States,Dallas,Texas,South,P-022,Furniture,Storage,Drawer Unit,743.46,3,0,-23.67
EC-2022-001907,5/11/2022,5/18/2022,Second Class,C-19154,John Smith,Corporate,United States,Chicago,Illinois,Central,P-035,Clothing,Shoes,Casual Sneakers,370.5,3,0,45.74
EC-2023-001908,8/21/2023,8/28/2023,Same Day,C-94815,John Smith,Consumer,United States,San Antonio,Texas,South,P-012,Electronics,Tablets,Fire HD,3840.9,5,0,1016.83
EC-2022-001909,8/23/2022,8/30/2022,Second Class,C-26260,Maria Garcia,Home Office,United States,San Antonio,Texas,South,P-038,Clothing,Accessories,Belt,224.21,5,0.3,54.91
EC-2021-001910,12/13/2021,12/16/2021,First Class,C-53257,Maria Garcia,Home Office,United States,San Antonio,Texas,South,P-019,Furniture,Bookcases,5-Shelf Bookcase,276.86,2,0.1,-9.39
EC-2022-001911,6/17/2022,6/20/2022,Same Day,C-87912,John Smith,Home Office,United States,Phoenix,Arizona,West,P-038,Clothing,Accessories,Belt,166.99,4,0.3,21.27
EC-2022-001912,8/14/2022,8/15/2022,First Class,C-49943,Sara Wilson,Corporate,United States,Houston,Texas,South,P-018,Furniture,Tables,Desk,947.48,3,0.3,92.37
EC-2024-001913,11/24/2024,11/26/2024,First Class,C-86445,Carlos Rivera,Home Office,United States,Chicago,Illinois,Central,P-036,Clothing,Jackets,Windbreaker,275.06,3,0.3,-3.26
EC-2023-001914,1/16/2023,1/22/2023,Same Day,C-75679,Emily Davis,Home Office,United States,San Diego,California,West,P-014,Furniture,Chairs,Gaming Chair,656.06,2,0,159.52
EC-2024-001915,8/20/2024,8/22/2024,Standard Class,C-54874,Anna Brown,Corporate,United States,San Diego,California,West,P-031,Office Supplies,Envelopes,Bubble Mailer,165.2,4,0,-12.42
EC-2021-001916,11/4/2021,11/7/2021,Second Class,C-11599,Anna Brown,Home Office,United States,Austin,Texas,South,P-026,Office Supplies,Binders,3-Ring Binder,145.12,3,0.1,27.25
EC-2023-001917,3/28/2023,4/3/2023,Second Class,C-17336,Sara Wilson,Corporate,United States,Los Angeles,California,West,P-019,Furniture,Bookcases,5-Shelf Bookcase,774.09,5,0.3,-49.07
EC-2022-001918,1/10/2022,1/16/2022,Same Day,C-34905,Maria Garcia,Consumer,United States,Houston,Texas,South,P-017,Furniture,Tables,Coffee Table,861.3,5,0,-55.71
EC-2022-001919,3/2/2022,3/4/2022,Same Day,C-19575,Anna Brown,Home Office,United States,Houston,Texas,South,P-019,Furniture,Bookcases,5-Shelf Bookcase,1607.1,5,0,234.09
EC-2021-001920,6/20/2021,6/24/2021,Standard Class,C-24617,Sara Wilson,Consumer,United States,Houston,Texas,South,P-033,Clothing,Shirts,Polo Shirt,229.85,3,0.2,12.15
EC-2022-001921,5/31/2022,6/7/2022,First Class,C-47192,Carlos Rivera,Home Office,United States,San Antonio,Texas,South,P-021,Furniture,Storage,Cabinet,672.3,2,0,135.93
EC-2022-001922,7/18/2022,7/24/2022,First Class,C-76787,Sara Wilson,Home Office,United States,San Diego,California,West,P-027,Office Supplies,Binders,Report Cover,51.94,1,0,10.19
EC-2021-001923,5/15/2021,5/22/2021,First Class,C-33941,Anna Brown,Home Office,United States,San Antonio,Texas,South,P-034,Clothing,Shoes,Running Shoes,111.08,4,0,26.81
EC-2022-001924,9/22/2022,9/27/2022,Same Day,C-30263,Emily Davis,Corporate,United States,Phoenix,Arizona,West,P-038,Electronics,Accessories,Belt,305.26,3,0.2,34.52
EC-2021-001925,12/18/2021,12/25/2021,Standard Class,C-45308,Anna Brown,Home Office,United States,Chicago,Illinois,Central,P-017,Furniture,Tables,Coffee Table,1122.08,5,0.1,276.08
EC-2023-001926,1/30/2023,2/1/2023,First Class,C-61582,Michael Chen,Corporate,United States,Phoenix,Arizona,West,P-031,Office Supplies,Envelopes,Bubble Mailer,181.41,3,0.1,25.83
EC-2023-001927,4/18/2023,4/21/2023,First Class,C-48639,Emily Davis,Corporate,United States,Chicago,Illinois,Central,P-010,Electronics,Tablets,iPad Mini,129.22,2,0,32.13
EC-2023-001928,2/23/2023,2/26/2023,Standard Class,C-24003,Maria Garcia,Home Office,United States,San Diego,California,West,P-008,Electronics,Laptops,Dell Inspiron,2592.44,5,0.2,471.9
EC-2023-001929,9/10/2023,9/16/2023,Second Class,C-73837,Anna Brown,Corporate,United States,Austin,Texas,South,P-017,Furniture,Tables,Coffee Table,1361.47,4,0.3,460.07
EC-2021-001930,7/27/2021,7/28/2021,First Class,C-19697,Emily Davis,Corporate,United States,Philadelphia,Pennsylvania,East,P-030,Office Supplies,Envelopes,Letter Envelopes,113.58,3,0,21.76
EC-2024-001931,4/22/2024,4/25/2024,Second Class,C-44172,Carlos Rivera,Consumer,United States,Austin,Texas,South,P-034,Clothing,Shoes,Running Shoes,178.01,3,0.2,38.09
EC-2024-001932,12/3/2024,12/9/2024,Same Day,C-70398,Emily Davis,Corporate,United States,Philadelphia,Pennsylvania,East,P-038,Electronics,Accessories,Belt,1220.9,2,0,-17.87
EC-2022-001933,6/7/2022,6/12/2022,Second Class,C-79258,John Smith,Consumer,United States,New York,New York,East,P-027,Office Supplies,Binders,Report Cover,191.41,4,0.1,-16.76
EC-2023-001934,6/15/2023,6/16/2023,Same Day,C-84095,Maria Garcia,Corporate,United States,San Diego,California,West,P-025,Office Supplies,Paper,Sticky Notes,55.02,3,0.3,-1.16
EC-2024-001935,3/21/2024,3/25/2024,Standard Class,C-29949,Emily Davis,Home Office,United States,Austin,Texas,South,P-038,Electronics,Accessories,Belt,2455.72,4,0,465.89
EC-2023-001936,7/19/2023,7/24/2023,Same Day,C-11119,Anna Brown,Consumer,United States,San Antonio,Texas,South,P-039,Electronics,Accessories,Wallet,384.84,1,0.2,-34.46
EC-2022-001937,6/15/2022,6/22/2022,First Class,C-85609,James Lee,Home Office,United States,Houston,Texas,South,P-030,Office Supplies,Envelopes,Letter Envelopes,71.89,2,0.2,23.55
EC-2022-001938,9/24/2022,9/26/2022,Second Class,C-51331,Anna Brown,Consumer,United States,Los Angeles,California,West,P-016,Furniture,Tables,Dining Table,2426.6,5,0,816.3
EC-2021-001939,12/1/2021,12/5/2021,Standard Class,C-26136,Michael Chen,Consumer,United States,Phoenix,Arizona,West,P-017,Furniture,Tables,Coffee Table,481.62,1,0,150.89
EC-2022-001940,3/4/2022,3/8/2022,Same Day,C-22170,James Lee,Corporate,United States,New York,New York,East,P-012,Electronics,Tablets,Fire HD,628.88,2,0.1,-42.84
EC-2021-001941,9/4/2021,9/8/2021,First Class,C-72649,Carlos Rivera,Corporate,United States,Austin,Texas,South,P-038,Electronics,Accessories,Belt,722.7,2,0,209.54
EC-2021-001942,1/15/2021,1/19/2021,Second Class,C-49412,Anna Brown,Corporate,United States,San Antonio,Texas,South,P-010,Electronics,Tablets,iPad Mini,948.03,3,0,170.88
EC-2021-001943,2/2/2021,2/5/2021,Standard Class,C-30415,James Lee,Consumer,United States,Philadelphia,Pennsylvania,East,P-011,Electronics,Tablets,Samsung Tab,1096.9,2,0.2,57.9
EC-2024-001944,5/6/2024,5/13/2024,First Class,C-77973,James Lee,Home Office,United States,Houston,Texas,South,P-032,Clothing,Shirts,Cotton T-Shirt,260.72,4,0,-4.58
EC-2021-001945,11/29/2021,11/30/2021,First Class,C-13385,Emily Davis,Consumer,United States,Dallas,Texas,South,P-019,Furniture,Bookcases,5-Shelf Bookcase,869.7,3,0,-61.72
EC-2021-001946,10/23/2021,10/27/2021,Same Day,C-55700,Anna Brown,Home Office,United States,New York,New York,East,P-010,Electronics,Tablets,iPad Mini,3109.4,5,0,-90.9
EC-2021-001947,8/19/2021,8/23/2021,Same Day,C-71536,Carlos Rivera,Corporate,United States,Dallas,Texas,South,P-010,Electronics,Tablets,iPad Mini,527.8,5,0.3,26.5
EC-2024-001948,6/10/2024,6/16/2024,Same Day,C-27014,James Lee,Corporate,United States,Los Angeles,California,West,P-020,Furniture,Bookcases,3-Shelf Bookcase,2346.65,5,0,205.92
EC-2021-001949,7/14/2021,7/20/2021,Second Class,C-53073,Sara Wilson,Corporate,United States,San Antonio,Texas,South,P-015,Furniture,Chairs,Stool,629.64,3,0,169.38
EC-2023-001950,5/15/2023,5/18/2023,Second Class,C-33877,John Smith,Home Office,United States,Chicago,Illinois,Central,P-027,Office Supplies,Binders,Report Cover,171.08,4,0.3,-1.1
EC-2021-001951,11/28/2021,12/2/2021,Same Day,C-63170,Sara Wilson,Consumer,United States,Philadelphia,Pennsylvania,East,P-013,Furniture,Chairs,Office Chair,994.8,3,0,237.37
EC-2024-001952,1/23/2024,1/27/2024,First Class,C-43460,Emily Davis,Home Office,United States,Los Angeles,California,West,P-022,Furniture,Storage,Drawer Unit,2104.2,5,0,-31.81
EC-2024-001953,9/30/2024,10/7/2024,First Class,C-26544,Maria Garcia,Home Office,United States,Philadelphia,Pennsylvania,East,P-038,Clothing,Accessories,Belt,63.5,3,0.1,15.41
EC-2021-001954,9/4/2021,9/9/2021,First Class,C-76155,James Lee,Consumer,United States,Phoenix,Arizona,West,P-021,Furniture,Storage,Cabinet,766.91,4,0.2,-79.44
EC-2024-001955,10/25/2024,10/27/2024,First Class,C-16159,Emily Davis,Consumer,United States,New York,New York,East,P-034,Clothing,Shoes,Running Shoes,137.52,2,0.2,42.35
EC-2021-001956,11/22/2021,11/23/2021,Standard Class,C-65576,Anna Brown,Home Office,United States,Chicago,Illinois,Central,P-017,Furniture,Tables,Coffee Table,829.57,2,0.2,275.96
EC-2022-001957,8/31/2022,9/4/2022,Same Day,C-19813,Carlos Rivera,Corporate,United States,San Diego,California,West,P-024,Office Supplies,Paper,Notebook,56.14,2,0.3,-5.58
EC-2021-001958,5/2/2021,5/9/2021,Standard Class,C-94683,Michael Chen,Consumer,United States,San Antonio,Texas,South,P-026,Office Supplies,Binders,3-Ring Binder,82.14,2,0,-1.37
EC-2022-001959,12/19/2022,12/20/2022,Standard Class,C-29902,Anna Brown,Corporate,United States,Houston,Texas,South,P-034,Clothing,Shoes,Running Shoes,94.86,1,0.3,25.79
EC-2022-001960,11/2/2022,11/3/2022,First Class,C-49167,Maria Garcia,Home Office,United States,Los Angeles,California,West,P-035,Clothing,Shoes,Casual Sneakers,385.96,5,0.1,46.18
EC-2022-001961,12/1/2022,12/4/2022,First Class,C-73871,Carlos Rivera,Corporate,United States,New York,New York,East,P-034,Clothing,Shoes,Running Shoes,108.83,4,0.1,24.54
EC-2024-001962,5/20/2024,5/25/2024,Same Day,C-46726,Carlos Rivera,Consumer,United States,Philadelphia,Pennsylvania,East,P-013,Furniture,Chairs,Office Chair,1854.32,4,0.1,-37.27
EC-2024-001963,9/27/2024,10/4/2024,Second Class,C-87474,Michael Chen,Corporate,United States,Phoenix,Arizona,West,P-029,Office Supplies,Art,Pencil Set,23.88,4,0,-0.54
EC-2023-001964,9/27/2023,10/2/2023,Same Day,C-94237,Maria Garcia,Home Office,United States,Austin,Texas,South,P-025,Office Supplies,Paper,Sticky Notes,202.0,4,0,46.56
EC-2023-001965,1/9/2023,1/14/2023,Same Day,C-70390,John Smith,Corporate,United States,Austin,Texas,South,P-001,Electronics,Phones,Nokia 3310,588.72,1,0,143.72
EC-2022-001966,3/19/2022,3/24/2022,First Class,C-57000,Emily Davis,Consumer,United States,Chicago,Illinois,Central,P-038,Clothing,Accessories,Belt,113.36,4,0,30.46
EC-2023-001967,7/3/2023,7/10/2023,Same Day,C-94972,Emily Davis,Corporate,United States,New York,New York,East,P-027,Office Supplies,Binders,Report Cover,172.29,3,0,19.44
EC-2023-001968,10/21/2023,10/28/2023,First Class,C-21853,Michael Chen,Corporate,United States,Los Angeles,California,West,P-036,Clothing,Jackets,Windbreaker,196.42,2,0,-17.6
EC-2023-001969,2/23/2023,2/25/2023,Same Day,C-52304,John Smith,Home Office,United States,Phoenix,Arizona,West,P-030,Office Supplies,Envelopes,Letter Envelopes,125.16,4,0,-3.46
EC-2023-001970,11/3/2023,11/9/2023,Standard Class,C-88377,Michael Chen,Corporate,United States,San Diego,California,West,P-039,Electronics,Accessories,Wallet,348.48,1,0,27.18
EC-2023-001971,12/28/2023,12/31/2023,Same Day,C-52445,Anna Brown,Consumer,United States,San Antonio,Texas,South,P-027,Office Supplies,Binders,Report Cover,30.65,3,0.2,-2.03
EC-2024-001972,1/28/2024,1/30/2024,Same Day,C-94920,Anna Brown,Consumer,United States,Phoenix,Arizona,West,P-032,Clothing,Shirts,Cotton T-Shirt,90.6,2,0,28.32
EC-2022-001973,5/15/2022,5/16/2022,Same Day,C-77970,Michael Chen,Corporate,United States,Austin,Texas,South,P-014,Furniture,Chairs,Gaming Chair,1182.2,5,0.2,-12.73
EC-2022-001974,6/24/2022,6/28/2022,Standard Class,C-52160,Anna Brown,Corporate,United States,Philadelphia,Pennsylvania,East,P-037,Clothing,Jackets,Hoodie,174.66,3,0,-5.89
EC-2024-001975,12/21/2024,12/25/2024,Second Class,C-94536,Anna Brown,Corporate,United States,San Diego,California,West,P-015,Furniture,Chairs,Stool,2498.85,5,0,664.77
EC-2023-001976,8/1/2023,8/6/2023,Same Day,C-95233,John Smith,Corporate,United States,Dallas,Texas,South,P-036,Clothing,Jackets,Windbreaker,47.46,2,0,10.35
EC-2021-001977,5/11/2021,5/17/2021,First Class,C-27479,Michael Chen,Consumer,United States,Philadelphia,Pennsylvania,East,P-030,Office Supplies,Envelopes,Letter Envelopes,33.41,1,0.3,7.66
EC-2024-001978,1/8/2024,1/14/2024,Standard Class,C-99302,Emily Davis,Corporate,United States,Phoenix,Arizona,West,P-022,Furniture,Storage,Drawer Unit,1693.48,5,0.1,157.95
EC-2023-001979,1/4/2023,1/9/2023,Second Class,C-33506,James Lee,Consumer,United States,Los Angeles,California,West,P-003,Electronics,Phones,iPhone SE,626.26,2,0.3,67.88
EC-2021-001980,9/2/2021,9/5/2021,Same Day,C-28154,Emily Davis,Consumer,United States,Los Angeles,California,West,P-012,Electronics,Tablets,Fire HD,1729.8,4,0.1,284.36
EC-2022-001981,12/29/2022,12/31/2022,Same Day,C-94833,Maria Garcia,Corporate,United States,San Antonio,Texas,South,P-014,Furniture,Chairs,Gaming Chair,343.39,3,0.1,37.84
EC-2023-001982,12/9/2023,12/12/2023,Second Class,C-10226,John Smith,Home Office,United States,New York,New York,East,P-030,Office Supplies,Envelopes,Letter Envelopes,55.05,1,0.3,-0.89
EC-2022-001983,9/20/2022,9/21/2022,First Class,C-33827,Anna Brown,Home Office,United States,Austin,Texas,South,P-008,Electronics,Laptops,Dell Inspiron,1389.04,2,0,334.68
EC-2021-001984,11/13/2021,11/18/2021,Standard Class,C-13976,John Smith,Home Office,United States,Philadelphia,Pennsylvania,East,P-025,Office Supplies,Paper,Sticky Notes,114.98,2,0.2,10.88
EC-2021-001985,8/9/2021,8/12/2021,Standard Class,C-54223,Sara Wilson,Home Office,United States,Chicago,Illinois,Central,P-008,Electronics,Laptops,Dell Inspiron,2900.68,4,0,670.21
EC-2024-001986,10/1/2024,10/6/2024,Standard Class,C-15451,Emily Davis,Corporate,United States,Los Angeles,California,West,P-038,Clothing,Accessories,Belt,115.87,2,0.1,12.34
EC-2024-001987,12/20/2024,12/27/2024,Second Class,C-79720,Michael Chen,Consumer,United States,Austin,Texas,South,P-012,Electronics,Tablets,Fire HD,1314.31,3,0.2,287.7
EC-2021-001988,10/5/2021,10/9/2021,Same Day,C-23673,Emily Davis,Corporate,United States,Houston,Texas,South,P-020,Furniture,Bookcases,3-Shelf Bookcase,1160.8,4,0,228.84
EC-2023-001989,10/17/2023,10/24/2023,Second Class,C-87000,James Lee,Home Office,United States,Phoenix,Arizona,West,P-039,Clothing,Accessories,Wallet,86.22,1,0,28.8
EC-2021-001990,2/27/2021,2/28/2021,Standard Class,C-66859,James Lee,Corporate,United States,Phoenix,Arizona,West,P-025,Office Supplies,Paper,Sticky Notes,156.9,5,0,46.62
EC-2021-001991,7/22/2021,7/26/2021,First Class,C-90349,John Smith,Consumer,United States,Chicago,Illinois,Central,P-023,Office Supplies,Paper,A4 Ream,18.85,2,0.1,2.11
EC-2024-001992,11/12/2024,11/13/2024,Standard Class,C-58730,Michael Chen,Consumer,United States,Phoenix,Arizona,West,P-010,Electronics,Tablets,iPad Mini,1634.1,3,0,-56.56
EC-2024-001993,5/11/2024,5/13/2024,First Class,C-50598,Anna Brown,Home Office,United States,Austin,Texas,South,P-038,Electronics,Accessories,Belt,1992.09,4,0.3,440.57
EC-2023-001994,5/2/2023,5/9/2023,First Class,C-92121,Michael Chen,Corporate,United States,San Antonio,Texas,South,P-030,Office Supplies,Envelopes,Letter Envelopes,122.76,2,0.1,-4.64
EC-2024-001995,9/19/2024,9/25/2024,Second Class,C-31937,Carlos Rivera,Consumer,United States,Houston,Texas,South,P-010,Electronics,Tablets,iPad Mini,545.84,4,0,57.32
EC-2022-001996,8/7/2022,8/14/2022,Second Class,C-75269,Anna Brown,Corporate,United States,Austin,Texas,South,P-037,Clothing,Jackets,Hoodie,470.92,4,0,157.79
EC-2023-001997,9/8/2023,9/9/2023,Second Class,C-41686,Michael Chen,Consumer,United States,Los Angeles,California,West,P-014,Furniture,Chairs,Gaming Chair,1026.42,2,0,-85.84
EC-2023-001998,6/25/2023,6/30/2023,Standard Class,C-54741,Carlos Rivera,Home Office,United States,New York,New York,East,P-030,Office Supplies,Envelopes,Letter Envelopes,187.92,3,0,-4.15
EC-2022-001999,2/15/2022,2/21/2022,Same Day,C-92210,Anna Brown,Corporate,United States,New York,New York,East,P-020,Furniture,Bookcases,3-Shelf Bookcase,383.06,3,0.2,-2.65
EC-2023-002000,6/22/2023,6/23/2023,First Class,C-24596,Maria Garcia,Home Office,United States,Houston,Texas,South,P-030,Office Supplies,Envelopes,Letter Envelopes,74.82,2,0.2,-7.61
EC-2022-002001,10/21/2022,10/24/2022,Second Class,C-60793,Maria Garcia,Consumer,United States,New York,New York,East,P-032,Clothing,Shirts,Cotton T-Shirt,96.64,1,0.1,-1.48
EC-2024-002002,1/23/2024,1/24/2024,Same Day,C-68939,Anna Brown,Home Office,United States,New York,New York,East,P-015,Furniture,Chairs,Stool,2269.4,4,0,580.25
EC-2024-002003,7/27/2024,7/31/2024,Same Day,C-32852,Michael Chen,Consumer,United States,Dallas,Texas,South,P-037,Clothing,Jackets,Hoodie,262.26,3,0,24.47
EC-2021-002004,2/12/2021,2/16/2021,Second Class,C-92116,Emily Davis,Consumer,United States,Phoenix,Arizona,West,P-027,Office Supplies,Binders,Report Cover,197.45,5,0,-6.84
EC-2023-002005,5/6/2023,5/10/2023,Same Day,C-79459,Anna Brown,Corporate,United States,Dallas,Texas,South,P-022,Furniture,Storage,Drawer Unit,963.09,3,0,-24.04
EC-2022-002006,1/27/2022,2/1/2022,First Class,C-37985,Michael Chen,Home Office,United States,Houston,Texas,South,P-018,Furniture,Tables,Desk,2466.81,5,0.1,400.72
EC-2024-002007,1/17/2024,1/23/2024,Same Day,C-96461,Michael Chen,Corporate,United States,Dallas,Texas,South,P-021,Furniture,Storage,Cabinet,212.92,2,0,-4.59
EC-2021-002008,2/18/2021,2/24/2021,Standard Class,C-35927,James Lee,Corporate,United States,Houston,Texas,South,P-035,Clothing,Shoes,Casual Sneakers,259.5,5,0,62.9
EC-2022-002009,5/19/2022,5/26/2022,First Class,C-98629,Maria Garcia,Corporate,United States,Chicago,Illinois,Central,P-037,Clothing,Jackets,Hoodie,389.6,5,0.2,-31.63
EC-2021-002010,1/18/2021,1/25/2021,Second Class,C-50312,Maria Garcia,Corporate,United States,New York,New York,East,P-001,Electronics,Phones,Nokia 3310,854.91,3,0,-23.35
EC-2023-002011,8/31/2023,9/3/2023,First Class,C-31398,Michael Chen,Corporate,United States,Chicago,Illinois,Central,P-029,Office Supplies,Art,Pencil Set,63.05,5,0,-2.02
EC-2024-002012,2/25/2024,3/1/2024,First Class,C-68314,Maria Garcia,Home Office,United States,Dallas,Texas,South,P-010,Electronics,Tablets,iPad Mini,1134.94,2,0,-28.28
EC-2023-002013,8/27/2023,8/31/2023,Second Class,C-68632,John Smith,Consumer,United States,Dallas,Texas,South,P-039,Electronics,Accessories,Wallet,1322.0,3,0.1,-29.81
EC-2021-002014,6/24/2021,6/27/2021,Standard Class,C-35838,Emily Davis,Consumer,United States,Los Angeles,California,West,P-037,Clothing,Jackets,Hoodie,396.96,4,0,33.06
EC-2024-002015,5/19/2024,5/26/2024,Same Day,C-78214,John Smith,Consumer,United States,Dallas,Texas,South,P-024,Office Supplies,Paper,Notebook,238.14,3,0,25.63
EC-2021-002016,4/17/2021,4/23/2021,First Class,C-96074,Sara Wilson,Home Office,United States,Houston,Texas,South,P-036,Clothing,Jackets,Windbreaker,202.08,4,0,12.56
EC-2021-002017,3/6/2021,3/8/2021,Second Class,C-98067,Carlos Rivera,Consumer,United States,Austin,Texas,South,P-009,Electronics,Laptops,Lenovo IdeaPad,498.65,2,0.1,-24.53
EC-2023-002018,11/16/2023,11/23/2023,First Class,C-74071,Carlos Rivera,Corporate,United States,San Antonio,Texas,South,P-037,Clothing,Jackets,Hoodie,69.03,3,0.3,-0.89
EC-2024-002019,10/7/2024,10/8/2024,Second Class,C-58940,Maria Garcia,Home Office,United States,Philadelphia,Pennsylvania,East,P-024,Office Supplies,Paper,Notebook,13.46,2,0,-0.17
EC-2021-002020,6/4/2021,6/5/2021,First Class,C-70393,Emily Davis,Home Office,United States,New York,New York,East,P-016,Furniture,Tables,Dining Table,2662.4,5,0,257.92
EC-2024-002021,12/13/2024,12/15/2024,Second Class,C-40549,Anna Brown,Home Office,United States,Houston,Texas,South,P-001,Electronics,Phones,Nokia 3310,189.18,1,0,34.03
EC-2022-002022,10/19/2022,10/25/2022,Same Day,C-47757,John Smith,Consumer,United States,San Diego,California,West,P-002,Electronics,Phones,Samsung A12,2122.11,4,0.2,555.74
EC-2021-002023,6/12/2021,6/14/2021,Standard Class,C-19932,Anna Brown,Corporate,United States,Houston,Texas,South,P-034,Clothing,Shoes,Running Shoes,667.75,5,0,173.61
EC-2021-002024,11/29/2021,12/3/2021,Same Day,C-41558,John Smith,Corporate,United States,Austin,Texas,South,P-019,Furniture,Bookcases,5-Shelf Bookcase,1030.38,3,0,183.36
EC-2021-002025,5/13/2021,5/14/2021,First Class,C-20479,Sara Wilson,Corporate,United States,Los Angeles,California,West,P-028,Office Supplies,Art,Markers Set,58.16,1,0.2,16.09
EC-2024-002026,4/19/2024,4/26/2024,Second Class,C-58554,Sara Wilson,Home Office,United States,Philadelphia,Pennsylvania,East,P-002,Electronics,Phones,Samsung A12,1287.63,3,0.1,202.72
EC-2024-002027,1/24/2024,1/30/2024,Standard Class,C-52515,Michael Chen,Consumer,United States,Houston,Texas,South,P-031,Office Supplies,Envelopes,Bubble Mailer,22.14,3,0.1,4.2
EC-2021-002028,11/9/2021,11/11/2021,Second Class,C-29580,Michael Chen,Corporate,United States,San Antonio,Texas,South,P-039,Clothing,Accessories,Wallet,358.83,3,0.1,124.49
EC-2024-002029,9/17/2024,9/19/2024,Standard Class,C-54212,Anna Brown,Home Office,United States,Chicago,Illinois,Central,P-024,Office Supplies,Paper,Notebook,19.14,1,0.1,3.67
EC-2021-002030,11/21/2021,11/24/2021,Standard Class,C-30948,Sara Wilson,Corporate,United States,San Diego,California,West,P-011,Electronics,Tablets,Samsung Tab,673.61,5,0.3,134.55
EC-2021-002031,5/18/2021,5/21/2021,First Class,C-74291,John Smith,Home Office,United States,Dallas,Texas,South,P-007,Electronics,Laptops,HP 15,702.5,5,0.1,204.49
EC-2024-002032,7/15/2024,7/18/2024,Second Class,C-26794,Emily Davis,Corporate,United States,Austin,Texas,South,P-027,Office Supplies,Binders,Report Cover,249.65,5,0,38.03
EC-2023-002033,7/5/2023,7/8/2023,Standard Class,C-46769,Emily Davis,Consumer,United States,San Antonio,Texas,South,P-032,Clothing,Shirts,Cotton T-Shirt,285.04,2,0,68.46
EC-2022-002034,10/22/2022,10/29/2022,Standard Class,C-51085,Maria Garcia,Consumer,United States,Austin,Texas,South,P-026,Office Supplies,Binders,3-Ring Binder,118.8,2,0.1,-7.8
EC-2021-002035,6/16/2021,6/21/2021,First Class,C-28754,Emily Davis,Corporate,United States,Dallas,Texas,South,P-035,Clothing,Shoes,Casual Sneakers,96.12,4,0,27.62
EC-2022-002036,4/3/2022,4/9/2022,First Class,C-51947,Sara Wilson,Corporate,United States,New York,New York,East,P-010,Electronics,Tablets,iPad Mini,2139.62,4,0.2,200.77
EC-2024-002037,5/8/2024,5/13/2024,Second Class,C-42535,Michael Chen,Corporate,United States,Los Angeles,California,West,P-026,Office Supplies,Binders,3-Ring Binder,96.26,2,0.2,27.88
EC-2022-002038,6/19/2022,6/21/2022,Second Class,C-68547,Michael Chen,Corporate,United States,Chicago,Illinois,Central,P-033,Clothing,Shirts,Polo Shirt,75.56,4,0,-1.21
EC-2021-002039,8/9/2021,8/12/2021,Standard Class,C-52310,John Smith,Corporate,United States,Dallas,Texas,South,P-022,Furniture,Storage,Drawer Unit,1789.08,4,0,-17.69
EC-2024-002040,2/6/2024,2/10/2024,First Class,C-94715,Emily Davis,Consumer,United States,Philadelphia,Pennsylvania,East,P-002,Electronics,Phones,Samsung A12,2156.32,4,0.2,124.29
EC-2024-002041,6/9/2024,6/16/2024,First Class,C-27284,Sara Wilson,Home Office,United States,New York,New York,East,P-035,Clothing,Shoes,Casual Sneakers,293.7,5,0,-27.75
EC-2021-002042,11/7/2021,11/8/2021,Standard Class,C-55032,Maria Garcia,Consumer,United States,San Diego,California,West,P-001,Electronics,Phones,Nokia 3310,356.67,3,0,54.02
EC-2023-002043,12/11/2023,12/15/2023,Standard Class,C-44177,Anna Brown,Home Office,United States,San Antonio,Texas,South,P-038,Clothing,Accessories,Belt,88.99,1,0,-4.93
EC-2024-002044,10/31/2024,11/5/2024,Standard Class,C-28045,Emily Davis,Consumer,United States,New York,New York,East,P-015,Furniture,Chairs,Stool,328.92,1,0,-9.13
EC-2021-002045,2/9/2021,2/14/2021,Second Class,C-87289,John Smith,Corporate,United States,Phoenix,Arizona,West,P-031,Office Supplies,Envelopes,Bubble Mailer,176.7,4,0.2,-1.24
EC-2023-002046,10/4/2023,10/5/2023,Second Class,C-62059,Anna Brown,Home Office,United States,Philadelphia,Pennsylvania,East,P-018,Furniture,Tables,Desk,917.81,3,0.2,-29.33
EC-2024-002047,6/29/2024,7/2/2024,First Class,C-53841,Anna Brown,Home Office,United States,Phoenix,Arizona,West,P-015,Furniture,Chairs,Stool,691.32,2,0,190.98
EC-2021-002048,9/2/2021,9/8/2021,Second Class,C-15460,Michael Chen,Corporate,United States,Phoenix,Arizona,West,P-029,Office Supplies,Art,Pencil Set,172.89,5,0.1,-5.78
EC-2024-002049,3/13/2024,3/19/2024,Standard Class,C-92066,Anna Brown,Home Office,United States,Phoenix,Arizona,West,P-038,Electronics,Accessories,Belt,2144.97,3,0,405.69
EC-2022-002050,9/27/2022,9/28/2022,First Class,C-88880,James Lee,Consumer,United States,Houston,Texas,South,P-026,Office Supplies,Binders,3-Ring Binder,57.34,4,0.3,8.5
EC-2024-002051,9/28/2024,10/5/2024,Second Class,C-45944,John Smith,Consumer,United States,Houston,Texas,South,P-039,Clothing,Accessories,Wallet,107.52,1,0.2,-2.1
EC-2024-002052,3/9/2024,3/11/2024,First Class,C-19974,Carlos Rivera,Consumer,United States,Los Angeles,California,West,P-031,Office Supplies,Envelopes,Bubble Mailer,38.07,2,0.1,10.38
EC-2021-002053,3/13/2021,3/14/2021,First Class,C-99368,John Smith,Consumer,United States,Phoenix,Arizona,West,P-033,Clothing,Shirts,Polo Shirt,153.38,2,0,49.97
EC-2021-002054,8/19/2021,8/20/2021,First Class,C-30092,Anna Brown,Corporate,United States,Houston,Texas,South,P-034,Clothing,Shoes,Running Shoes,231.57,5,0.1,15.97
EC-2023-002055,2/12/2023,2/13/2023,Same Day,C-15771,Maria Garcia,Corporate,United States,New York,New York,East,P-012,Electronics,Tablets,Fire HD,2691.36,4,0,920.1
EC-2022-002056,2/20/2022,2/27/2022,First Class,C-95220,John Smith,Consumer,United States,Phoenix,Arizona,West,P-029,Office Supplies,Art,Pencil Set,154.48,2,0,-11.91
EC-2021-002057,4/7/2021,4/10/2021,First Class,C-58663,James Lee,Consumer,United States,Philadelphia,Pennsylvania,East,P-038,Clothing,Accessories,Belt,245.09,4,0.2,24.31
EC-2021-002058,12/23/2021,12/28/2021,Same Day,C-98566,Michael Chen,Corporate,United States,San Antonio,Texas,South,P-029,Office Supplies,Art,Pencil Set,236.28,3,0,69.53
EC-2024-002059,5/18/2024,5/21/2024,First Class,C-15604,Emily Davis,Corporate,United States,Chicago,Illinois,Central,P-030,Office Supplies,Envelopes,Letter Envelopes,170.91,4,0.2,-5.27
EC-2024-002060,3/20/2024,3/22/2024,Same Day,C-15502,Maria Garcia,Home Office,United States,Houston,Texas,South,P-019,Furniture,Bookcases,5-Shelf Bookcase,490.04,4,0,170.12
EC-2024-002061,9/23/2024,9/25/2024,First Class,C-81886,Michael Chen,Home Office,United States,Houston,Texas,South,P-009,Electronics,Laptops,Lenovo IdeaPad,875.45,3,0.3,263.46
EC-2023-002062,4/16/2023,4/22/2023,Same Day,C-24129,Sara Wilson,Consumer,United States,Los Angeles,California,West,P-035,Clothing,Shoes,Casual Sneakers,50.43,2,0.3,2.53
EC-2022-002063,9/20/2022,9/22/2022,Standard Class,C-48769,Maria Garcia,Corporate,United States,San Antonio,Texas,South,P-015,Furniture,Chairs,Stool,361.82,1,0,-6.19
EC-2021-002064,5/27/2021,5/28/2021,Second Class,C-88323,Carlos Rivera,Corporate,United States,Phoenix,Arizona,West,P-018,Furniture,Tables,Desk,628.74,3,0.3,107.45
EC-2022-002065,3/3/2022,3/6/2022,Same Day,C-75535,Emily Davis,Home Office,United States,San Antonio,Texas,South,P-031,Office Supplies,Envelopes,Bubble Mailer,263.2,5,0,-20.03
EC-2024-002066,12/5/2024,12/9/2024,Second Class,C-74265,John Smith,Home Office,United States,San Antonio,Texas,South,P-024,Office Supplies,Paper,Notebook,146.8,5,0.2,46.12
EC-2021-002067,6/27/2021,7/1/2021,Second Class,C-41637,Sara Wilson,Home Office,United States,Phoenix,Arizona,West,P-033,Clothing,Shirts,Polo Shirt,23.58,1,0.1,3.87
EC-2024-002068,2/6/2024,2/13/2024,Same Day,C-76361,Sara Wilson,Consumer,United States,Dallas,Texas,South,P-008,Electronics,Laptops,Dell Inspiron,193.95,2,0.2,-17.97
EC-2022-002069,7/17/2022,7/23/2022,Second Class,C-69208,Carlos Rivera,Corporate,United States,Austin,Texas,South,P-039,Electronics,Accessories,Wallet,167.93,1,0.3,-3.44
EC-2024-002070,5/16/2024,5/19/2024,Standard Class,C-10746,Michael Chen,Consumer,United States,San Antonio,Texas,South,P-014,Furniture,Chairs,Gaming Chair,583.65,1,0,-11.36
EC-2022-002071,9/12/2022,9/14/2022,Same Day,C-23308,James Lee,Corporate,United States,Houston,Texas,South,P-021,Furniture,Storage,Cabinet,557.03,4,0.3,-55.88
EC-2024-002072,5/24/2024,5/29/2024,Same Day,C-58272,Maria Garcia,Corporate,United States,New York,New York,East,P-018,Furniture,Tables,Desk,1082.68,4,0,284.23
EC-2022-002073,7/26/2022,7/30/2022,Same Day,C-56876,Sara Wilson,Home Office,United States,San Diego,California,West,P-038,Clothing,Accessories,Belt,24.04,1,0,7.53
EC-2021-002074,9/5/2021,9/6/2021,Standard Class,C-83055,Carlos Rivera,Consumer,United States,Chicago,Illinois,Central,P-034,Clothing,Shoes,Running Shoes,293.24,4,0.3,102.33
EC-2024-002075,4/7/2024,4/11/2024,Second Class,C-61211,John Smith,Home Office,United States,Los Angeles,California,West,P-032,Clothing,Shirts,Cotton T-Shirt,92.7,2,0,8.34
EC-2021-002076,1/25/2021,1/26/2021,First Class,C-51881,Anna Brown,Home Office,United States,San Diego,California,West,P-025,Office Supplies,Paper,Sticky Notes,48.92,1,0,-1.54
EC-2024-002077,9/21/2024,9/25/2024,Standard Class,C-19295,James Lee,Corporate,United States,Dallas,Texas,South,P-034,Clothing,Shoes,Running Shoes,90.78,4,0.2,21.79
EC-2023-002078,9/6/2023,9/11/2023,Standard Class,C-44402,Michael Chen,Home Office,United States,Los Angeles,California,West,P-016,Furniture,Tables,Dining Table,583.74,4,0.3,-9.25
EC-2022-002079,10/19/2022,10/26/2022,Standard Class,C-26688,Sara Wilson,Consumer,United States,San Antonio,Texas,South,P-010,Electronics,Tablets,iPad Mini,1495.1,3,0.1,-27.65
EC-2024-002080,5/11/2024,5/16/2024,Second Class,C-29079,John Smith,Corporate,United States,Phoenix,Arizona,West,P-034,Clothing,Shoes,Running Shoes,66.08,1,0.1,-1.39
EC-2022-002081,7/30/2022,8/3/2022,First Class,C-87274,James Lee,Corporate,United States,Philadelphia,Pennsylvania,East,P-029,Office Supplies,Art,Pencil Set,236.64,4,0.2,46.46
EC-2024-002082,11/17/2024,11/21/2024,Second Class,C-77307,Anna Brown,Home Office,United States,Philadelphia,Pennsylvania,East,P-036,Clothing,Jackets,Windbreaker,146.91,3,0,45.9
EC-2024-002083,3/5/2024,3/7/2024,Standard Class,C-88349,Michael Chen,Corporate,United States,Philadelphia,Pennsylvania,East,P-028,Office Supplies,Art,Markers Set,234.25,5,0.3,40.63
EC-2022-002084,8/28/2022,8/30/2022,First Class,C-48202,Anna Brown,Home Office,United States,Philadelphia,Pennsylvania,East,P-018,Furniture,Tables,Desk,596.22,4,0.2,-36.85
EC-2024-002085,8/19/2024,8/26/2024,Standard Class,C-29181,Carlos Rivera,Corporate,United States,Dallas,Texas,South,P-019,Furniture,Bookcases,5-Shelf Bookcase,680.76,3,0.2,127.79
EC-2023-002086,2/11/2023,2/18/2023,Second Class,C-86491,Carlos Rivera,Corporate,United States,San Diego,California,West,P-007,Electronics,Laptops,HP 15,269.76,3,0.1,50.29
EC-2021-002087,4/15/2021,4/19/2021,Second Class,C-26110,Emily Davis,Home Office,United States,Dallas,Texas,South,P-035,Clothing,Shoes,Casual Sneakers,317.24,4,0,-2.72
EC-2022-002088,7/23/2022,7/24/2022,First Class,C-15234,John Smith,Home Office,United States,San Diego,California,West,P-001,Electronics,Phones,Nokia 3310,101.9,1,0.3,-2.61
EC-2024-002089,7/2/2024,7/8/2024,Same Day,C-82432,Emily Davis,Corporate,United States,Phoenix,Arizona,West,P-002,Electronics,Phones,Samsung A12,368.82,2,0.2,85.23
EC-2024-002090,2/8/2024,2/13/2024,Standard Class,C-31023,Maria Garcia,Consumer,United States,Philadelphia,Pennsylvania,East,P-016,Furniture,Tables,Dining Table,1995.88,4,0,-127.25
EC-2021-002091,7/15/2021,7/17/2021,Standard Class,C-24075,John Smith,Consumer,United States,San Antonio,Texas,South,P-030,Office Supplies,Envelopes,Letter Envelopes,78.92,2,0,25.67
EC-2024-002092,4/2/2024,4/9/2024,Same Day,C-68002,James Lee,Corporate,United States,Austin,Texas,South,P-020,Furniture,Bookcases,3-Shelf Bookcase,190.96,1,0,32.95
EC-2024-002093,1/14/2024,1/21/2024,Same Day,C-76526,Michael Chen,Consumer,United States,Phoenix,Arizona,West,P-038,Clothing,Accessories,Belt,369.75,5,0,54.21
EC-2021-002094,10/23/2021,10/29/2021,Same Day,C-63097,Carlos Rivera,Home Office,United States,Los Angeles,California,West,P-035,Clothing,Shoes,Casual Sneakers,150.92,4,0,17.41
EC-2023-002095,2/17/2023,2/22/2023,Standard Class,C-60969,Emily Davis,Consumer,United States,Dallas,Texas,South,P-019,Furniture,Bookcases,5-Shelf Bookcase,374.08,1,0.1,-29.62
EC-2023-002096,10/3/2023,10/7/2023,Second Class,C-72721,James Lee,Corporate,United States,Dallas,Texas,South,P-030,Office Supplies,Envelopes,Letter Envelopes,113.4,3,0,14.83
EC-2024-002097,8/13/2024,8/18/2024,Standard Class,C-21792,James Lee,Home Office,United States,Austin,Texas,South,P-018,Furniture,Tables,Desk,2079.48,4,0,-13.39
EC-2021-002098,6/12/2021,6/17/2021,Standard Class,C-40027,Michael Chen,Corporate,United States,Phoenix,Arizona,West,P-002,Electronics,Phones,Samsung A12,1079.44,4,0,-33.6
EC-2022-002099,4/20/2022,4/27/2022,Second Class,C-32010,Anna Brown,Home Office,United States,Los Angeles,California,West,P-026,Office Supplies,Binders,3-Ring Binder,95.9,2,0,20.56
EC-2021-002100,5/18/2021,5/25/2021,Standard Class,C-33451,James Lee,Corporate,United States,Los Angeles,California,West,P-038,Electronics,Accessories,Belt,1441.47,4,0.2,401.1
EC-2022-002101,10/29/2022,11/5/2022,Second Class,C-71481,James Lee,Corporate,United States,Chicago,Illinois,Central,P-016,Furniture,Tables,Dining Table,306.42,1,0.1,-8.32
EC-2023-002102,1/23/2023,1/28/2023,Standard Class,C-89431,John Smith,Corporate,United States,Phoenix,Arizona,West,P-018,Furniture,Tables,Desk,221.6,1,0.3,27.58
EC-2021-002103,1/2/2021,1/5/2021,Same Day,C-78819,Sara Wilson,Home Office,United States,Dallas,Texas,South,P-010,Electronics,Tablets,iPad Mini,1786.05,4,0.2,379.43
EC-2023-002104,12/9/2023,12/13/2023,Same Day,C-49117,Maria Garcia,Home Office,United States,Chicago,Illinois,Central,P-031,Office Supplies,Envelopes,Bubble Mailer,14.47,1,0,1.04
EC-2022-002105,9/6/2022,9/9/2022,Same Day,C-29289,Sara Wilson,Corporate,United States,New York,New York,East,P-039,Clothing,Accessories,Wallet,41.82,1,0,7.56
EC-2022-002106,5/16/2022,5/18/2022,Same Day,C-36829,Sara Wilson,Consumer,United States,New York,New York,East,P-020,Furniture,Bookcases,3-Shelf Bookcase,761.47,4,0.1,200.93
EC-2022-002107,5/18/2022,5/20/2022,First Class,C-20239,Carlos Rivera,Corporate,United States,Los Angeles,California,West,P-021,Furniture,Storage,Cabinet,387.43,4,0.1,122.47
EC-2023-002108,9/9/2023,9/10/2023,Standard Class,C-29128,Carlos Rivera,Corporate,United States,Philadelphia,Pennsylvania,East,P-030,Office Supplies,Envelopes,Letter Envelopes,141.4,5,0,-2.26
EC-2022-002109,3/24/2022,3/30/2022,Second Class,C-52800,Carlos Rivera,Corporate,United States,San Diego,California,West,P-003,Electronics,Phones,iPhone SE,927.05,3,0.2,174.37
EC-2024-002110,4/14/2024,4/15/2024,Same Day,C-84232,Maria Garcia,Corporate,United States,Dallas,Texas,South,P-025,Office Supplies,Paper,Sticky Notes,43.59,1,0.3,12.37
EC-2024-002111,9/14/2024,9/20/2024,First Class,C-61694,Anna Brown,Home Office,United States,Dallas,Texas,South,P-022,Furniture,Storage,Drawer Unit,309.7,2,0,72.8
EC-2021-002112,1/25/2021,1/27/2021,Standard Class,C-37605,John Smith,Corporate,United States,Houston,Texas,South,P-002,Electronics,Phones,Samsung A12,653.74,2,0.1,139.98
EC-2022-002113,6/28/2022,7/4/2022,Standard Class,C-97741,Sara Wilson,Consumer,United States,Dallas,Texas,South,P-038,Electronics,Accessories,Belt,561.72,2,0.3,-33.37
EC-2022-002114,6/13/2022,6/18/2022,First Class,C-87303,Carlos Rivera,Home Office,United States,San Diego,California,West,P-029,Office Supplies,Art,Pencil Set,125.66,3,0.2,12.15
EC-2023-002115,6/8/2023,6/12/2023,First Class,C-43769,Maria Garcia,Corporate,United States,Phoenix,Arizona,West,P-016,Furniture,Tables,Dining Table,1357.64,4,0,455.66
EC-2022-002116,5/25/2022,5/29/2022,First Class,C-20633,Anna Brown,Consumer,United States,Chicago,Illinois,Central,P-016,Furniture,Tables,Dining Table,1060.49,4,0.1,233.28
EC-2022-002117,10/5/2022,10/6/2022,Same Day,C-25496,Carlos Rivera,Corporate,United States,San Antonio,Texas,South,P-021,Furniture,Storage,Cabinet,640.4,4,0,96.15
EC-2023-002118,3/23/2023,3/28/2023,Same Day,C-54054,James Lee,Corporate,United States,Houston,Texas,South,P-022,Furniture,Storage,Drawer Unit,1565.13,3,0,-36.49
EC-2021-002119,7/26/2021,7/27/2021,Second Class,C-94930,James Lee,Home Office,United States,Los Angeles,California,West,P-030,Office Supplies,Envelopes,Letter Envelopes,58.5,4,0.1,18.66
EC-2021-002120,12/30/2021,12/31/2021,First Class,C-31655,Carlos Rivera,Corporate,United States,Chicago,Illinois,Central,P-002,Electronics,Phones,Samsung A12,1174.0,3,0.3,-78.05
EC-2024-002121,4/8/2024,4/9/2024,Second Class,C-24095,Carlos Rivera,Home Office,United States,New York,New York,East,P-023,Office Supplies,Paper,A4 Ream,133.22,2,0,42.51
EC-2022-002122,8/6/2022,8/8/2022,First Class,C-47184,John Smith,Corporate,United States,Los Angeles,California,West,P-025,Office Supplies,Paper,Sticky Notes,84.0,5,0,-1.67
EC-2024-002123,11/24/2024,11/28/2024,First Class,C-50543,Emily Davis,Corporate,United States,Dallas,Texas,South,P-036,Clothing,Jackets,Windbreaker,196.7,4,0.1,-5.75
EC-2021-002124,11/1/2021,11/7/2021,Second Class,C-26529,James Lee,Consumer,United States,Chicago,Illinois,Central,P-017,Furniture,Tables,Coffee Table,110.55,1,0,9.1
EC-2024-002125,11/9/2024,11/12/2024,Same Day,C-82367,Carlos Rivera,Consumer,United States,Austin,Texas,South,P-008,Electronics,Laptops,Dell Inspiron,263.55,1,0.3,66.01
EC-2023-002126,1/16/2023,1/18/2023,First Class,C-70752,Michael Chen,Consumer,United States,San Antonio,Texas,South,P-021,Furniture,Storage,Cabinet,114.35,1,0,19.08
EC-2022-002127,11/1/2022,11/7/2022,First Class,C-42846,Michael Chen,Home Office,United States,San Antonio,Texas,South,P-030,Office Supplies,Envelopes,Letter Envelopes,268.97,5,0.3,-2.83
EC-2021-002128,10/31/2021,11/1/2021,Same Day,C-11209,Emily Davis,Consumer,United States,Chicago,Illinois,Central,P-011,Electronics,Tablets,Samsung Tab,1074.92,2,0.3,-33.59
EC-2021-002129,1/6/2021,1/7/2021,Standard Class,C-76188,Carlos Rivera,Home Office,United States,Dallas,Texas,South,P-029,Office Supplies,Art,Pencil Set,43.74,3,0.3,10.83
EC-2021-002130,3/22/2021,3/26/2021,First Class,C-63390,Maria Garcia,Home Office,United States,Austin,Texas,South,P-035,Clothing,Shoes,Casual Sneakers,350.96,4,0,-14.25
EC-2024-002131,5/31/2024,6/5/2024,Standard Class,C-97612,Carlos Rivera,Corporate,United States,Houston,Texas,South,P-039,Clothing,Accessories,Wallet,158.87,3,0.3,-4.86
EC-2023-002132,12/23/2023,12/25/2023,Same Day,C-45865,Michael Chen,Consumer,United States,New York,New York,East,P-036,Clothing,Jackets,Windbreaker,42.53,1,0.1,-0.82
EC-2024-002133,9/20/2024,9/21/2024,Standard Class,C-60990,Emily Davis,Home Office,United States,Dallas,Texas,South,P-009,Electronics,Laptops,Lenovo IdeaPad,2252.85,5,0,-63.96
EC-2024-002134,11/4/2024,11/8/2024,Standard Class,C-43841,James Lee,Corporate,United States,Los Angeles,California,West,P-016,Furniture,Tables,Dining Table,572.22,1,0,50.91
EC-2021-002135,11/28/2021,12/2/2021,Standard Class,C-81916,Maria Garcia,Home Office,United States,Houston,Texas,South,P-029,Office Supplies,Art,Pencil Set,96.33,3,0,33.65
EC-2021-002136,1/7/2021,1/9/2021,Standard Class,C-70987,Maria Garcia,Corporate,United States,Los Angeles,California,West,P-038,Electronics,Accessories,Belt,540.12,4,0,46.68
EC-2022-002137,12/31/2022,1/7/2023,Standard Class,C-12389,Maria Garcia,Corporate,United States,Los Angeles,California,West,P-036,Clothing,Jackets,Windbreaker,107.78,2,0.2,35.94
EC-2022-002138,12/2/2022,12/4/2022,Standard Class,C-66675,Maria Garcia,Home Office,United States,San Diego,California,West,P-038,Electronics,Accessories,Belt,1227.06,3,0,186.58
EC-2022-002139,1/25/2022,1/30/2022,Second Class,C-83067,Sara Wilson,Home Office,United States,Dallas,Texas,South,P-034,Clothing,Shoes,Running Shoes,205.49,2,0.3,67.84
EC-2022-002140,2/12/2022,2/13/2022,Standard Class,C-95028,Emily Davis,Corporate,United States,New York,New York,East,P-037,Clothing,Jackets,Hoodie,46.5,3,0,16.1
EC-2023-002141,8/8/2023,8/9/2023,Second Class,C-54656,Maria Garcia,Consumer,United States,Chicago,Illinois,Central,P-033,Clothing,Shirts,Polo Shirt,342.14,4,0.1,73.93
EC-2022-002142,10/2/2022,10/7/2022,Second Class,C-43853,Michael Chen,Corporate,United States,San Antonio,Texas,South,P-007,Electronics,Laptops,HP 15,693.99,1,0,-17.31
EC-2023-002143,4/24/2023,4/25/2023,Second Class,C-52959,James Lee,Corporate,United States,San Diego,California,West,P-020,Furniture,Bookcases,3-Shelf Bookcase,915.6,3,0.1,52.02
EC-2023-002144,1/13/2023,1/14/2023,First Class,C-20333,Anna Brown,Corporate,United States,Los Angeles,California,West,P-038,Electronics,Accessories,Belt,288.73,1,0,64.36
EC-2024-002145,2/1/2024,2/8/2024,First Class,C-50880,Michael Chen,Consumer,United States,San Diego,California,West,P-008,Electronics,Laptops,Dell Inspiron,2189.22,3,0,-209.24
EC-2021-002146,4/17/2021,4/19/2021,Second Class,C-63213,Maria Garcia,Consumer,United States,Los Angeles,California,West,P-008,Electronics,Laptops,Dell Inspiron,520.48,4,0,99.29
EC-2021-002147,6/17/2021,6/20/2021,Second Class,C-26601,James Lee,Consumer,United States,Chicago,Illinois,Central,P-026,Office Supplies,Binders,3-Ring Binder,47.08,1,0.1,5.44
EC-2024-002148,10/27/2024,11/1/2024,Standard Class,C-97409,Michael Chen,Home Office,United States,Phoenix,Arizona,West,P-021,Furniture,Storage,Cabinet,672.36,2,0,120.3
EC-2021-002149,10/6/2021,10/10/2021,First Class,C-94978,Sara Wilson,Corporate,United States,Austin,Texas,South,P-020,Furniture,Bookcases,3-Shelf Bookcase,1100.35,5,0,288.37
EC-2024-002150,4/24/2024,4/26/2024,Standard Class,C-27360,John Smith,Home Office,United States,Phoenix,Arizona,West,P-002,Electronics,Phones,Samsung A12,2412.3,5,0,-82.05
EC-2021-002151,4/6/2021,4/12/2021,Same Day,C-10369,Anna Brown,Home Office,United States,Los Angeles,California,West,P-018,Furniture,Tables,Desk,298.28,2,0,100.76
EC-2021-002152,8/8/2021,8/11/2021,Standard Class,C-59640,Carlos Rivera,Corporate,United States,Houston,Texas,South,P-002,Electronics,Phones,Samsung A12,160.24,1,0,23.64
EC-2022-002153,2/28/2022,3/4/2022,Standard Class,C-66792,Sara Wilson,Consumer,United States,Philadelphia,Pennsylvania,East,P-034,Clothing,Shoes,Running Shoes,219.08,3,0.1,-4.25
EC-2023-002154,7/29/2023,8/3/2023,Same Day,C-65856,John Smith,Consumer,United States,Phoenix,Arizona,West,P-013,Furniture,Chairs,Office Chair,412.26,3,0,-5.57
EC-2022-002155,12/14/2022,12/17/2022,Standard Class,C-31031,Sara Wilson,Corporate,United States,Houston,Texas,South,P-033,Clothing,Shirts,Polo Shirt,291.44,3,0.1,98.81
EC-2021-002156,2/5/2021,2/12/2021,Same Day,C-24394,Carlos Rivera,Home Office,United States,Houston,Texas,South,P-021,Furniture,Storage,Cabinet,1119.92,5,0.2,-27.17
EC-2022-002157,7/11/2022,7/18/2022,Same Day,C-43043,Anna Brown,Corporate,United States,San Diego,California,West,P-028,Office Supplies,Art,Markers Set,32.6,5,0,3.99
EC-2021-002158,11/2/2021,11/3/2021,Same Day,C-50152,Michael Chen,Home Office,United States,Philadelphia,Pennsylvania,East,P-021,Furniture,Storage,Cabinet,337.8,1,0.1,-10.95
EC-2024-002159,7/11/2024,7/15/2024,First Class,C-52561,John Smith,Home Office,United States,Austin,Texas,South,P-028,Office Supplies,Art,Markers Set,39.07,4,0.2,-0.43
EC-2022-002160,5/9/2022,5/14/2022,Standard Class,C-84076,James Lee,Corporate,United States,Philadelphia,Pennsylvania,East,P-029,Office Supplies,Art,Pencil Set,186.55,5,0,-14.38
EC-2022-002161,2/24/2022,2/28/2022,Second Class,C-38119,Anna Brown,Home Office,United States,San Antonio,Texas,South,P-021,Furniture,Storage,Cabinet,600.12,5,0.1,-15.93
EC-2022-002162,6/10/2022,6/11/2022,Second Class,C-54671,Anna Brown,Corporate,United States,Austin,Texas,South,P-023,Office Supplies,Paper,A4 Ream,357.07,5,0.1,-34.06
EC-2024-002163,5/10/2024,5/15/2024,Same Day,C-10833,Sara Wilson,Consumer,United States,Houston,Texas,South,P-002,Electronics,Phones,Samsung A12,2833.75,5,0,700.47
EC-2021-002164,7/24/2021,7/25/2021,Standard Class,C-56779,Sara Wilson,Home Office,United States,San Diego,California,West,P-022,Furniture,Storage,Drawer Unit,1682.7,3,0,299.74
EC-2021-002165,7/19/2021,7/25/2021,First Class,C-33513,Anna Brown,Consumer,United States,Austin,Texas,South,P-015,Furniture,Chairs,Stool,360.24,2,0,97.71
EC-2022-002166,8/28/2022,9/1/2022,Same Day,C-36760,Emily Davis,Home Office,United States,New York,New York,East,P-016,Furniture,Tables,Dining Table,394.66,2,0,33.69
EC-2024-002167,11/9/2024,11/10/2024,Same Day,C-65096,Maria Garcia,Corporate,United States,Chicago,Illinois,Central,P-030,Office Supplies,Envelopes,Letter Envelopes,16.71,3,0,3.51
EC-2021-002168,5/30/2021,6/1/2021,Same Day,C-82744,Emily Davis,Consumer,United States,San Antonio,Texas,South,P-038,Electronics,Accessories,Belt,443.88,2,0,117.23
EC-2023-002169,7/9/2023,7/13/2023,Same Day,C-12625,Anna Brown,Home Office,United States,Chicago,Illinois,Central,P-034,Clothing,Shoes,Running Shoes,126.46,3,0.2,14.45
EC-2024-002170,1/2/2024,1/6/2024,Second Class,C-79932,Maria Garcia,Home Office,United States,Los Angeles,California,West,P-037,Clothing,Jackets,Hoodie,245.08,2,0,29.15
EC-2021-002171,4/19/2021,4/24/2021,Standard Class,C-81259,Maria Garcia,Home Office,United States,Chicago,Illinois,Central,P-038,Clothing,Accessories,Belt,245.72,2,0,49.76
EC-2023-002172,12/12/2023,12/17/2023,First Class,C-36909,James Lee,Corporate,United States,Los Angeles,California,West,P-014,Furniture,Chairs,Gaming Chair,505.36,2,0,31.94
EC-2021-002173,10/30/2021,11/4/2021,Same Day,C-70410,James Lee,Consumer,United States,Dallas,Texas,South,P-015,Furniture,Chairs,Stool,2274.4,5,0,617.1
EC-2021-002174,3/9/2021,3/16/2021,Second Class,C-93498,Maria Garcia,Consumer,United States,New York,New York,East,P-028,Office Supplies,Art,Markers Set,69.72,1,0,10.23
EC-2021-002175,7/21/2021,7/25/2021,First Class,C-51005,Michael Chen,Home Office,United States,San Diego,California,West,P-039,Electronics,Accessories,Wallet,464.7,5,0,123.5
EC-2022-002176,6/19/2022,6/21/2022,Standard Class,C-78448,Maria Garcia,Home Office,United States,Los Angeles,California,West,P-008,Electronics,Laptops,Dell Inspiron,2001.04,5,0.2,386.27
EC-2023-002177,10/24/2023,10/29/2023,Same Day,C-88539,John Smith,Corporate,United States,New York,New York,East,P-017,Furniture,Tables,Coffee Table,1457.14,5,0.1,-83.14
EC-2023-002178,2/13/2023,2/16/2023,First Class,C-83793,Maria Garcia,Consumer,United States,Philadelphia,Pennsylvania,East,P-007,Electronics,Laptops,HP 15,1423.01,3,0.2,135.17
EC-2022-002179,7/6/2022,7/11/2022,First Class,C-59194,John Smith,Corporate,United States,Houston,Texas,South,P-021,Furniture,Storage,Cabinet,1271.67,3,0,377.02
EC-2023-002180,4/13/2023,4/15/2023,Same Day,C-34217,James Lee,Corporate,United States,Houston,Texas,South,P-010,Electronics,Tablets,iPad Mini,410.86,1,0.2,116.51
EC-2021-002181,4/7/2021,4/8/2021,Second Class,C-43903,James Lee,Corporate,United States,San Antonio,Texas,South,P-002,Electronics,Phones,Samsung A12,2511.77,5,0.3,129.33
EC-2023-002182,11/23/2023,11/25/2023,Standard Class,C-98211,Maria Garcia,Home Office,United States,San Antonio,Texas,South,P-038,Clothing,Accessories,Belt,77.69,1,0.1,-1.01
EC-2021-002183,12/16/2021,12/21/2021,First Class,C-27106,Emily Davis,Home Office,United States,Austin,Texas,South,P-022,Furniture,Storage,Drawer Unit,583.94,2,0,71.72
EC-2022-002184,9/27/2022,10/4/2022,Same Day,C-61102,James Lee,Consumer,United States,Phoenix,Arizona,West,P-034,Clothing,Shoes,Running Shoes,531.64,4,0,177.37
EC-2021-002185,3/28/2021,3/30/2021,First Class,C-13049,Maria Garcia,Consumer,United States,San Antonio,Texas,South,P-029,Office Supplies,Art,Pencil Set,60.98,2,0,6.56
EC-2023-002186,4/23/2023,4/30/2023,Second Class,C-75663,James Lee,Corporate,United States,Phoenix,Arizona,West,P-039,Clothing,Accessories,Wallet,119.22,1,0,14.6
EC-2023-002187,8/12/2023,8/17/2023,First Class,C-37385,Emily Davis,Home Office,United States,New York,New York,East,P-028,Office Supplies,Art,Markers Set,7.82,1,0,-0.1
EC-2024-002188,12/22/2024,12/23/2024,Standard Class,C-69604,Sara Wilson,Home Office,United States,San Antonio,Texas,South,P-020,Furniture,Bookcases,3-Shelf Bookcase,499.49,1,0,39.15
EC-2022-002189,2/11/2022,2/13/2022,Standard Class,C-15139,Michael Chen,Consumer,United States,Austin,Texas,South,P-003,Electronics,Phones,iPhone SE,754.99,2,0.1,-18.36
EC-2024-002190,6/7/2024,6/14/2024,First Class,C-82423,John Smith,Corporate,United States,San Diego,California,West,P-001,Electronics,Phones,Nokia 3310,714.21,1,0.1,241.56
EC-2021-002191,2/24/2021,3/3/2021,Second Class,C-78664,John Smith,Home Office,United States,New York,New York,East,P-038,Electronics,Accessories,Belt,1203.76,4,0,258.71
EC-2023-002192,8/26/2023,9/1/2023,First Class,C-10402,Anna Brown,Corporate,United States,Dallas,Texas,South,P-022,Furniture,Storage,Drawer Unit,2539.9,5,0,858.77
EC-2021-002193,10/2/2021,10/3/2021,Second Class,C-24267,Carlos Rivera,Corporate,United States,Los Angeles,California,West,P-037,Clothing,Jackets,Hoodie,434.52,5,0.3,122.34
EC-2023-002194,12/22/2023,12/26/2023,Standard Class,C-30667,Anna Brown,Consumer,United States,Philadelphia,Pennsylvania,East,P-017,Furniture,Tables,Coffee Table,1893.56,4,0,191.59
EC-2023-002195,7/14/2023,7/17/2023,Same Day,C-48528,James Lee,Corporate,United States,Philadelphia,Pennsylvania,East,P-013,Furniture,Chairs,Office Chair,359.73,3,0,93.04
EC-2024-002196,7/15/2024,7/16/2024,Same Day,C-16076,Maria Garcia,Consumer,United States,Philadelphia,Pennsylvania,East,P-033,Clothing,Shirts,Polo Shirt,508.68,4,0.1,172.89
EC-2021-002197,2/6/2021,2/7/2021,Standard Class,C-60631,James Lee,Consumer,United States,Houston,Texas,South,P-039,Electronics,Accessories,Wallet,1027.17,4,0.2,-23.58
EC-2022-002198,3/12/2022,3/13/2022,First Class,C-82127,James Lee,Consumer,United States,Chicago,Illinois,Central,P-033,Clothing,Shirts,Polo Shirt,408.48,3,0,120.59
EC-2024-002199,7/6/2024,7/13/2024,Standard Class,C-25181,Anna Brown,Corporate,United States,Dallas,Texas,South,P-033,Clothing,Shirts,Polo Shirt,494.3,5,0,-20.33
EC-2023-002200,7/6/2023,7/13/2023,First Class,C-63406,John Smith,Corporate,United States,Houston,Texas,South,P-025,Office Supplies,Paper,Sticky Notes,79.83,5,0.3,-2.54
EC-2023-002201,2/6/2023,2/11/2023,Second Class,C-16224,Emily Davis,Consumer,United States,Los Angeles,California,West,P-018,Furniture,Tables,Desk,1195.18,4,0.3,308.58
EC-2024-002202,3/21/2024,3/23/2024,Same Day,C-85076,Michael Chen,Home Office,United States,New York,New York,East,P-008,Electronics,Laptops,Dell Inspiron,3969.6,5,0,678.23
EC-2021-002203,7/3/2021,7/8/2021,First Class,C-23493,Carlos Rivera,Consumer,United States,Phoenix,Arizona,West,P-037,Clothing,Jackets,Hoodie,466.0,5,0,43.84
EC-2024-002204,6/21/2024,6/28/2024,Standard Class,C-62980,John Smith,Consumer,United States,Houston,Texas,South,P-009,Electronics,Laptops,Lenovo IdeaPad,262.54,2,0,74.6
EC-2021-002205,11/14/2021,11/18/2021,Same Day,C-38299,Carlos Rivera,Corporate,United States,Los Angeles,California,West,P-033,Clothing,Shirts,Polo Shirt,102.39,1,0.3,18.7
EC-2024-002206,10/4/2024,10/10/2024,Standard Class,C-12293,Carlos Rivera,Corporate,United States,Austin,Texas,South,P-017,Furniture,Tables,Coffee Table,2736.15,5,0,676.32
EC-2024-002207,9/21/2024,9/22/2024,Same Day,C-81368,James Lee,Home Office,United States,Chicago,Illinois,Central,P-008,Electronics,Laptops,Dell Inspiron,1530.0,5,0,262.96
EC-2024-002208,2/2/2024,2/6/2024,First Class,C-65830,Maria Garcia,Corporate,United States,Austin,Texas,South,P-036,Clothing,Jackets,Windbreaker,69.93,1,0,3.81
EC-2022-002209,10/5/2022,10/10/2022,First Class,C-87019,Carlos Rivera,Consumer,United States,Philadelphia,Pennsylvania,East,P-018,Furniture,Tables,Desk,1400.0,3,0.1,-29.74
EC-2021-002210,12/3/2021,12/7/2021,Second Class,C-18205,John Smith,Consumer,United States,Houston,Texas,South,P-023,Office Supplies,Paper,A4 Ream,247.86,5,0.1,57.04
EC-2022-002211,2/18/2022,2/19/2022,Standard Class,C-59177,John Smith,Home Office,United States,Los Angeles,California,West,P-012,Electronics,Tablets,Fire HD,1982.22,3,0,-38.28
EC-2024-002212,7/13/2024,7/18/2024,First Class,C-35676,Sara Wilson,Home Office,United States,Los Angeles,California,West,P-024,Office Supplies,Paper,Notebook,36.28,4,0,11.21
EC-2023-002213,1/25/2023,1/27/2023,Second Class,C-31274,John Smith,Corporate,United States,Phoenix,Arizona,West,P-034,Clothing,Shoes,Running Shoes,489.31,4,0.1,112.37
EC-2023-002214,4/24/2023,4/30/2023,Standard Class,C-91971,Sara Wilson,Home Office,United States,Chicago,Illinois,Central,P-035,Clothing,Shoes,Casual Sneakers,307.55,5,0,84.19
EC-2024-002215,3/3/2024,3/9/2024,First Class,C-35594,Anna Brown,Consumer,United States,Austin,Texas,South,P-032,Clothing,Shirts,Cotton T-Shirt,63.24,5,0.3,-3.99
EC-2021-002216,7/2/2021,7/4/2021,Standard Class,C-70850,John Smith,Corporate,United States,Philadelphia,Pennsylvania,East,P-021,Furniture,Storage,Cabinet,741.44,4,0,-42.3
EC-2021-002217,7/28/2021,7/29/2021,Second Class,C-97770,Emily Davis,Consumer,United States,Austin,Texas,South,P-018,Furniture,Tables,Desk,499.52,2,0.1,60.64
EC-2024-002218,1/24/2024,1/29/2024,Second Class,C-48892,Carlos Rivera,Corporate,United States,Philadelphia,Pennsylvania,East,P-022,Furniture,Storage,Drawer Unit,716.0,4,0,227.27
EC-2021-002219,12/12/2021,12/19/2021,Second Class,C-66512,Carlos Rivera,Corporate,United States,Austin,Texas,South,P-025,Office Supplies,Paper,Sticky Notes,62.24,4,0,-3.79
EC-2023-002220,7/15/2023,7/17/2023,Same Day,C-75491,James Lee,Consumer,United States,Phoenix,Arizona,West,P-023,Office Supplies,Paper,A4 Ream,40.28,1,0,12.95
EC-2021-002221,11/27/2021,12/3/2021,Standard Class,C-32494,Emily Davis,Corporate,United States,Los Angeles,California,West,P-013,Furniture,Chairs,Office Chair,266.44,2,0,54.84
EC-2023-002222,5/23/2023,5/30/2023,Standard Class,C-63533,John Smith,Home Office,United States,Houston,Texas,South,P-038,Clothing,Accessories,Belt,666.75,5,0,142.05
EC-2021-002223,2/16/2021,2/20/2021,Same Day,C-62777,Sara Wilson,Home Office,United States,Austin,Texas,South,P-027,Office Supplies,Binders,Report Cover,31.69,1,0.1,-1.84
EC-2021-002224,2/1/2021,2/4/2021,Standard Class,C-52977,James Lee,Corporate,United States,New York,New York,East,P-021,Furniture,Storage,Cabinet,247.72,2,0,29.03
EC-2024-002225,9/12/2024,9/15/2024,Same Day,C-19550,James Lee,Corporate,United States,New York,New York,East,P-012,Electronics,Tablets,Fire HD,2032.53,3,0.1,448.84
EC-2024-002226,3/8/2024,3/12/2024,Second Class,C-91715,Carlos Rivera,Home Office,United States,Dallas,Texas,South,P-039,Electronics,Accessories,Wallet,1638.49,5,0.3,213.91
EC-2021-002227,3/19/2021,3/26/2021,Standard Class,C-42869,Carlos Rivera,Consumer,United States,Philadelphia,Pennsylvania,East,P-038,Electronics,Accessories,Belt,2460.33,5,0.1,842.67
EC-2024-002228,6/2/2024,6/7/2024,Second Class,C-76523,Sara Wilson,Home Office,United States,San Diego,California,West,P-020,Furniture,Bookcases,3-Shelf Bookcase,1249.74,3,0,231.9
EC-2023-002229,1/2/2023,1/4/2023,Same Day,C-34479,John Smith,Home Office,United States,Houston,Texas,South,P-010,Electronics,Tablets,iPad Mini,1542.72,4,0,326.72
EC-2021-002230,6/9/2021,6/14/2021,Same Day,C-91741,Michael Chen,Home Office,United States,Los Angeles,California,West,P-037,Clothing,Jackets,Hoodie,368.15,5,0.1,-6.09
EC-2022-002231,10/18/2022,10/23/2022,Same Day,C-78732,John Smith,Consumer,United States,Austin,Texas,South,P-034,Clothing,Shoes,Running Shoes,104.45,1,0.3,21.9
EC-2023-002232,1/26/2023,1/27/2023,First Class,C-99864,Sara Wilson,Consumer,United States,Phoenix,Arizona,West,P-034,Clothing,Shoes,Running Shoes,421.2,4,0.1,113.01
EC-2021-002233,9/13/2021,9/15/2021,Standard Class,C-78627,Michael Chen,Home Office,United States,Phoenix,Arizona,West,P-003,Electronics,Phones,iPhone SE,1901.34,3,0,-24.81
EC-2021-002234,10/15/2021,10/18/2021,Standard Class,C-45291,Michael Chen,Corporate,United States,Austin,Texas,South,P-038,Clothing,Accessories,Belt,141.64,2,0.3,29.72
EC-2024-002235,3/18/2024,3/19/2024,Standard Class,C-73347,James Lee,Corporate,United States,Philadelphia,Pennsylvania,East,P-018,Furniture,Tables,Desk,646.74,3,0,135.76
EC-2024-002236,3/24/2024,3/26/2024,Standard Class,C-58503,Maria Garcia,Home Office,United States,San Antonio,Texas,South,P-030,Office Supplies,Envelopes,Letter Envelopes,140.26,2,0,29.3
EC-2024-002237,12/26/2024,12/30/2024,Second Class,C-83227,Emily Davis,Corporate,United States,Philadelphia,Pennsylvania,East,P-015,Furniture,Chairs,Stool,1839.52,4,0.2,237.03
EC-2024-002238,10/24/2024,10/27/2024,Second Class,C-85623,Maria Garcia,Consumer,United States,Phoenix,Arizona,West,P-008,Electronics,Laptops,Dell Inspiron,978.1,5,0,306.46
EC-2023-002239,9/19/2023,9/21/2023,First Class,C-37549,Michael Chen,Consumer,United States,New York,New York,East,P-012,Electronics,Tablets,Fire HD,1459.44,3,0,110.63
EC-2022-002240,8/25/2022,8/29/2022,First Class,C-38110,Michael Chen,Corporate,United States,Los Angeles,California,West,P-024,Office Supplies,Paper,Notebook,28.24,2,0.3,2.88
EC-2023-002241,5/23/2023,5/27/2023,Second Class,C-24300,Carlos Rivera,Consumer,United States,Philadelphia,Pennsylvania,East,P-032,Clothing,Shirts,Cotton T-Shirt,433.71,3,0,112.39
EC-2021-002242,12/30/2021,1/3/2022,Second Class,C-27253,Sara Wilson,Home Office,United States,San Antonio,Texas,South,P-002,Electronics,Phones,Samsung A12,2574.27,5,0.1,562.34
EC-2021-002243,9/23/2021,9/25/2021,First Class,C-64536,John Smith,Home Office,United States,San Diego,California,West,P-008,Electronics,Laptops,Dell Inspiron,703.3,2,0,152.77
EC-2024-002244,1/9/2024,1/13/2024,Standard Class,C-97728,Carlos Rivera,Corporate,United States,Phoenix,Arizona,West,P-031,Office Supplies,Envelopes,Bubble Mailer,36.89,3,0.2,5.58
EC-2022-002245,10/12/2022,10/19/2022,Standard Class,C-66112,Emily Davis,Corporate,United States,Austin,Texas,South,P-031,Office Supplies,Envelopes,Bubble Mailer,102.36,3,0.2,-9.92
EC-2021-002246,3/22/2021,3/23/2021,First Class,C-40988,James Lee,Corporate,United States,Chicago,Illinois,Central,P-038,Electronics,Accessories,Belt,1852.79,5,0.3,-174.27
EC-2021-002247,5/22/2021,5/24/2021,First Class,C-82816,James Lee,Corporate,United States,New York,New York,East,P-008,Electronics,Laptops,Dell Inspiron,2052.0,5,0,492.53
EC-2022-002248,8/6/2022,8/13/2022,Same Day,C-39109,Michael Chen,Home Office,United States,San Diego,California,West,P-008,Electronics,Laptops,Dell Inspiron,1187.79,5,0.3,234.22
EC-2024-002249,8/10/2024,8/14/2024,Second Class,C-47737,Anna Brown,Home Office,United States,Chicago,Illinois,Central,P-039,Clothing,Accessories,Wallet,113.78,5,0.3,29.71
EC-2024-002250,12/20/2024,12/25/2024,Standard Class,C-94560,John Smith,Home Office,United States,Los Angeles,California,West,P-038,Electronics,Accessories,Belt,192.82,1,0,-2.12
EC-2023-002251,2/12/2023,2/18/2023,Standard Class,C-70710,Emily Davis,Consumer,United States,New York,New York,East,P-023,Office Supplies,Paper,A4 Ream,144.6,4,0,16.08
EC-2023-002252,4/8/2023,4/13/2023,Same Day,C-44123,Emily Davis,Home Office,United States,Los Angeles,California,West,P-039,Electronics,Accessories,Wallet,365.42,2,0,70.9
EC-2023-002253,2/16/2023,2/18/2023,First Class,C-69450,Michael Chen,Consumer,United States,Austin,Texas,South,P-030,Office Supplies,Envelopes,Letter Envelopes,12.54,1,0.2,3.7
EC-2021-002254,4/19/2021,4/24/2021,Same Day,C-38189,Anna Brown,Home Office,United States,Chicago,Illinois,Central,P-014,Furniture,Chairs,Gaming Chair,2317.52,4,0,159.9
EC-2021-002255,3/1/2021,3/4/2021,Standard Class,C-32438,Maria Garcia,Consumer,United States,Chicago,Illinois,Central,P-034,Clothing,Shoes,Running Shoes,371.4,5,0.2,42.42
EC-2024-002256,8/4/2024,8/7/2024,Standard Class,C-42049,Anna Brown,Home Office,United States,Houston,Texas,South,P-036,Clothing,Jackets,Windbreaker,93.84,2,0,23.08
EC-2023-002257,5/6/2023,5/7/2023,Same Day,C-47990,Anna Brown,Home Office,United States,Dallas,Texas,South,P-029,Office Supplies,Art,Pencil Set,241.12,4,0,23.74
EC-2022-002258,6/4/2022,6/9/2022,Second Class,C-67513,John Smith,Home Office,United States,Dallas,Texas,South,P-008,Electronics,Laptops,Dell Inspiron,593.12,4,0.2,176.43
EC-2021-002259,5/24/2021,5/26/2021,Standard Class,C-24747,Anna Brown,Corporate,United States,New York,New York,East,P-017,Furniture,Tables,Coffee Table,1920.1,5,0.1,533.64
EC-2024-002260,4/1/2024,4/6/2024,Standard Class,C-17115,Anna Brown,Consumer,United States,San Diego,California,West,P-036,Clothing,Jackets,Windbreaker,35.15,1,0,10.12
EC-2022-002261,6/28/2022,7/5/2022,Same Day,C-37601,Emily Davis,Corporate,United States,San Diego,California,West,P-013,Furniture,Chairs,Office Chair,1398.72,5,0.2,253.88
EC-2024-002262,7/29/2024,8/3/2024,Second Class,C-94594,Maria Garcia,Consumer,United States,San Antonio,Texas,South,P-026,Office Supplies,Binders,3-Ring Binder,60.45,3,0,7.31
EC-2021-002263,5/17/2021,5/20/2021,Second Class,C-86923,Emily Davis,Consumer,United States,Chicago,Illinois,Central,P-024,Office Supplies,Paper,Notebook,9.39,2,0.3,2.1
EC-2022-002264,2/12/2022,2/16/2022,Standard Class,C-20832,Anna Brown,Home Office,United States,Phoenix,Arizona,West,P-002,Electronics,Phones,Samsung A12,185.04,2,0,41.26
EC-2021-002265,10/25/2021,10/29/2021,Standard Class,C-70338,Michael Chen,Home Office,United States,New York,New York,East,P-032,Clothing,Shirts,Cotton T-Shirt,113.79,1,0,11.06
EC-2021-002266,8/24/2021,8/29/2021,Second Class,C-25854,John Smith,Consumer,United States,Los Angeles,California,West,P-034,Clothing,Shoes,Running Shoes,66.65,1,0,-6.48
EC-2024-002267,9/17/2024,9/23/2024,Standard Class,C-48484,Anna Brown,Corporate,United States,San Diego,California,West,P-035,Clothing,Shoes,Casual Sneakers,146.02,5,0.3,-11.78
EC-2022-002268,3/3/2022,3/8/2022,Standard Class,C-33086,Maria Garcia,Home Office,United States,New York,New York,East,P-039,Clothing,Accessories,Wallet,183.53,3,0.2,14.88
EC-2024-002269,2/18/2024,2/24/2024,Standard Class,C-29677,Carlos Rivera,Home Office,United States,San Antonio,Texas,South,P-007,Electronics,Laptops,HP 15,593.16,1,0.2,-14.8
EC-2024-002270,4/26/2024,4/28/2024,Same Day,C-38130,Emily Davis,Corporate,United States,Philadelphia,Pennsylvania,East,P-034,Clothing,Shoes,Running Shoes,89.84,1,0.3,-7.3
EC-2021-002271,7/19/2021,7/21/2021,Standard Class,C-58062,Michael Chen,Consumer,United States,Dallas,Texas,South,P-021,Furniture,Storage,Cabinet,892.96,4,0,191.9
EC-2021-002272,2/25/2021,2/28/2021,Standard Class,C-90511,James Lee,Home Office,United States,Los Angeles,California,West,P-026,Office Supplies,Binders,3-Ring Binder,27.68,4,0,4.89
EC-2022-002273,7/24/2022,7/25/2022,Second Class,C-12933,Michael Chen,Home Office,United States,Chicago,Illinois,Central,P-035,Clothing,Shoes,Casual Sneakers,67.34,1,0.1,11.98
EC-2022-002274,7/31/2022,8/5/2022,First Class,C-39076,Carlos Rivera,Corporate,United States,Los Angeles,California,West,P-016,Furniture,Tables,Dining Table,302.05,2,0.3,-21.7
EC-2021-002275,9/13/2021,9/14/2021,Same Day,C-50404,Maria Garcia,Corporate,United States,Austin,Texas,South,P-038,Electronics,Accessories,Belt,2686.04,5,0.3,498.1
EC-2023-002276,2/1/2023,2/4/2023,Standard Class,C-70521,Michael Chen,Consumer,United States,San Antonio,Texas,South,P-031,Office Supplies,Envelopes,Bubble Mailer,23.85,1,0,7.18
EC-2024-002277,2/11/2024,2/12/2024,Second Class,C-40127,Maria Garcia,Home Office,United States,Los Angeles,California,West,P-001,Electronics,Phones,Nokia 3310,55.33,1,0.3,15.92
EC-2021-002278,7/4/2021,7/8/2021,Second Class,C-58004,Sara Wilson,Corporate,United States,Chicago,Illinois,Central,P-039,Clothing,Accessories,Wallet,442.45,5,0,129.95
EC-2021-002279,8/10/2021,8/13/2021,Second Class,C-17062,Sara Wilson,Corporate,United States,New York,New York,East,P-038,Electronics,Accessories,Belt,176.95,1,0.1,-3.29
EC-2021-002280,4/8/2021,4/15/2021,First Class,C-35762,John Smith,Corporate,United States,Phoenix,Arizona,West,P-019,Furniture,Bookcases,5-Shelf Bookcase,604.55,2,0.1,61.96
EC-2022-002281,12/16/2022,12/21/2022,First Class,C-36812,Maria Garcia,Home Office,United States,San Diego,California,West,P-010,Electronics,Tablets,iPad Mini,1232.35,4,0.2,-46.63
EC-2024-002282,10/6/2024,10/13/2024,Same Day,C-67253,James Lee,Home Office,United States,Houston,Texas,South,P-007,Electronics,Laptops,HP 15,669.76,4,0,201.93
EC-2021-002283,5/12/2021,5/17/2021,Same Day,C-23129,Carlos Rivera,Consumer,United States,Houston,Texas,South,P-009,Electronics,Laptops,Lenovo IdeaPad,64.24,1,0,10.98
EC-2021-002284,8/27/2021,8/28/2021,Same Day,C-95865,Carlos Rivera,Home Office,United States,Dallas,Texas,South,P-023,Office Supplies,Paper,A4 Ream,54.99,1,0,3.37
EC-2024-002285,2/27/2024,3/5/2024,Second Class,C-43491,John Smith,Home Office,United States,Phoenix,Arizona,West,P-015,Furniture,Chairs,Stool,243.82,1,0,-20.87
EC-2024-002286,5/26/2024,5/31/2024,Standard Class,C-25765,Michael Chen,Home Office,United States,Dallas,Texas,South,P-031,Office Supplies,Envelopes,Bubble Mailer,96.48,2,0.1,21.91
EC-2023-002287,4/22/2023,4/26/2023,Standard Class,C-42537,Anna Brown,Consumer,United States,Los Angeles,California,West,P-036,Clothing,Jackets,Windbreaker,72.42,1,0.1,14.05
EC-2022-002288,1/10/2022,1/12/2022,First Class,C-18781,Carlos Rivera,Home Office,United States,San Diego,California,West,P-020,Furniture,Bookcases,3-Shelf Bookcase,306.47,1,0.2,-16.9
EC-2021-002289,2/23/2021,2/25/2021,Same Day,C-17198,James Lee,Consumer,United States,Dallas,Texas,South,P-021,Furniture,Storage,Cabinet,2531.5,5,0,206.84
EC-2024-002290,1/23/2024,1/30/2024,First Class,C-86639,Sara Wilson,Consumer,United States,Los Angeles,California,West,P-007,Electronics,Laptops,HP 15,2253.04,5,0.2,459.36
EC-2023-002291,6/30/2023,7/1/2023,First Class,C-81646,Michael Chen,Home Office,United States,San Diego,California,West,P-013,Furniture,Chairs,Office Chair,2812.3,5,0,-248.55
EC-2021-002292,11/26/2021,12/3/2021,First Class,C-58994,Sara Wilson,Corporate,United States,Los Angeles,California,West,P-028,Office Supplies,Art,Markers Set,70.64,2,0.2,24.36
EC-2021-002293,2/22/2021,2/25/2021,Same Day,C-34761,Michael Chen,Consumer,United States,San Diego,California,West,P-038,Electronics,Accessories,Belt,1136.04,4,0.3,-8.87
EC-2023-002294,4/6/2023,4/7/2023,Same Day,C-97872,Michael Chen,Consumer,United States,Los Angeles,California,West,P-009,Electronics,Laptops,Lenovo IdeaPad,2778.8,5,0,798.74
EC-2024-002295,3/30/2024,4/5/2024,Second Class,C-43901,Maria Garcia,Home Office,United States,Dallas,Texas,South,P-022,Furniture,Storage,Drawer Unit,1094.55,5,0,-39.01
EC-2023-002296,5/25/2023,5/26/2023,Standard Class,C-82510,Anna Brown,Home Office,United States,Dallas,Texas,South,P-033,Clothing,Shirts,Polo Shirt,81.69,3,0.3,25.99
EC-2021-002297,8/8/2021,8/15/2021,Same Day,C-93840,Carlos Rivera,Home Office,United States,Dallas,Texas,South,P-031,Office Supplies,Envelopes,Bubble Mailer,14.9,1,0.2,4.89
EC-2022-002298,6/27/2022,7/2/2022,First Class,C-30047,Emily Davis,Consumer,United States,San Antonio,Texas,South,P-038,Clothing,Accessories,Belt,228.48,3,0,-4.76
EC-2021-002299,11/24/2021,11/27/2021,Same Day,C-39098,Carlos Rivera,Consumer,United States,Austin,Texas,South,P-010,Electronics,Tablets,iPad Mini,1282.05,5,0,64.23
EC-2023-002300,6/12/2023,6/14/2023,Same Day,C-65694,John Smith,Corporate,United States,Phoenix,Arizona,West,P-034,Clothing,Shoes,Running Shoes,159.44,5,0.1,-11.03
EC-2021-002301,6/1/2021,6/3/2021,Standard Class,C-63396,Maria Garcia,Home Office,United States,Los Angeles,California,West,P-002,Electronics,Phones,Samsung A12,1114.08,5,0.3,-32.81
EC-2023-002302,4/15/2023,4/16/2023,Standard Class,C-62508,Emily Davis,Consumer,United States,Philadelphia,Pennsylvania,East,P-017,Furniture,Tables,Coffee Table,308.31,3,0,-20.06
EC-2022-002303,7/25/2022,8/1/2022,Standard Class,C-14137,Anna Brown,Corporate,United States,Phoenix,Arizona,West,P-039,Electronics,Accessories,Wallet,1233.2,5,0,220.34
EC-2024-002304,3/7/2024,3/11/2024,Same Day,C-26616,Carlos Rivera,Consumer,United States,San Antonio,Texas,South,P-028,Office Supplies,Art,Markers Set,172.68,4,0.3,12.02
EC-2023-002305,8/4/2023,8/11/2023,Second Class,C-39684,Emily Davis,Consumer,United States,San Diego,California,West,P-002,Electronics,Phones,Samsung A12,1014.48,4,0,-52.99
EC-2022-002306,6/27/2022,7/2/2022,Standard Class,C-67717,Carlos Rivera,Home Office,United States,San Antonio,Texas,South,P-022,Furniture,Storage,Drawer Unit,1995.39,5,0.1,516.69
EC-2022-002307,11/2/2022,11/5/2022,First Class,C-88526,James Lee,Corporate,United States,Austin,Texas,South,P-036,Clothing,Jackets,Windbreaker,123.48,1,0,-1.08
EC-2022-002308,5/20/2022,5/26/2022,Second Class,C-18109,Anna Brown,Home Office,United States,San Antonio,Texas,South,P-011,Electronics,Tablets,Samsung Tab,282.11,1,0.1,20.76
EC-2022-002309,10/6/2022,10/8/2022,Standard Class,C-17315,Michael Chen,Home Office,United States,San Antonio,Texas,South,P-035,Clothing,Shoes,Casual Sneakers,142.5,5,0,21.13
EC-2021-002310,2/20/2021,2/25/2021,Standard Class,C-59327,Michael Chen,Corporate,United States,Austin,Texas,South,P-032,Clothing,Shirts,Cotton T-Shirt,276.65,5,0,28.68
EC-2023-002311,10/16/2023,10/20/2023,Same Day,C-74229,Sara Wilson,Corporate,United States,New York,New York,East,P-031,Office Supplies,Envelopes,Bubble Mailer,24.66,1,0,3.56
EC-2023-002312,7/12/2023,7/19/2023,Standard Class,C-41787,Emily Davis,Corporate,United States,Phoenix,Arizona,West,P-025,Office Supplies,Paper,Sticky Notes,77.68,5,0.2,-0.46
EC-2021-002313,9/25/2021,10/2/2021,First Class,C-89121,Emily Davis,Corporate,United States,Chicago,Illinois,Central,P-031,Office Supplies,Envelopes,Bubble Mailer,57.54,1,0,9.72
EC-2024-002314,11/23/2024,11/29/2024,Standard Class,C-66122,Sara Wilson,Consumer,United States,San Antonio,Texas,South,P-013,Furniture,Chairs,Office Chair,283.16,2,0,29.54
EC-2021-002315,10/3/2021,10/10/2021,Second Class,C-23096,Maria Garcia,Home Office,United States,Philadelphia,Pennsylvania,East,P-037,Clothing,Jackets,Hoodie,67.67,1,0,6.97
EC-2021-002316,5/3/2021,5/4/2021,Second Class,C-83246,James Lee,Consumer,United States,San Diego,California,West,P-029,Office Supplies,Art,Pencil Set,182.66,5,0.1,35.5
EC-2024-002317,3/29/2024,4/3/2024,Second Class,C-63549,Carlos Rivera,Corporate,United States,Philadelphia,Pennsylvania,East,P-013,Furniture,Chairs,Office Chair,1523.1,3,0.1,137.8
EC-2021-002318,10/29/2021,11/4/2021,Second Class,C-54846,Anna Brown,Consumer,United States,Los Angeles,California,West,P-021,Furniture,Storage,Cabinet,558.06,3,0,151.02
EC-2023-002319,12/27/2023,12/28/2023,First Class,C-32915,Carlos Rivera,Home Office,United States,Dallas,Texas,South,P-037,Clothing,Jackets,Hoodie,292.9,2,0,101.06
EC-2024-002320,2/16/2024,2/22/2024,First Class,C-66260,Carlos Rivera,Home Office,United States,Houston,Texas,South,P-015,Furniture,Chairs,Stool,1610.7,3,0,103.32
EC-2024-002321,8/28/2024,9/1/2024,Standard Class,C-30206,Sara Wilson,Home Office,United States,Philadelphia,Pennsylvania,East,P-029,Office Supplies,Art,Pencil Set,70.24,1,0,-0.65
EC-2023-002322,7/13/2023,7/17/2023,Standard Class,C-82756,Michael Chen,Consumer,United States,San Antonio,Texas,South,P-030,Office Supplies,Envelopes,Letter Envelopes,98.71,2,0.1,-1.0
EC-2022-002323,12/26/2022,1/1/2023,Second Class,C-15466,Carlos Rivera,Home Office,United States,New York,New York,East,P-014,Furniture,Chairs,Gaming Chair,397.3,1,0.2,-11.33
EC-2023-002324,3/3/2023,3/8/2023,Standard Class,C-11548,John Smith,Corporate,United States,Houston,Texas,South,P-026,Office Supplies,Binders,3-Ring Binder,50.02,2,0,15.22
EC-2023-002325,3/23/2023,3/27/2023,First Class,C-46549,Carlos Rivera,Home Office,United States,Dallas,Texas,South,P-003,Electronics,Phones,iPhone SE,392.08,1,0.1,-6.02
EC-2022-002326,6/21/2022,6/25/2022,Standard Class,C-91204,Anna Brown,Home Office,United States,New York,New York,East,P-029,Office Supplies,Art,Pencil Set,139.57,3,0.3,9.74
EC-2024-002327,8/7/2024,8/13/2024,Second Class,C-80630,Michael Chen,Consumer,United States,Philadelphia,Pennsylvania,East,P-032,Clothing,Shirts,Cotton T-Shirt,111.55,4,0.2,22.73
EC-2022-002328,9/19/2022,9/22/2022,Standard Class,C-28026,Carlos Rivera,Home Office,United States,Dallas,Texas,South,P-034,Clothing,Shoes,Running Shoes,128.06,1,0,38.66
EC-2021-002329,7/3/2021,7/10/2021,Same Day,C-82973,Anna Brown,Home Office,United States,Austin,Texas,South,P-034,Clothing,Shoes,Running Shoes,221.82,2,0,-1.99
EC-2022-002330,5/3/2022,5/8/2022,Second Class,C-84262,Anna Brown,Consumer,United States,Los Angeles,California,West,P-034,Clothing,Shoes,Running Shoes,666.09,5,0.1,-3.93
EC-2024-002331,3/29/2024,4/3/2024,Standard Class,C-10276,John Smith,Consumer,United States,Houston,Texas,South,P-015,Furniture,Chairs,Stool,142.99,1,0,-1.51
EC-2023-002332,6/8/2023,6/12/2023,Second Class,C-73025,Michael Chen,Consumer,United States,Los Angeles,California,West,P-011,Electronics,Tablets,Samsung Tab,1508.29,5,0.3,468.1
EC-2021-002333,6/21/2021,6/28/2021,First Class,C-40832,Carlos Rivera,Consumer,United States,Phoenix,Arizona,West,P-003,Electronics,Phones,iPhone SE,337.79,1,0,23.14
EC-2024-002334,4/22/2024,4/27/2024,First Class,C-50544,Michael Chen,Corporate,United States,New York,New York,East,P-026,Office Supplies,Binders,3-Ring Binder,128.06,5,0.3,11.71
EC-2021-002335,1/8/2021,1/10/2021,Same Day,C-53178,Michael Chen,Corporate,United States,New York,New York,East,P-023,Office Supplies,Paper,A4 Ream,73.7,1,0,21.76
EC-2021-002336,2/10/2021,2/16/2021,Same Day,C-11709,Michael Chen,Corporate,United States,New York,New York,East,P-033,Clothing,Shirts,Polo Shirt,526.61,4,0.1,-20.63
EC-2024-002337,12/22/2024,12/23/2024,Second Class,C-87526,Carlos Rivera,Corporate,United States,Houston,Texas,South,P-028,Office Supplies,Art,Markers Set,327.9,5,0,26.29
EC-2023-002338,1/23/2023,1/30/2023,Same Day,C-80031,Michael Chen,Consumer,United States,San Diego,California,West,P-032,Clothing,Shirts,Cotton T-Shirt,143.32,2,0,30.98
EC-2021-002339,2/1/2021,2/6/2021,Same Day,C-79355,Sara Wilson,Home Office,United States,Houston,Texas,South,P-022,Furniture,Storage,Drawer Unit,1295.63,5,0.3,284.68
EC-2023-002340,1/30/2023,2/6/2023,Standard Class,C-13063,Anna Brown,Corporate,United States,Austin,Texas,South,P-007,Electronics,Laptops,HP 15,257.82,1,0.2,48.04
EC-2021-002341,9/29/2021,10/3/2021,Standard Class,C-84925,Emily Davis,Corporate,United States,Philadelphia,Pennsylvania,East,P-013,Furniture,Chairs,Office Chair,833.01,3,0,-53.98
EC-2023-002342,1/10/2023,1/13/2023,Second Class,C-28083,Sara Wilson,Corporate,United States,San Diego,California,West,P-014,Furniture,Chairs,Gaming Chair,1278.0,4,0,334.61
EC-2021-002343,6/2/2021,6/3/2021,Standard Class,C-67113,Carlos Rivera,Home Office,United States,San Diego,California,West,P-030,Office Supplies,Envelopes,Letter Envelopes,91.07,5,0.3,-2.07
EC-2024-002344,5/20/2024,5/24/2024,Second Class,C-27287,Maria Garcia,Home Office,United States,Philadelphia,Pennsylvania,East,P-016,Furniture,Tables,Dining Table,658.62,3,0.3,177.45
EC-2023-002345,9/23/2023,9/30/2023,Same Day,C-26558,Emily Davis,Corporate,United States,New York,New York,East,P-029,Office Supplies,Art,Pencil Set,126.92,2,0,-3.85
EC-2021-002346,4/12/2021,4/13/2021,First Class,C-46496,Sara Wilson,Consumer,United States,San Antonio,Texas,South,P-032,Clothing,Shirts,Cotton T-Shirt,63.31,1,0.1,-0.64
EC-2024-002347,6/5/2024,6/8/2024,Second Class,C-33955,James Lee,Consumer,United States,Phoenix,Arizona,West,P-018,Furniture,Tables,Desk,441.91,5,0.3,147.42
EC-2021-002348,7/4/2021,7/6/2021,Same Day,C-17722,Emily Davis,Consumer,United States,San Antonio,Texas,South,P-030,Office Supplies,Envelopes,Letter Envelopes,378.1,5,0,-5.88
EC-2024-002349,3/22/2024,3/25/2024,Standard Class,C-66020,Maria Garcia,Home Office,United States,New York,New York,East,P-001,Electronics,Phones,Nokia 3310,478.02,1,0.3,-3.63
EC-2023-002350,6/22/2023,6/23/2023,Standard Class,C-51144,John Smith,Consumer,United States,Austin,Texas,South,P-007,Electronics,Laptops,HP 15,331.56,4,0,97.11
EC-2024-002351,12/5/2024,12/12/2024,First Class,C-28461,Sara Wilson,Home Office,United States,Los Angeles,California,West,P-011,Electronics,Tablets,Samsung Tab,989.79,3,0.3,136.5
EC-2022-002352,12/7/2022,12/9/2022,First Class,C-91842,James Lee,Corporate,United States,Austin,Texas,South,P-035,Clothing,Shoes,Casual Sneakers,129.72,1,0.1,-11.71
EC-2024-002353,1/8/2024,1/9/2024,Second Class,C-97030,Michael Chen,Home Office,United States,Houston,Texas,South,P-035,Clothing,Shoes,Casual Sneakers,59.4,3,0,5.71
EC-2023-002354,8/18/2023,8/21/2023,First Class,C-65138,John Smith,Home Office,United States,Houston,Texas,South,P-016,Furniture,Tables,Dining Table,1538.4,5,0,-23.26
EC-2021-002355,3/21/2021,3/27/2021,Standard Class,C-81033,Anna Brown,Corporate,United States,San Antonio,Texas,South,P-037,Clothing,Jackets,Hoodie,132.19,2,0.3,46.13
EC-2022-002356,4/12/2022,4/16/2022,Standard Class,C-46267,John Smith,Corporate,United States,Phoenix,Arizona,West,P-027,Office Supplies,Binders,Report Cover,136.53,3,0,9.0
EC-2024-002357,6/23/2024,6/26/2024,First Class,C-11275,John Smith,Consumer,United States,Philadelphia,Pennsylvania,East,P-037,Clothing,Jackets,Hoodie,289.44,2,0,63.49
EC-2021-002358,3/29/2021,4/2/2021,Second Class,C-20922,Maria Garcia,Home Office,United States,Phoenix,Arizona,West,P-028,Office Supplies,Art,Markers Set,274.8,5,0,-26.12
EC-2024-002359,5/15/2024,5/21/2024,First Class,C-33219,James Lee,Consumer,United States,New York,New York,East,P-038,Clothing,Accessories,Belt,346.44,4,0.3,57.76
EC-2024-002360,6/25/2024,6/28/2024,First Class,C-20838,James Lee,Corporate,United States,Houston,Texas,South,P-012,Electronics,Tablets,Fire HD,401.78,1,0.3,-12.43
EC-2024-002361,3/4/2024,3/7/2024,Standard Class,C-38127,James Lee,Consumer,United States,New York,New York,East,P-022,Furniture,Storage,Drawer Unit,527.16,1,0,76.89
EC-2024-002362,7/21/2024,7/26/2024,Same Day,C-35069,James Lee,Consumer,United States,Philadelphia,Pennsylvania,East,P-029,Office Supplies,Art,Pencil Set,104.76,4,0,29.28
EC-2024-002363,12/21/2024,12/27/2024,First Class,C-16310,John Smith,Home Office,United States,Austin,Texas,South,P-033,Clothing,Shirts,Polo Shirt,142.7,2,0.3,-11.79
EC-2022-002364,9/15/2022,9/22/2022,Second Class,C-66152,John Smith,Consumer,United States,New York,New York,East,P-036,Clothing,Jackets,Windbreaker,46.23,3,0,-1.53
EC-2024-002365,1/17/2024,1/20/2024,Standard Class,C-81492,Emily Davis,Consumer,United States,Austin,Texas,South,P-023,Office Supplies,Paper,A4 Ream,190.3,3,0.2,-4.47
EC-2024-002366,11/5/2024,11/10/2024,Second Class,C-84631,John Smith,Consumer,United States,Philadelphia,Pennsylvania,East,P-027,Office Supplies,Binders,Report Cover,32.1,1,0,2.18
EC-2023-002367,5/28/2023,6/4/2023,Second Class,C-41671,Sara Wilson,Consumer,United States,San Diego,California,West,P-012,Electronics,Tablets,Fire HD,1656.18,4,0.1,213.37
EC-2024-002368,9/18/2024,9/20/2024,First Class,C-74327,Sara Wilson,Corporate,United States,Austin,Texas,South,P-026,Office Supplies,Binders,3-Ring Binder,145.74,3,0,8.18
EC-2022-002369,11/3/2022,11/4/2022,First Class,C-51039,Carlos Rivera,Consumer,United States,Houston,Texas,South,P-035,Clothing,Shoes,Casual Sneakers,114.16,1,0.1,12.99
EC-2022-002370,8/9/2022,8/10/2022,First Class,C-29588,Anna Brown,Home Office,United States,Dallas,Texas,South,P-021,Furniture,Storage,Cabinet,122.89,1,0.3,13.03
EC-2021-002371,7/15/2021,7/16/2021,Second Class,C-10736,Michael Chen,Home Office,United States,New York,New York,East,P-020,Furniture,Bookcases,3-Shelf Bookcase,1055.85,4,0.3,-6.75
EC-2021-002372,11/7/2021,11/8/2021,Same Day,C-98911,Emily Davis,Corporate,United States,Los Angeles,California,West,P-026,Office Supplies,Binders,3-Ring Binder,61.3,2,0.2,20.12
EC-2022-002373,10/25/2022,11/1/2022,Second Class,C-16085,Anna Brown,Consumer,United States,Austin,Texas,South,P-037,Clothing,Jackets,Hoodie,171.36,5,0.1,24.59
EC-2021-002374,1/18/2021,1/24/2021,First Class,C-13232,James Lee,Corporate,United States,Chicago,Illinois,Central,P-021,Furniture,Storage,Cabinet,527.88,2,0,66.91
EC-2021-002375,7/6/2021,7/13/2021,Standard Class,C-32052,Maria Garcia,Consumer,United States,Philadelphia,Pennsylvania,East,P-010,Electronics,Tablets,iPad Mini,2926.35,5,0,305.16
EC-2023-002376,12/11/2023,12/18/2023,Same Day,C-24688,Michael Chen,Home Office,United States,Los Angeles,California,West,P-014,Furniture,Chairs,Gaming Chair,1094.04,3,0.2,-25.71
EC-2024-002377,2/1/2024,2/6/2024,First Class,C-22346,Michael Chen,Home Office,United States,Los Angeles,California,West,P-020,Furniture,Bookcases,3-Shelf Bookcase,1052.44,4,0.3,-35.98
EC-2022-002378,4/30/2022,5/4/2022,Standard Class,C-86268,Sara Wilson,Home Office,United States,San Diego,California,West,P-002,Electronics,Phones,Samsung A12,321.22,4,0.2,106.9
EC-2022-002379,9/29/2022,10/6/2022,Second Class,C-31300,John Smith,Home Office,United States,New York,New York,East,P-020,Furniture,Bookcases,3-Shelf Bookcase,1195.24,2,0,318.79
EC-2024-002380,6/13/2024,6/16/2024,Standard Class,C-46535,Sara Wilson,Consumer,United States,San Diego,California,West,P-038,Electronics,Accessories,Belt,302.9,2,0,38.04
EC-2023-002381,12/11/2023,12/17/2023,Same Day,C-11337,James Lee,Consumer,United States,Los Angeles,California,West,P-026,Office Supplies,Binders,3-Ring Binder,187.32,3,0.2,-4.32
EC-2024-002382,7/22/2024,7/24/2024,Standard Class,C-57077,James Lee,Corporate,United States,New York,New York,East,P-038,Electronics,Accessories,Belt,428.52,2,0,113.59
EC-2022-002383,2/2/2022,2/3/2022,Second Class,C-10378,John Smith,Home Office,United States,Chicago,Illinois,Central,P-039,Electronics,Accessories,Wallet,327.11,1,0.1,-4.12
EC-2023-002384,7/25/2023,7/29/2023,Second Class,C-13003,James Lee,Corporate,United States,Philadelphia,Pennsylvania,East,P-027,Office Supplies,Binders,Report Cover,101.66,2,0,28.5
EC-2024-002385,11/5/2024,11/11/2024,First Class,C-86289,Anna Brown,Corporate,United States,Los Angeles,California,West,P-012,Electronics,Tablets,Fire HD,1667.95,5,0,-51.4
EC-2022-002386,5/23/2022,5/30/2022,Second Class,C-36610,Maria Garcia,Corporate,United States,San Diego,California,West,P-002,Electronics,Phones,Samsung A12,2060.28,4,0,-58.87
EC-2023-002387,10/24/2023,10/25/2023,First Class,C-60222,Anna Brown,Corporate,United States,Philadelphia,Pennsylvania,East,P-038,Clothing,Accessories,Belt,524.84,4,0.1,-29.62
EC-2024-002388,3/14/2024,3/19/2024,First Class,C-49387,John Smith,Corporate,United States,San Antonio,Texas,South,P-034,Clothing,Shoes,Running Shoes,115.8,5,0,32.85
EC-2022-002389,2/7/2022,2/13/2022,Standard Class,C-94832,Michael Chen,Home Office,United States,Phoenix,Arizona,West,P-039,Clothing,Accessories,Wallet,503.24,5,0.1,77.06
EC-2021-002390,9/23/2021,9/30/2021,Standard Class,C-43518,Anna Brown,Corporate,United States,Chicago,Illinois,Central,P-021,Furniture,Storage,Cabinet,305.6,1,0,-4.24
EC-2024-002391,9/2/2024,9/7/2024,Standard Class,C-79966,Sara Wilson,Corporate,United States,Philadelphia,Pennsylvania,East,P-035,Clothing,Shoes,Casual Sneakers,114.76,5,0.2,-8.29
EC-2024-002392,8/2/2024,8/4/2024,Second Class,C-36347,Emily Davis,Home Office,United States,Phoenix,Arizona,West,P-010,Electronics,Tablets,iPad Mini,1902.29,5,0.3,-31.21
EC-2022-002393,7/31/2022,8/4/2022,Second Class,C-14552,Anna Brown,Corporate,United States,Chicago,Illinois,Central,P-018,Furniture,Tables,Desk,539.26,2,0,-6.67
EC-2023-002394,1/20/2023,1/27/2023,Same Day,C-61171,Carlos Rivera,Corporate,United States,San Diego,California,West,P-003,Electronics,Phones,iPhone SE,212.97,3,0,65.82
EC-2023-002395,4/3/2023,4/8/2023,First Class,C-71890,Carlos Rivera,Home Office,United States,Phoenix,Arizona,West,P-037,Clothing,Jackets,Hoodie,428.52,3,0,77.55
EC-2021-002396,5/11/2021,5/15/2021,Standard Class,C-11038,Emily Davis,Corporate,United States,Houston,Texas,South,P-039,Clothing,Accessories,Wallet,77.04,3,0,12.4
EC-2022-002397,1/15/2022,1/22/2022,Standard Class,C-68547,James Lee,Home Office,United States,San Antonio,Texas,South,P-024,Office Supplies,Paper,Notebook,70.15,3,0.2,11.53
EC-2023-002398,7/18/2023,7/25/2023,Standard Class,C-26061,Carlos Rivera,Consumer,United States,Phoenix,Arizona,West,P-038,Electronics,Accessories,Belt,1629.8,5,0,211.4
EC-2024-002399,1/21/2024,1/26/2024,Standard Class,C-37982,John Smith,Consumer,United States,Houston,Texas,South,P-009,Electronics,Laptops,Lenovo IdeaPad,755.72,1,0,213.89
EC-2024-002400,9/9/2024,9/16/2024,Second Class,C-25988,Sara Wilson,Consumer,United States,Dallas,Texas,South,P-038,Clothing,Accessories,Belt,144.74,1,0,30.43
EC-2021-002401,9/4/2021,9/5/2021,Same Day,C-57546,Carlos Rivera,Home Office,United States,Philadelphia,Pennsylvania,East,P-026,Office Supplies,Binders,3-Ring Binder,59.65,5,0,-0.87
EC-2022-002402,6/16/2022,6/19/2022,Second Class,C-13318,Michael Chen,Consumer,United States,Dallas,Texas,South,P-022,Furniture,Storage,Drawer Unit,473.97,2,0.3,156.47
EC-2023-002403,6/30/2023,7/4/2023,Same Day,C-10446,Maria Garcia,Consumer,United States,Dallas,Texas,South,P-026,Office Supplies,Binders,3-Ring Binder,94.55,3,0.1,10.07
EC-2021-002404,4/6/2021,4/13/2021,Same Day,C-52661,John Smith,Consumer,United States,Philadelphia,Pennsylvania,East,P-025,Office Supplies,Paper,Sticky Notes,74.93,1,0,24.6
EC-2023-002405,9/18/2023,9/25/2023,Standard Class,C-25717,Michael Chen,Home Office,United States,Chicago,Illinois,Central,P-001,Electronics,Phones,Nokia 3310,198.56,2,0,-3.75
EC-2024-002406,3/20/2024,3/26/2024,Same Day,C-36012,Maria Garcia,Consumer,United States,Los Angeles,California,West,P-007,Electronics,Laptops,HP 15,402.13,1,0.1,-41.99
EC-2022-002407,12/20/2022,12/26/2022,Same Day,C-92728,Sara Wilson,Home Office,United States,Chicago,Illinois,Central,P-022,Furniture,Storage,Drawer Unit,137.22,1,0.2,33.41
EC-2023-002408,2/4/2023,2/9/2023,Standard Class,C-68024,Anna Brown,Home Office,United States,Philadelphia,Pennsylvania,East,P-019,Furniture,Bookcases,5-Shelf Bookcase,1105.92,2,0,105.32
EC-2022-002409,8/12/2022,8/15/2022,Standard Class,C-21417,Emily Davis,Home Office,United States,Dallas,Texas,South,P-016,Furniture,Tables,Dining Table,973.14,2,0,114.82
EC-2021-002410,7/7/2021,7/8/2021,Second Class,C-76278,James Lee,Corporate,United States,San Diego,California,West,P-011,Electronics,Tablets,Samsung Tab,1387.49,4,0.2,-82.98
EC-2021-002411,7/22/2021,7/23/2021,Standard Class,C-39132,James Lee,Consumer,United States,Dallas,Texas,South,P-021,Furniture,Storage,Cabinet,600.89,3,0.3,182.43
EC-2024-002412,7/14/2024,7/18/2024,First Class,C-27173,James Lee,Home Office,United States,Phoenix,Arizona,West,P-012,Electronics,Tablets,Fire HD,2538.04,4,0,373.84
EC-2021-002413,11/9/2021,11/11/2021,Second Class,C-55364,James Lee,Home Office,United States,Chicago,Illinois,Central,P-018,Furniture,Tables,Desk,2050.35,5,0,-25.86
EC-2022-002414,12/26/2022,12/30/2022,Standard Class,C-16463,Michael Chen,Corporate,United States,New York,New York,East,P-018,Furniture,Tables,Desk,2534.75,5,0,287.24
EC-2021-002415,5/17/2021,5/24/2021,Second Class,C-10827,Sara Wilson,Home Office,United States,Los Angeles,California,West,P-021,Furniture,Storage,Cabinet,884.84,4,0,-7.2
EC-2021-002416,9/7/2021,9/13/2021,Standard Class,C-62598,John Smith,Corporate,United States,San Diego,California,West,P-027,Office Supplies,Binders,Report Cover,6.02,1,0,-0.17
EC-2024-002417,3/15/2024,3/22/2024,First Class,C-15902,Emily Davis,Home Office,United States,Dallas,Texas,South,P-030,Office Supplies,Envelopes,Letter Envelopes,71.32,3,0.3,9.49
EC-2021-002418,12/23/2021,12/29/2021,Second Class,C-54855,Emily Davis,Corporate,United States,Los Angeles,California,West,P-028,Office Supplies,Art,Markers Set,111.33,3,0,8.15
EC-2024-002419,3/12/2024,3/18/2024,Same Day,C-75097,Emily Davis,Home Office,United States,Los Angeles,California,West,P-036,Clothing,Jackets,Windbreaker,151.97,2,0.2,22.24
EC-2021-002420,1/2/2021,1/9/2021,First Class,C-95462,Sara Wilson,Consumer,United States,Chicago,Illinois,Central,P-014,Furniture,Chairs,Gaming Chair,234.84,2,0.3,12.79
EC-2021-002421,11/3/2021,11/6/2021,Standard Class,C-84256,Sara Wilson,Consumer,United States,Los Angeles,California,West,P-038,Electronics,Accessories,Belt,1964.54,4,0.2,336.05
EC-2022-002422,3/18/2022,3/19/2022,Same Day,C-27282,Sara Wilson,Corporate,United States,Chicago,Illinois,Central,P-033,Clothing,Shirts,Polo Shirt,271.16,2,0,-7.85
EC-2022-002423,11/26/2022,12/2/2022,Same Day,C-37263,Carlos Rivera,Home Office,United States,Austin,Texas,South,P-033,Clothing,Shirts,Polo Shirt,410.32,4,0,49.72
EC-2021-002424,7/7/2021,7/13/2021,First Class,C-93484,Emily Davis,Corporate,United States,San Antonio,Texas,South,P-015,Furniture,Chairs,Stool,622.86,5,0.3,166.63
EC-2021-002425,10/24/2021,10/25/2021,Second Class,C-45689,Carlos Rivera,Consumer,United States,Chicago,Illinois,Central,P-016,Furniture,Tables,Dining Table,263.03,1,0,51.52
EC-2021-002426,1/15/2021,1/21/2021,Standard Class,C-81402,Michael Chen,Consumer,United States,New York,New York,East,P-037,Clothing,Jackets,Hoodie,323.19,5,0.1,54.52
EC-2024-002427,3/18/2024,3/22/2024,First Class,C-55555,Michael Chen,Corporate,United States,Austin,Texas,South,P-039,Clothing,Accessories,Wallet,121.0,1,0.1,35.68
EC-2021-002428,3/9/2021,3/10/2021,First Class,C-60609,Carlos Rivera,Consumer,United States,San Antonio,Texas,South,P-008,Electronics,Laptops,Dell Inspiron,514.89,2,0.1,56.51
EC-2023-002429,6/23/2023,6/24/2023,First Class,C-58622,Sara Wilson,Home Office,United States,Los Angeles,California,West,P-035,Clothing,Shoes,Casual Sneakers,134.16,4,0,-5.89
EC-2022-002430,12/18/2022,12/19/2022,Standard Class,C-51158,Carlos Rivera,Home Office,United States,Chicago,Illinois,Central,P-039,Electronics,Accessories,Wallet,714.6,2,0.1,-29.99
EC-2022-002431,7/31/2022,8/4/2022,First Class,C-43737,Maria Garcia,Consumer,United States,San Antonio,Texas,South,P-031,Office Supplies,Envelopes,Bubble Mailer,233.79,3,0,63.96
EC-2024-002432,3/12/2024,3/17/2024,Standard Class,C-39676,Carlos Rivera,Consumer,United States,Austin,Texas,South,P-024,Office Supplies,Paper,Notebook,202.59,3,0,45.28
EC-2023-002433,12/13/2023,12/20/2023,Standard Class,C-89356,Sara Wilson,Consumer,United States,San Diego,California,West,P-036,Clothing,Jackets,Windbreaker,226.55,5,0,-4.53
EC-2022-002434,5/26/2022,5/28/2022,Same Day,C-72774,Emily Davis,Consumer,United States,Los Angeles,California,West,P-019,Furniture,Bookcases,5-Shelf Bookcase,294.26,2,0,-27.2
EC-2022-002435,8/11/2022,8/17/2022,First Class,C-14887,Anna Brown,Corporate,United States,San Antonio,Texas,South,P-028,Office Supplies,Art,Markers Set,202.25,5,0,-6.22
EC-2022-002436,7/24/2022,7/29/2022,Same Day,C-17157,John Smith,Corporate,United States,San Antonio,Texas,South,P-002,Electronics,Phones,Samsung A12,1045.35,2,0.3,243.86
EC-2021-002437,10/7/2021,10/14/2021,Same Day,C-61328,Anna Brown,Consumer,United States,Los Angeles,California,West,P-019,Furniture,Bookcases,5-Shelf Bookcase,1013.32,4,0,211.41
EC-2021-002438,1/5/2021,1/10/2021,Standard Class,C-34792,Carlos Rivera,Consumer,United States,San Antonio,Texas,South,P-029,Office Supplies,Art,Pencil Set,159.24,3,0.3,25.18
EC-2022-002439,3/30/2022,3/31/2022,First Class,C-63398,James Lee,Consumer,United States,Los Angeles,California,West,P-031,Office Supplies,Envelopes,Bubble Mailer,17.2,2,0,-0.55
EC-2022-002440,2/4/2022,2/7/2022,Standard Class,C-40407,Sara Wilson,Corporate,United States,Dallas,Texas,South,P-013,Furniture,Chairs,Office Chair,305.0,2,0.3,25.11
EC-2021-002441,3/8/2021,3/13/2021,Standard Class,C-30052,Maria Garcia,Home Office,United States,Philadelphia,Pennsylvania,East,P-038,Clothing,Accessories,Belt,247.94,3,0.1,-20.53
EC-2021-002442,5/12/2021,5/16/2021,Second Class,C-58052,John Smith,Consumer,United States,Phoenix,Arizona,West,P-039,Clothing,Accessories,Wallet,167.34,3,0,16.16
EC-2024-002443,6/2/2024,6/5/2024,First Class,C-36079,Anna Brown,Corporate,United States,San Antonio,Texas,South,P-018,Furniture,Tables,Desk,365.84,3,0.3,-11.4
EC-2022-002444,4/24/2022,4/25/2022,Standard Class,C-40110,John Smith,Consumer,United States,Chicago,Illinois,Central,P-018,Furniture,Tables,Desk,1258.5,5,0,-43.29
EC-2023-002445,4/17/2023,4/21/2023,Second Class,C-67349,Michael Chen,Consumer,United States,Dallas,Texas,South,P-017,Furniture,Tables,Coffee Table,1542.85,4,0.1,-73.85
EC-2022-002446,10/8/2022,10/10/2022,First Class,C-40255,Carlos Rivera,Consumer,United States,New York,New York,East,P-022,Furniture,Storage,Drawer Unit,827.42,2,0,-6.08
EC-2021-002447,3/1/2021,3/3/2021,Standard Class,C-12147,Maria Garcia,Home Office,United States,Phoenix,Arizona,West,P-034,Clothing,Shoes,Running Shoes,106.5,5,0,19.97
EC-2024-002448,9/17/2024,9/24/2024,Second Class,C-64209,Carlos Rivera,Corporate,United States,Chicago,Illinois,Central,P-034,Clothing,Shoes,Running Shoes,120.55,1,0.1,35.48
EC-2024-002449,8/8/2024,8/14/2024,First Class,C-44564,John Smith,Corporate,United States,Dallas,Texas,South,P-033,Clothing,Shirts,Polo Shirt,283.52,5,0.2,-9.38
EC-2024-002450,1/5/2024,1/12/2024,Same Day,C-33577,James Lee,Consumer,United States,Dallas,Texas,South,P-036,Clothing,Jackets,Windbreaker,239.76,3,0.2,-22.42
EC-2024-002451,11/10/2024,11/13/2024,First Class,C-73631,Anna Brown,Corporate,United States,San Antonio,Texas,South,P-025,Office Supplies,Paper,Sticky Notes,204.57,5,0.3,-5.56
EC-2022-002452,1/17/2022,1/18/2022,Second Class,C-15500,Anna Brown,Consumer,United States,Chicago,Illinois,Central,P-021,Furniture,Storage,Cabinet,471.4,1,0.2,88.32
EC-2024-002453,10/3/2024,10/4/2024,Same Day,C-29798,Emily Davis,Consumer,United States,Dallas,Texas,South,P-030,Office Supplies,Envelopes,Letter Envelopes,18.79,1,0.3,6.2
EC-2022-002454,12/28/2022,12/30/2022,Second Class,C-60831,Carlos Rivera,Corporate,United States,Austin,Texas,South,P-009,Electronics,Laptops,Lenovo IdeaPad,840.98,2,0,77.9
EC-2023-002455,7/20/2023,7/22/2023,First Class,C-59398,Emily Davis,Consumer,United States,Chicago,Illinois,Central,P-018,Furniture,Tables,Desk,1051.44,2,0,-8.82
EC-2022-002456,2/4/2022,2/10/2022,Standard Class,C-49941,Sara Wilson,Home Office,United States,New York,New York,East,P-030,Office Supplies,Envelopes,Letter Envelopes,60.54,3,0,-2.55
EC-2023-002457,8/10/2023,8/11/2023,First Class,C-90226,Emily Davis,Consumer,United States,Chicago,Illinois,Central,P-024,Office Supplies,Paper,Notebook,163.33,4,0.2,-12.51
EC-2022-002458,6/12/2022,6/17/2022,Same Day,C-51488,Michael Chen,Corporate,United States,Chicago,Illinois,Central,P-022,Furniture,Storage,Drawer Unit,820.04,2,0,274.13
EC-2023-002459,7/16/2023,7/20/2023,Standard Class,C-20558,Michael Chen,Corporate,United States,Dallas,Texas,South,P-019,Furniture,Bookcases,5-Shelf Bookcase,391.7,3,0.2,37.64
EC-2024-002460,5/23/2024,5/25/2024,First Class,C-19350,Emily Davis,Home Office,United States,New York,New York,East,P-023,Office Supplies,Paper,A4 Ream,95.9,2,0,-6.55
EC-2021-002461,11/7/2021,11/12/2021,Same Day,C-94640,Michael Chen,Corporate,United States,Philadelphia,Pennsylvania,East,P-034,Clothing,Shoes,Running Shoes,83.52,2,0.1,-2.09
EC-2021-002462,3/29/2021,4/2/2021,First Class,C-82250,Emily Davis,Consumer,United States,San Antonio,Texas,South,P-019,Furniture,Bookcases,5-Shelf Bookcase,1699.56,5,0.2,98.78
EC-2021-002463,8/8/2021,8/10/2021,Second Class,C-18419,Maria Garcia,Consumer,United States,San Diego,California,West,P-038,Electronics,Accessories,Belt,1272.3,5,0,-33.25
EC-2021-002464,12/21/2021,12/28/2021,First Class,C-67074,Michael Chen,Corporate,United States,Los Angeles,California,West,P-016,Furniture,Tables,Dining Table,242.14,1,0.3,-3.92
EC-2021-002465,1/18/2021,1/19/2021,First Class,C-27506,John Smith,Consumer,United States,Austin,Texas,South,P-039,Clothing,Accessories,Wallet,251.95,5,0,42.04
EC-2024-002466,3/13/2024,3/18/2024,Same Day,C-60818,Michael Chen,Corporate,United States,Dallas,Texas,South,P-010,Electronics,Tablets,iPad Mini,560.18,3,0.2,83.01
EC-2021-002467,9/1/2021,9/6/2021,Standard Class,C-67162,James Lee,Home Office,United States,San Antonio,Texas,South,P-031,Office Supplies,Envelopes,Bubble Mailer,42.66,2,0,9.95
EC-2022-002468,1/10/2022,1/11/2022,Second Class,C-24780,Carlos Rivera,Home Office,United States,Phoenix,Arizona,West,P-013,Furniture,Chairs,Office Chair,165.84,2,0.2,-2.09
EC-2023-002469,8/23/2023,8/30/2023,Standard Class,C-46396,Maria Garcia,Corporate,United States,Austin,Texas,South,P-032,Clothing,Shirts,Cotton T-Shirt,404.58,4,0.2,94.2
EC-2024-002470,1/31/2024,2/1/2024,Same Day,C-10279,John Smith,Consumer,United States,New York,New York,East,P-016,Furniture,Tables,Dining Table,209.7,1,0.3,-5.38
EC-2021-002471,11/27/2021,12/2/2021,Same Day,C-52813,James Lee,Consumer,United States,Philadelphia,Pennsylvania,East,P-007,Electronics,Laptops,HP 15,191.41,1,0,-8.41
EC-2024-002472,2/1/2024,2/7/2024,Standard Class,C-90145,John Smith,Corporate,United States,New York,New York,East,P-026,Office Supplies,Binders,3-Ring Binder,371.85,5,0,92.22
EC-2023-002473,12/30/2023,1/5/2024,Same Day,C-37106,Michael Chen,Consumer,United States,San Antonio,Texas,South,P-011,Electronics,Tablets,Samsung Tab,1234.42,2,0,127.38
EC-2023-002474,4/15/2023,4/21/2023,First Class,C-23730,Anna Brown,Home Office,United States,Los Angeles,California,West,P-017,Furniture,Tables,Coffee Table,1845.9,5,0.1,190.33
EC-2021-002475,1/2/2021,1/3/2021,Standard Class,C-98214,Anna Brown,Consumer,United States,Houston,Texas,South,P-036,Clothing,Jackets,Windbreaker,59.01,2,0.3,-4.12
EC-2024-002476,5/13/2024,5/19/2024,Same Day,C-74619,Michael Chen,Home Office,United States,Los Angeles,California,West,P-027,Office Supplies,Binders,Report Cover,26.46,1,0.1,8.89
EC-2024-002477,7/12/2024,7/18/2024,Standard Class,C-44917,Anna Brown,Home Office,United States,Philadelphia,Pennsylvania,East,P-002,Electronics,Phones,Samsung A12,218.84,5,0.2,17.54
EC-2024-002478,5/27/2024,5/31/2024,Same Day,C-85963,Anna Brown,Consumer,United States,San Antonio,Texas,South,P-039,Electronics,Accessories,Wallet,738.67,1,0,251.87
EC-2021-002479,12/31/2021,1/6/2022,Standard Class,C-79974,Michael Chen,Home Office,United States,New York,New York,East,P-029,Office Supplies,Art,Pencil Set,230.44,4,0,59.63
EC-2021-002480,10/11/2021,10/14/2021,First Class,C-55013,Emily Davis,Consumer,United States,Dallas,Texas,South,P-019,Furniture,Bookcases,5-Shelf Bookcase,1602.84,5,0.2,-50.86
EC-2024-002481,7/10/2024,7/16/2024,First Class,C-92234,Sara Wilson,Corporate,United States,New York,New York,East,P-020,Furniture,Bookcases,3-Shelf Bookcase,2164.12,5,0.2,122.8
EC-2024-002482,4/23/2024,4/26/2024,Same Day,C-69937,Carlos Rivera,Corporate,United States,Los Angeles,California,West,P-022,Furniture,Storage,Drawer Unit,1659.5,5,0,358.41
EC-2024-002483,11/5/2024,11/10/2024,Same Day,C-49618,Maria Garcia,Corporate,United States,Austin,Texas,South,P-037,Clothing,Jackets,Hoodie,261.15,5,0,75.95
EC-2022-002484,8/15/2022,8/22/2022,First Class,C-59914,Carlos Rivera,Home Office,United States,Dallas,Texas,South,P-038,Clothing,Accessories,Belt,171.36,5,0.2,-15.04
EC-2022-002485,10/10/2022,10/11/2022,Same Day,C-31499,Michael Chen,Consumer,United States,Austin,Texas,South,P-008,Electronics,Laptops,Dell Inspiron,2120.64,3,0,-54.38
EC-2023-002486,3/24/2023,3/28/2023,Second Class,C-56998,Maria Garcia,Home Office,United States,Phoenix,Arizona,West,P-021,Furniture,Storage,Cabinet,447.0,5,0,58.63
EC-2024-002487,1/11/2024,1/16/2024,Second Class,C-41058,Sara Wilson,Consumer,United States,San Diego,California,West,P-015,Furniture,Chairs,Stool,528.23,3,0.3,155.53
EC-2022-002488,12/13/2022,12/17/2022,Standard Class,C-10082,Anna Brown,Consumer,United States,Houston,Texas,South,P-025,Office Supplies,Paper,Sticky Notes,297.64,4,0,-28.98
EC-2023-002489,3/11/2023,3/18/2023,First Class,C-83132,Carlos Rivera,Consumer,United States,San Antonio,Texas,South,P-009,Electronics,Laptops,Lenovo IdeaPad,533.79,1,0,-26.62
EC-2023-002490,6/4/2023,6/8/2023,Same Day,C-31233,Michael Chen,Consumer,United States,Austin,Texas,South,P-022,Furniture,Storage,Drawer Unit,388.69,1,0.3,33.23
EC-2024-002491,7/16/2024,7/23/2024,First Class,C-49716,Carlos Rivera,Corporate,United States,Houston,Texas,South,P-001,Electronics,Phones,Nokia 3310,716.42,1,0,85.45
EC-2023-002492,9/19/2023,9/22/2023,Same Day,C-59522,James Lee,Corporate,United States,Philadelphia,Pennsylvania,East,P-014,Furniture,Chairs,Gaming Chair,1516.86,3,0,-63.83
EC-2022-002493,12/6/2022,12/11/2022,Same Day,C-26368,John Smith,Corporate,United States,Austin,Texas,South,P-014,Furniture,Chairs,Gaming Chair,604.8,4,0,-6.37
EC-2024-002494,7/24/2024,7/30/2024,Second Class,C-80934,Carlos Rivera,Corporate,United States,Phoenix,Arizona,West,P-026,Office Supplies,Binders,3-Ring Binder,65.88,3,0.1,21.1
EC-2024-002495,5/15/2024,5/19/2024,Second Class,C-74107,Maria Garcia,Consumer,United States,Philadelphia,Pennsylvania,East,P-028,Office Supplies,Art,Markers Set,109.78,2,0.2,-3.87
EC-2022-002496,12/14/2022,12/16/2022,Second Class,C-21980,Maria Garcia,Consumer,United States,Los Angeles,California,West,P-020,Furniture,Bookcases,3-Shelf Bookcase,147.11,2,0.1,-1.3
EC-2024-002497,7/21/2024,7/25/2024,Same Day,C-90935,Emily Davis,Consumer,United States,Dallas,Texas,South,P-034,Clothing,Shoes,Running Shoes,417.44,5,0.3,-8.92
EC-2021-002498,12/17/2021,12/19/2021,First Class,C-23291,Michael Chen,Home Office,United States,Austin,Texas,South,P-029,Office Supplies,Art,Pencil Set,53.31,3,0,14.07
EC-2023-002499,1/25/2023,1/30/2023,Second Class,C-57614,Carlos Rivera,Corporate,United States,Los Angeles,California,West,P-008,Electronics,Laptops,Dell Inspiron,72.84,1,0.2,-6.68
EC-2023-002500,7/20/2023,7/23/2023,Standard Class,C-67456,Carlos Rivera,Corporate,United States,Phoenix,Arizona,West,P-008,Electronics,Laptops,Dell Inspiron,1247.02,2,0,351.3
EC-2022-002501,12/31/2022,1/5/2023,Same Day,C-40325,Sara Wilson,Home Office,United States,Phoenix,Arizona,West,P-010,Electronics,Tablets,iPad Mini,478.99,3,0.2,53.15
EC-2021-002502,9/13/2021,9/18/2021,Second Class,C-78310,James Lee,Corporate,United States,Houston,Texas,South,P-038,Electronics,Accessories,Belt,493.77,1,0.3,54.47
EC-2023-002503,11/3/2023,11/8/2023,Second Class,C-11263,Carlos Rivera,Home Office,United States,Chicago,Illinois,Central,P-033,Clothing,Shirts,Polo Shirt,112.68,2,0.1,-2.4
EC-2024-002504,11/2/2024,11/3/2024,Second Class,C-37879,Emily Davis,Consumer,United States,Philadelphia,Pennsylvania,East,P-035,Clothing,Shoes,Casual Sneakers,202.77,3,0.1,30.01
EC-2021-002505,7/27/2021,8/1/2021,First Class,C-75085,Maria Garcia,Consumer,United States,Austin,Texas,South,P-021,Furniture,Storage,Cabinet,1203.72,4,0,165.83
EC-2021-002506,11/29/2021,12/4/2021,Second Class,C-87025,Carlos Rivera,Home Office,United States,San Antonio,Texas,South,P-039,Clothing,Accessories,Wallet,296.48,2,0,-8.72
EC-2022-002507,12/1/2022,12/2/2022,Second Class,C-54601,Sara Wilson,Home Office,United States,Austin,Texas,South,P-039,Clothing,Accessories,Wallet,108.08,1,0,22.66
EC-2022-002508,4/25/2022,5/2/2022,Second Class,C-48077,Carlos Rivera,Consumer,United States,Philadelphia,Pennsylvania,East,P-015,Furniture,Chairs,Stool,1784.88,5,0.2,308.57
EC-2022-002509,7/22/2022,7/28/2022,First Class,C-67414,James Lee,Home Office,United States,San Diego,California,West,P-020,Furniture,Bookcases,3-Shelf Bookcase,1407.03,5,0.3,263.6
EC-2024-002510,7/24/2024,7/30/2024,Standard Class,C-19366,Sara Wilson,Corporate,United States,Austin,Texas,South,P-031,Office Supplies,Envelopes,Bubble Mailer,60.73,1,0.2,-0.4
EC-2022-002511,9/5/2022,9/10/2022,Same Day,C-79352,Carlos Rivera,Consumer,United States,San Diego,California,West,P-032,Clothing,Shirts,Cotton T-Shirt,545.32,4,0,178.79
EC-2022-002512,6/29/2022,7/6/2022,Same Day,C-23737,Maria Garcia,Corporate,United States,Houston,Texas,South,P-028,Office Supplies,Art,Markers Set,99.26,2,0.2,34.59
EC-2021-002513,3/2/2021,3/4/2021,First Class,C-42212,Sara Wilson,Home Office,United States,San Diego,California,West,P-018,Furniture,Tables,Desk,2355.15,5,0,665.58
EC-2024-002514,3/26/2024,3/27/2024,Standard Class,C-51369,James Lee,Home Office,United States,New York,New York,East,P-008,Electronics,Laptops,Dell Inspiron,2430.18,4,0.1,542.24
EC-2022-002515,3/29/2022,4/5/2022,First Class,C-11558,Emily Davis,Consumer,United States,Philadelphia,Pennsylvania,East,P-038,Clothing,Accessories,Belt,577.55,5,0,159.61
EC-2023-002516,3/20/2023,3/21/2023,Standard Class,C-26469,Sara Wilson,Consumer,United States,Los Angeles,California,West,P-018,Furniture,Tables,Desk,489.38,1,0,60.97
EC-2022-002517,12/17/2022,12/18/2022,Same Day,C-23246,Maria Garcia,Home Office,United States,Houston,Texas,South,P-027,Office Supplies,Binders,Report Cover,5.72,1,0.3,1.2
EC-2021-002518,5/5/2021,5/7/2021,Same Day,C-75036,Anna Brown,Consumer,United States,Phoenix,Arizona,West,P-008,Electronics,Laptops,Dell Inspiron,204.94,1,0,67.59
EC-2023-002519,6/20/2023,6/21/2023,First Class,C-56298,Anna Brown,Home Office,United States,Houston,Texas,South,P-038,Clothing,Accessories,Belt,377.1,5,0.1,-8.32
EC-2022-002520,11/15/2022,11/20/2022,Second Class,C-95283,Emily Davis,Corporate,United States,Philadelphia,Pennsylvania,East,P-003,Electronics,Phones,iPhone SE,877.61,3,0.1,-65.74
EC-2024-002521,4/12/2024,4/16/2024,First Class,C-61496,John Smith,Consumer,United States,Austin,Texas,South,P-038,Clothing,Accessories,Belt,61.81,1,0,-1.01
EC-2023-002522,9/23/2023,9/25/2023,Standard Class,C-54972,Anna Brown,Consumer,United States,Dallas,Texas,South,P-017,Furniture,Tables,Coffee Table,1017.1,4,0.3,-49.88
EC-2023-002523,2/13/2023,2/20/2023,Second Class,C-91717,Sara Wilson,Corporate,United States,Phoenix,Arizona,West,P-026,Office Supplies,Binders,3-Ring Binder,265.12,4,0,-4.81
EC-2024-002524,1/2/2024,1/9/2024,First Class,C-83428,John Smith,Corporate,United States,Phoenix,Arizona,West,P-027,Office Supplies,Binders,Report Cover,24.63,3,0,1.51
EC-2021-002525,1/17/2021,1/20/2021,Same Day,C-93068,Carlos Rivera,Corporate,United States,Chicago,Illinois,Central,P-021,Furniture,Storage,Cabinet,301.5,2,0.2,93.98
EC-2023-002526,12/20/2023,12/27/2023,First Class,C-64839,Sara Wilson,Consumer,United States,Austin,Texas,South,P-030,Office Supplies,Envelopes,Letter Envelopes,51.66,1,0.2,-2.69
EC-2024-002527,3/12/2024,3/14/2024,First Class,C-55954,Maria Garcia,Home Office,United States,Chicago,Illinois,Central,P-036,Clothing,Jackets,Windbreaker,637.65,5,0.1,178.27
EC-2021-002528,10/6/2021,10/13/2021,Same Day,C-82456,Maria Garcia,Consumer,United States,Dallas,Texas,South,P-020,Furniture,Bookcases,3-Shelf Bookcase,436.52,2,0,105.87
EC-2021-002529,3/13/2021,3/15/2021,Second Class,C-57073,Anna Brown,Consumer,United States,Phoenix,Arizona,West,P-011,Electronics,Tablets,Samsung Tab,688.7,2,0.2,131.52
EC-2022-002530,8/5/2022,8/12/2022,Second Class,C-11632,Maria Garcia,Corporate,United States,Dallas,Texas,South,P-017,Furniture,Tables,Coffee Table,511.29,1,0,135.61
EC-2021-002531,2/17/2021,2/19/2021,Same Day,C-18889,James Lee,Consumer,United States,San Diego,California,West,P-027,Office Supplies,Binders,Report Cover,44.97,3,0,15.33
EC-2021-002532,3/13/2021,3/19/2021,Same Day,C-74847,Carlos Rivera,Corporate,United States,Philadelphia,Pennsylvania,East,P-015,Furniture,Chairs,Stool,448.95,3,0,-9.41
EC-2022-002533,7/9/2022,7/12/2022,Second Class,C-93137,James Lee,Home Office,United States,Houston,Texas,South,P-038,Electronics,Accessories,Belt,264.94,4,0.3,-18.67
EC-2021-002534,2/27/2021,3/4/2021,Standard Class,C-33259,Emily Davis,Corporate,United States,San Diego,California,West,P-020,Furniture,Bookcases,3-Shelf Bookcase,1121.02,3,0.2,-19.29
EC-2021-002535,10/23/2021,10/25/2021,First Class,C-79936,John Smith,Consumer,United States,Phoenix,Arizona,West,P-011,Electronics,Tablets,Samsung Tab,1348.58,2,0,-71.11
EC-2023-002536,2/23/2023,2/28/2023,Same Day,C-68805,James Lee,Consumer,United States,San Antonio,Texas,South,P-039,Electronics,Accessories,Wallet,845.32,4,0,80.13
EC-2021-002537,3/7/2021,3/12/2021,Same Day,C-57237,Anna Brown,Consumer,United States,Philadelphia,Pennsylvania,East,P-038,Electronics,Accessories,Belt,2015.86,4,0.3,182.76
EC-2022-002538,11/26/2022,11/30/2022,First Class,C-83804,John Smith,Home Office,United States,Dallas,Texas,South,P-032,Clothing,Shirts,Cotton T-Shirt,17.14,1,0.1,2.11
EC-2024-002539,6/14/2024,6/18/2024,Second Class,C-80849,Michael Chen,Consumer,United States,Los Angeles,California,West,P-010,Electronics,Tablets,iPad Mini,1081.52,2,0,-8.44
EC-2024-002540,9/3/2024,9/7/2024,Standard Class,C-46612,Michael Chen,Consumer,United States,Dallas,Texas,South,P-010,Electronics,Tablets,iPad Mini,419.88,3,0,130.6
EC-2024-002541,3/12/2024,3/14/2024,Same Day,C-17050,James Lee,Consumer,United States,San Diego,California,West,P-010,Electronics,Tablets,iPad Mini,2702.72,4,0,383.56
EC-2021-002542,9/27/2021,9/29/2021,Second Class,C-87032,Carlos Rivera,Consumer,United States,Philadelphia,Pennsylvania,East,P-020,Furniture,Bookcases,3-Shelf Bookcase,416.93,1,0,-6.37
EC-2024-002543,4/9/2024,4/12/2024,Same Day,C-37294,James Lee,Home Office,United States,Phoenix,Arizona,West,P-038,Electronics,Accessories,Belt,2593.52,4,0,-126.63
EC-2021-002544,7/13/2021,7/15/2021,Same Day,C-83032,John Smith,Corporate,United States,Chicago,Illinois,Central,P-037,Clothing,Jackets,Hoodie,82.08,4,0.2,24.25
EC-2024-002545,11/18/2024,11/21/2024,First Class,C-97479,Maria Garcia,Home Office,United States,Austin,Texas,South,P-020,Furniture,Bookcases,3-Shelf Bookcase,138.21,1,0,11.3
EC-2023-002546,5/31/2023,6/5/2023,First Class,C-66093,Michael Chen,Home Office,United States,San Antonio,Texas,South,P-023,Office Supplies,Paper,A4 Ream,269.73,5,0.1,34.15
EC-2023-002547,2/16/2023,2/17/2023,First Class,C-67451,Maria Garcia,Home Office,United States,New York,New York,East,P-017,Furniture,Tables,Coffee Table,726.66,3,0,-14.78
EC-2022-002548,8/21/2022,8/26/2022,Second Class,C-79348,Anna Brown,Consumer,United States,Austin,Texas,South,P-002,Electronics,Phones,Samsung A12,377.89,1,0,64.66
EC-2022-002549,10/30/2022,11/1/2022,First Class,C-76082,James Lee,Home Office,United States,Phoenix,Arizona,West,P-034,Clothing,Shoes,Running Shoes,226.34,3,0.1,-22.64
EC-2022-002550,10/15/2022,10/18/2022,Standard Class,C-36122,Sara Wilson,Consumer,United States,San Antonio,Texas,South,P-039,Electronics,Accessories,Wallet,585.81,1,0,-4.09
EC-2022-002551,11/5/2022,11/6/2022,Second Class,C-48232,Michael Chen,Consumer,United States,Houston,Texas,South,P-014,Furniture,Chairs,Gaming Chair,89.36,1,0.2,-1.84
EC-2024-002552,6/7/2024,6/8/2024,Second Class,C-85975,Maria Garcia,Home Office,United States,New York,New York,East,P-034,Clothing,Shoes,Running Shoes,28.24,1,0.1,-2.45
EC-2021-002553,10/12/2021,10/18/2021,Same Day,C-70270,John Smith,Consumer,United States,Dallas,Texas,South,P-034,Clothing,Shoes,Running Shoes,403.17,5,0.3,84.5
EC-2022-002554,9/7/2022,9/12/2022,Same Day,C-13022,Carlos Rivera,Home Office,United States,Los Angeles,California,West,P-033,Clothing,Shirts,Polo Shirt,215.46,3,0.1,-7.98
EC-2021-002555,9/1/2021,9/2/2021,Second Class,C-89184,Emily Davis,Corporate,United States,Houston,Texas,South,P-017,Furniture,Tables,Coffee Table,2816.9,5,0,409.87
EC-2024-002556,3/20/2024,3/27/2024,Second Class,C-36667,Emily Davis,Consumer,United States,Phoenix,Arizona,West,P-028,Office Supplies,Art,Markers Set,40.28,3,0.3,2.16
EC-2023-002557,4/22/2023,4/23/2023,Same Day,C-45826,Michael Chen,Corporate,United States,Dallas,Texas,South,P-020,Furniture,Bookcases,3-Shelf Bookcase,2282.36,5,0.2,285.56
EC-2021-002558,4/20/2021,4/21/2021,Standard Class,C-22006,James Lee,Home Office,United States,New York,New York,East,P-038,Clothing,Accessories,Belt,51.04,1,0,13.37
EC-2023-002559,7/4/2023,7/9/2023,Standard Class,C-75640,Maria Garcia,Consumer,United States,Phoenix,Arizona,West,P-018,Furniture,Tables,Desk,2318.84,4,0,139.37
EC-2021-002560,10/6/2021,10/10/2021,Standard Class,C-12280,John Smith,Corporate,United States,Houston,Texas,South,P-037,Clothing,Jackets,Hoodie,141.12,2,0,21.64
EC-2024-002561,6/23/2024,6/24/2024,First Class,C-92358,James Lee,Consumer,United States,San Diego,California,West,P-023,Office Supplies,Paper,A4 Ream,9.13,1,0.3,-0.48
EC-2022-002562,8/11/2022,8/17/2022,Second Class,C-65898,Michael Chen,Consumer,United States,San Antonio,Texas,South,P-028,Office Supplies,Art,Markers Set,47.8,5,0,5.53
EC-2021-002563,9/19/2021,9/24/2021,Standard Class,C-33039,Anna Brown,Home Office,United States,Houston,Texas,South,P-001,Electronics,Phones,Nokia 3310,393.71,1,0,105.13
EC-2022-002564,12/20/2022,12/21/2022,First Class,C-67045,Emily Davis,Consumer,United States,Chicago,Illinois,Central,P-021,Furniture,Storage,Cabinet,1716.54,3,0,342.15
EC-2023-002565,2/21/2023,2/27/2023,Standard Class,C-49301,Michael Chen,Corporate,United States,New York,New York,East,P-020,Furniture,Bookcases,3-Shelf Bookcase,1961.24,4,0.1,679.12
EC-2021-002566,6/30/2021,7/3/2021,First Class,C-44009,Anna Brown,Consumer,United States,Houston,Texas,South,P-003,Electronics,Phones,iPhone SE,594.19,2,0.3,-8.48
EC-2023-002567,10/3/2023,10/7/2023,Standard Class,C-97579,James Lee,Consumer,United States,San Diego,California,West,P-030,Office Supplies,Envelopes,Letter Envelopes,52.86,1,0.3,13.42
EC-2023-002568,11/10/2023,11/14/2023,Same Day,C-20038,Sara Wilson,Home Office,United States,San Antonio,Texas,South,P-038,Clothing,Accessories,Belt,564.88,4,0,173.29
EC-2024-002569,7/1/2024,7/4/2024,Second Class,C-11971,John Smith,Corporate,United States,Dallas,Texas,South,P-039,Clothing,Accessories,Wallet,522.1,5,0,126.21
EC-2023-002570,10/23/2023,10/28/2023,Standard Class,C-17031,Carlos Rivera,Corporate,United States,Dallas,Texas,South,P-033,Clothing,Shirts,Polo Shirt,95.85,3,0,28.13
EC-2021-002571,8/15/2021,8/17/2021,Same Day,C-56781,Carlos Rivera,Corporate,United States,Los Angeles,California,West,P-038,Clothing,Accessories,Belt,451.04,5,0.3,-12.42
EC-2024-002572,9/13/2024,9/19/2024,Second Class,C-35633,Maria Garcia,Corporate,United States,Phoenix,Arizona,West,P-014,Furniture,Chairs,Gaming Chair,334.98,1,0.3,88.13
EC-2021-002573,1/6/2021,1/13/2021,First Class,C-33431,Maria Garcia,Consumer,United States,San Antonio,Texas,South,P-021,Furniture,Storage,Cabinet,985.9,5,0,197.31
EC-2023-002574,4/10/2023,4/14/2023,First Class,C-58636,Carlos Rivera,Consumer,United States,Phoenix,Arizona,West,P-030,Office Supplies,Envelopes,Letter Envelopes,68.51,1,0,-0.72
EC-2022-002575,1/17/2022,1/19/2022,Same Day,C-10549,Anna Brown,Consumer,United States,New York,New York,East,P-019,Furniture,Bookcases,5-Shelf Bookcase,372.75,5,0.3,124.99
EC-2024-002576,8/7/2024,8/14/2024,Second Class,C-36429,Maria Garcia,Corporate,United States,San Diego,California,West,P-034,Clothing,Shoes,Running Shoes,296.62,2,0,20.39
EC-2021-002577,7/3/2021,7/10/2021,Second Class,C-75061,Maria Garcia,Consumer,United States,Phoenix,Arizona,West,P-032,Clothing,Shirts,Cotton T-Shirt,173.32,4,0,21.18
EC-2021-002578,8/3/2021,8/9/2021,First Class,C-22913,Carlos Rivera,Consumer,United States,San Antonio,Texas,South,P-038,Clothing,Accessories,Belt,536.55,5,0,143.01
EC-2021-002579,1/20/2021,1/26/2021,Standard Class,C-25647,John Smith,Consumer,United States,Los Angeles,California,West,P-037,Clothing,Jackets,Hoodie,433.08,3,0,-6.55
EC-2023-002580,12/7/2023,12/13/2023,Standard Class,C-24673,Michael Chen,Corporate,United States,New York,New York,East,P-035,Clothing,Shoes,Casual Sneakers,601.1,5,0,159.0
EC-2024-002581,2/6/2024,2/12/2024,Same Day,C-88082,Michael Chen,Consumer,United States,San Diego,California,West,P-010,Electronics,Tablets,iPad Mini,1563.92,2,0,497.53
EC-2021-002582,9/5/2021,9/10/2021,First Class,C-23899,John Smith,Corporate,United States,Houston,Texas,South,P-031,Office Supplies,Envelopes,Bubble Mailer,61.03,1,0.1,19.13
EC-2024-002583,10/11/2024,10/17/2024,First Class,C-43671,Carlos Rivera,Corporate,United States,San Diego,California,West,P-019,Furniture,Bookcases,5-Shelf Bookcase,1610.35,5,0,87.63
EC-2023-002584,3/21/2023,3/23/2023,Same Day,C-82284,Emily Davis,Consumer,United States,Chicago,Illinois,Central,P-016,Furniture,Tables,Dining Table,1229.57,4,0.2,308.21
EC-2024-002585,9/26/2024,9/30/2024,Same Day,C-25518,Anna Brown,Corporate,United States,New York,New York,East,P-037,Clothing,Jackets,Hoodie,321.3,3,0,58.18
EC-2022-002586,10/22/2022,10/23/2022,First Class,C-38519,Anna Brown,Corporate,United States,Los Angeles,California,West,P-026,Office Supplies,Binders,3-Ring Binder,267.04,4,0,-4.11
EC-2023-002587,12/7/2023,12/14/2023,First Class,C-85744,James Lee,Consumer,United States,Phoenix,Arizona,West,P-025,Office Supplies,Paper,Sticky Notes,54.91,1,0.2,-1.16
EC-2022-002588,3/28/2022,3/29/2022,Second Class,C-39967,John Smith,Corporate,United States,New York,New York,East,P-028,Office Supplies,Art,Markers Set,301.95,5,0,88.84
EC-2021-002589,5/26/2021,5/30/2021,First Class,C-42121,Anna Brown,Home Office,United States,Dallas,Texas,South,P-014,Furniture,Chairs,Gaming Chair,2146.95,5,0.1,557.1
EC-2024-002590,2/1/2024,2/2/2024,First Class,C-44023,James Lee,Consumer,United States,Los Angeles,California,West,P-027,Office Supplies,Binders,Report Cover,6.28,1,0,2.03
EC-2022-002591,10/18/2022,10/22/2022,First Class,C-68856,Sara Wilson,Home Office,United States,Houston,Texas,South,P-038,Clothing,Accessories,Belt,58.33,1,0,-3.74
EC-2022-002592,4/25/2022,4/30/2022,Same Day,C-93819,John Smith,Home Office,United States,Philadelphia,Pennsylvania,East,P-023,Office Supplies,Paper,A4 Ream,129.0,3,0,16.5
EC-2023-002593,2/25/2023,2/26/2023,First Class,C-71415,James Lee,Corporate,United States,Chicago,Illinois,Central,P-034,Clothing,Shoes,Running Shoes,221.22,3,0,39.12
EC-2023-002594,6/24/2023,6/25/2023,Standard Class,C-44547,Sara Wilson,Corporate,United States,New York,New York,East,P-007,Electronics,Laptops,HP 15,431.37,5,0.1,37.42
EC-2022-002595,3/20/2022,3/21/2022,First Class,C-48863,Maria Garcia,Corporate,United States,Dallas,Texas,South,P-021,Furniture,Storage,Cabinet,2944.6,5,0,833.01
EC-2024-002596,10/7/2024,10/9/2024,Standard Class,C-99817,Michael Chen,Consumer,United States,San Antonio,Texas,South,P-029,Office Supplies,Art,Pencil Set,141.6,3,0,39.81
EC-2024-002597,2/11/2024,2/16/2024,Same Day,C-59446,Anna Brown,Consumer,United States,Phoenix,Arizona,West,P-021,Furniture,Storage,Cabinet,889.92,3,0,47.24
EC-2024-002598,12/17/2024,12/19/2024,Same Day,C-79338,Michael Chen,Consumer,United States,Philadelphia,Pennsylvania,East,P-021,Furniture,Storage,Cabinet,654.92,2,0,-15.14
EC-2024-002599,10/7/2024,10/13/2024,Same Day,C-58564,Anna Brown,Corporate,United States,New York,New York,East,P-033,Clothing,Shirts,Polo Shirt,189.66,2,0,12.76
EC-2021-002600,2/22/2021,2/28/2021,Standard Class,C-88142,Sara Wilson,Home Office,United States,San Diego,California,West,P-024,Office Supplies,Paper,Notebook,182.56,5,0.1,49.78
EC-2022-002601,10/6/2022,10/8/2022,Same Day,C-75511,Emily Davis,Corporate,United States,Philadelphia,Pennsylvania,East,P-036,Clothing,Jackets,Windbreaker,72.96,4,0.2,16.68
EC-2023-002602,6/13/2023,6/20/2023,Second Class,C-72502,Anna Brown,Home Office,United States,Los Angeles,California,West,P-028,Office Supplies,Art,Markers Set,115.45,5,0,-1.09
EC-2022-002603,2/27/2022,3/1/2022,Standard Class,C-70920,Emily Davis,Home Office,United States,New York,New York,East,P-035,Clothing,Shoes,Casual Sneakers,69.62,2,0.1,-1.69
EC-2023-002604,10/5/2023,10/6/2023,Second Class,C-24944,Carlos Rivera,Consumer,United States,San Antonio,Texas,South,P-038,Clothing,Accessories,Belt,192.35,2,0.2,60.57
EC-2021-002605,3/8/2021,3/11/2021,Same Day,C-34534,John Smith,Consumer,United States,Chicago,Illinois,Central,P-030,Office Supplies,Envelopes,Letter Envelopes,76.65,1,0,-1.73
EC-2021-002606,7/15/2021,7/18/2021,Same Day,C-19365,Sara Wilson,Home Office,United States,Chicago,Illinois,Central,P-021,Furniture,Storage,Cabinet,219.69,1,0,-11.65
EC-2021-002607,6/14/2021,6/18/2021,Second Class,C-37351,James Lee,Corporate,United States,Houston,Texas,South,P-032,Clothing,Shirts,Cotton T-Shirt,134.9,1,0,-1.85
EC-2022-002608,6/4/2022,6/7/2022,Standard Class,C-66784,Anna Brown,Home Office,United States,San Antonio,Texas,South,P-038,Clothing,Accessories,Belt,520.52,4,0,113.97
EC-2023-002609,3/26/2023,4/2/2023,Second Class,C-52604,Maria Garcia,Corporate,United States,Philadelphia,Pennsylvania,East,P-038,Electronics,Accessories,Belt,401.3,3,0.2,107.77
EC-2023-002610,8/5/2023,8/11/2023,Standard Class,C-60805,Anna Brown,Corporate,United States,Chicago,Illinois,Central,P-016,Furniture,Tables,Dining Table,361.28,1,0,-34.51
EC-2024-002611,2/28/2024,3/6/2024,Standard Class,C-32497,Sara Wilson,Consumer,United States,San Antonio,Texas,South,P-024,Office Supplies,Paper,Notebook,242.21,4,0.1,40.82
EC-2022-002612,2/25/2022,3/2/2022,First Class,C-49498,John Smith,Corporate,United States,Dallas,Texas,South,P-020,Furniture,Bookcases,3-Shelf Bookcase,73.74,1,0.2,22.69
EC-2023-002613,4/26/2023,5/3/2023,Second Class,C-87990,John Smith,Consumer,United States,New York,New York,East,P-039,Clothing,Accessories,Wallet,70.93,1,0.2,-2.4
EC-2023-002614,1/31/2023,2/7/2023,Second Class,C-39513,James Lee,Consumer,United States,Phoenix,Arizona,West,P-016,Furniture,Tables,Dining Table,901.36,5,0.2,292.19
EC-2022-002615,5/22/2022,5/24/2022,Standard Class,C-95455,Emily Davis,Consumer,United States,Chicago,Illinois,Central,P-019,Furniture,Bookcases,5-Shelf Bookcase,207.23,1,0,19.93
EC-2024-002616,6/20/2024,6/26/2024,First Class,C-76098,Carlos Rivera,Corporate,United States,Houston,Texas,South,P-023,Office Supplies,Paper,A4 Ream,29.64,1,0,9.09
EC-2022-002617,1/30/2022,2/1/2022,Same Day,C-13493,Emily Davis,Consumer,United States,Phoenix,Arizona,West,P-016,Furniture,Tables,Dining Table,2510.78,5,0.1,225.16
EC-2022-002618,7/6/2022,7/13/2022,Standard Class,C-61487,Emily Davis,Consumer,United States,Phoenix,Arizona,West,P-013,Furniture,Chairs,Office Chair,483.71,1,0.1,137.38
EC-2021-002619,10/20/2021,10/22/2021,Standard Class,C-30978,Maria Garcia,Corporate,United States,Dallas,Texas,South,P-013,Furniture,Chairs,Office Chair,476.52,4,0,107.88
EC-2024-002620,5/4/2024,5/11/2024,Second Class,C-86802,James Lee,Home Office,United States,Phoenix,Arizona,West,P-010,Electronics,Tablets,iPad Mini,1899.08,4,0,-134.82
EC-2021-002621,6/5/2021,6/11/2021,Same Day,C-72056,Emily Davis,Consumer,United States,Houston,Texas,South,P-022,Furniture,Storage,Drawer Unit,1094.56,4,0,364.76
EC-2023-002622,2/24/2023,2/25/2023,Second Class,C-13466,John Smith,Home Office,United States,Chicago,Illinois,Central,P-022,Furniture,Storage,Drawer Unit,2171.96,4,0,-40.09
EC-2021-002623,10/9/2021,10/12/2021,Standard Class,C-56481,John Smith,Consumer,United States,New York,New York,East,P-020,Furniture,Bookcases,3-Shelf Bookcase,446.68,1,0,114.94
EC-2022-002624,3/6/2022,3/12/2022,Second Class,C-87500,Sara Wilson,Consumer,United States,Chicago,Illinois,Central,P-024,Office Supplies,Paper,Notebook,21.97,1,0.2,6.71
EC-2024-002625,5/24/2024,5/26/2024,First Class,C-43341,Emily Davis,Home Office,United States,Philadelphia,Pennsylvania,East,P-020,Furniture,Bookcases,3-Shelf Bookcase,1054.36,2,0,-21.14
EC-2022-002626,9/12/2022,9/19/2022,Same Day,C-35988,Anna Brown,Corporate,United States,San Diego,California,West,P-038,Electronics,Accessories,Belt,227.05,4,0.3,37.39
EC-2024-002627,4/22/2024,4/27/2024,Second Class,C-81159,Carlos Rivera,Corporate,United States,San Antonio,Texas,South,P-018,Furniture,Tables,Desk,1330.7,5,0,132.78
EC-2023-002628,12/1/2023,12/4/2023,Standard Class,C-67310,Sara Wilson,Corporate,United States,San Diego,California,West,P-036,Clothing,Jackets,Windbreaker,634.95,5,0,217.02
EC-2021-002629,2/6/2021,2/12/2021,Same Day,C-93577,Emily Davis,Corporate,United States,San Diego,California,West,P-021,Furniture,Storage,Cabinet,1653.85,5,0,-26.25
EC-2023-002630,3/14/2023,3/16/2023,Standard Class,C-34032,Emily Davis,Consumer,United States,San Diego,California,West,P-025,Office Supplies,Paper,Sticky Notes,56.31,3,0,15.57
EC-2023-002631,7/5/2023,7/7/2023,Standard Class,C-32220,James Lee,Corporate,United States,San Diego,California,West,P-035,Clothing,Shoes,Casual Sneakers,283.53,3,0,-20.74
EC-2022-002632,8/12/2022,8/17/2022,Second Class,C-32313,Sara Wilson,Consumer,United States,Austin,Texas,South,P-019,Furniture,Bookcases,5-Shelf Bookcase,1714.27,5,0.3,422.63
EC-2023-002633,3/28/2023,3/29/2023,Second Class,C-72549,Carlos Rivera,Corporate,United States,Phoenix,Arizona,West,P-039,Electronics,Accessories,Wallet,2084.8,3,0.1,-67.71
EC-2022-002634,4/20/2022,4/25/2022,Second Class,C-91158,James Lee,Consumer,United States,Los Angeles,California,West,P-003,Electronics,Phones,iPhone SE,962.38,2,0,268.41
EC-2023-002635,8/8/2023,8/9/2023,Standard Class,C-79320,James Lee,Home Office,United States,Los Angeles,California,West,P-017,Furniture,Tables,Coffee Table,195.17,1,0.3,-3.75
EC-2022-002636,10/19/2022,10/23/2022,Second Class,C-27013,Michael Chen,Corporate,United States,Phoenix,Arizona,West,P-038,Clothing,Accessories,Belt,558.68,4,0,107.38
EC-2021-002637,1/22/2021,1/23/2021,Standard Class,C-65785,James Lee,Corporate,United States,Austin,Texas,South,P-027,Office Supplies,Binders,Report Cover,79.46,2,0,14.07
EC-2022-002638,2/10/2022,2/17/2022,Second Class,C-67052,Carlos Rivera,Consumer,United States,San Antonio,Texas,South,P-013,Furniture,Chairs,Office Chair,2071.6,5,0,-83.86
EC-2021-002639,7/23/2021,7/27/2021,First Class,C-96309,Michael Chen,Corporate,United States,Philadelphia,Pennsylvania,East,P-018,Furniture,Tables,Desk,252.86,2,0.1,26.2
EC-2021-002640,3/6/2021,3/10/2021,First Class,C-72047,Emily Davis,Corporate,United States,Houston,Texas,South,P-031,Office Supplies,Envelopes,Bubble Mailer,18.5,1,0,-1.74
EC-2024-002641,2/2/2024,2/6/2024,Same Day,C-33953,John Smith,Consumer,United States,New York,New York,East,P-025,Office Supplies,Paper,Sticky Notes,257.4,5,0,26.19
EC-2023-002642,7/1/2023,7/4/2023,Second Class,C-53940,Anna Brown,Corporate,United States,Phoenix,Arizona,West,P-019,Furniture,Bookcases,5-Shelf Bookcase,959.32,2,0,125.29
EC-2024-002643,3/13/2024,3/20/2024,First Class,C-27932,Michael Chen,Consumer,United States,New York,New York,East,P-037,Clothing,Jackets,Hoodie,665.05,5,0,181.96
EC-2023-002644,8/16/2023,8/18/2023,Same Day,C-88069,Emily Davis,Home Office,United States,Houston,Texas,South,P-009,Electronics,Laptops,Lenovo IdeaPad,1801.38,3,0,-132.86
EC-2023-002645,9/14/2023,9/20/2023,Second Class,C-89089,John Smith,Consumer,United States,Phoenix,Arizona,West,P-020,Furniture,Bookcases,3-Shelf Bookcase,849.66,3,0,124.38
EC-2023-002646,12/29/2023,12/30/2023,Same Day,C-22302,Carlos Rivera,Home Office,United States,Phoenix,Arizona,West,P-039,Electronics,Accessories,Wallet,244.8,4,0.3,58.88
EC-2022-002647,7/19/2022,7/21/2022,Same Day,C-56059,Michael Chen,Consumer,United States,Dallas,Texas,South,P-022,Furniture,Storage,Drawer Unit,366.74,1,0.2,101.12
EC-2021-002648,9/27/2021,10/3/2021,Same Day,C-21420,Emily Davis,Consumer,United States,San Antonio,Texas,South,P-031,Office Supplies,Envelopes,Bubble Mailer,46.51,1,0,11.52
EC-2023-002649,7/17/2023,7/21/2023,Second Class,C-69562,Michael Chen,Home Office,United States,Chicago,Illinois,Central,P-001,Electronics,Phones,Nokia 3310,291.6,5,0,43.84
EC-2023-002650,1/15/2023,1/19/2023,First Class,C-65680,Anna Brown,Consumer,United States,San Antonio,Texas,South,P-007,Electronics,Laptops,HP 15,1014.4,2,0.3,126.18
EC-2023-002651,9/17/2023,9/23/2023,Standard Class,C-81826,James Lee,Home Office,United States,Dallas,Texas,South,P-014,Furniture,Chairs,Gaming Chair,329.65,4,0.1,-25.74
EC-2023-002652,4/21/2023,4/28/2023,First Class,C-76595,Michael Chen,Home Office,United States,Dallas,Texas,South,P-017,Furniture,Tables,Coffee Table,2417.85,5,0,680.21
EC-2024-002653,10/16/2024,10/21/2024,Same Day,C-32172,Sara Wilson,Corporate,United States,New York,New York,East,P-027,Office Supplies,Binders,Report Cover,276.12,5,0.1,30.73
EC-2024-002654,7/29/2024,8/1/2024,First Class,C-44388,Michael Chen,Home Office,United States,New York,New York,East,P-033,Clothing,Shirts,Polo Shirt,184.18,2,0,-14.27
EC-2023-002655,6/26/2023,6/27/2023,Standard Class,C-85743,John Smith,Corporate,United States,San Antonio,Texas,South,P-012,Electronics,Tablets,Fire HD,190.11,1,0,-3.24
EC-2023-002656,11/9/2023,11/16/2023,Standard Class,C-36748,Anna Brown,Consumer,United States,Austin,Texas,South,P-034,Clothing,Shoes,Running Shoes,406.1,5,0,71.31
EC-2021-002657,1/13/2021,1/18/2021,First Class,C-87510,Anna Brown,Corporate,United States,San Antonio,Texas,South,P-033,Clothing,Shirts,Polo Shirt,190.85,5,0,-1.86
EC-2022-002658,9/12/2022,9/18/2022,Second Class,C-68935,John Smith,Home Office,United States,Austin,Texas,South,P-039,Electronics,Accessories,Wallet,323.33,3,0.2,75.38
EC-2024-002659,6/17/2024,6/20/2024,Standard Class,C-40408,Carlos Rivera,Corporate,United States,San Diego,California,West,P-034,Clothing,Shoes,Running Shoes,36.65,3,0.2,7.67
EC-2021-002660,10/28/2021,11/4/2021,Second Class,C-94003,Carlos Rivera,Corporate,United States,Los Angeles,California,West,P-015,Furniture,Chairs,Stool,1477.15,5,0,245.07
EC-2024-002661,8/14/2024,8/19/2024,Second Class,C-28601,Maria Garcia,Consumer,United States,Austin,Texas,South,P-014,Furniture,Chairs,Gaming Chair,665.76,3,0.2,217.24
EC-2023-002662,7/9/2023,7/16/2023,Same Day,C-15574,Sara Wilson,Consumer,United States,New York,New York,East,P-023,Office Supplies,Paper,A4 Ream,45.4,5,0,7.89
EC-2023-002663,11/17/2023,11/23/2023,Second Class,C-64344,James Lee,Consumer,United States,San Diego,California,West,P-038,Electronics,Accessories,Belt,1562.8,4,0,326.01
EC-2021-002664,3/3/2021,3/9/2021,Standard Class,C-94093,Sara Wilson,Corporate,United States,New York,New York,East,P-029,Office Supplies,Art,Pencil Set,218.65,5,0,-7.33
EC-2023-002665,5/9/2023,5/14/2023,Second Class,C-63234,Michael Chen,Corporate,United States,New York,New York,East,P-023,Office Supplies,Paper,A4 Ream,235.76,4,0,23.92
EC-2021-002666,3/9/2021,3/14/2021,Standard Class,C-65217,Anna Brown,Consumer,United States,Chicago,Illinois,Central,P-015,Furniture,Chairs,Stool,1619.8,4,0,-38.99
EC-2022-002667,3/24/2022,3/27/2022,Standard Class,C-10769,Maria Garcia,Corporate,United States,Austin,Texas,South,P-029,Office Supplies,Art,Pencil Set,127.54,3,0.2,32.41
EC-2022-002668,8/28/2022,9/4/2022,Standard Class,C-86751,Maria Garcia,Corporate,United States,Chicago,Illinois,Central,P-015,Furniture,Chairs,Stool,1265.91,3,0,-65.45
EC-2023-002669,1/16/2023,1/18/2023,First Class,C-59377,Sara Wilson,Consumer,United States,New York,New York,East,P-017,Furniture,Tables,Coffee Table,1053.75,4,0.3,71.28
EC-2022-002670,5/12/2022,5/16/2022,First Class,C-43533,Maria Garcia,Consumer,United States,Philadelphia,Pennsylvania,East,P-039,Electronics,Accessories,Wallet,244.56,3,0,63.47
EC-2024-002671,10/23/2024,10/24/2024,First Class,C-84705,Sara Wilson,Corporate,United States,Houston,Texas,South,P-037,Clothing,Jackets,Hoodie,513.8,5,0.2,48.33
EC-2022-002672,7/21/2022,7/27/2022,Standard Class,C-62852,Sara Wilson,Corporate,United States,San Antonio,Texas,South,P-035,Clothing,Shoes,Casual Sneakers,299.74,2,0,53.46
EC-2021-002673,9/22/2021,9/25/2021,Same Day,C-34378,Michael Chen,Corporate,United States,Austin,Texas,South,P-036,Clothing,Jackets,Windbreaker,291.3,2,0,79.98
EC-2024-002674,2/29/2024,3/5/2024,Same Day,C-86468,Michael Chen,Consumer,United States,Chicago,Illinois,Central,P-017,Furniture,Tables,Coffee Table,267.14,1,0.1,89.38
EC-2023-002675,2/12/2023,2/17/2023,Standard Class,C-52023,Sara Wilson,Home Office,United States,Austin,Texas,South,P-017,Furniture,Tables,Coffee Table,1350.12,5,0.3,-28.95
EC-2023-002676,7/13/2023,7/18/2023,Same Day,C-16403,Carlos Rivera,Corporate,United States,Chicago,Illinois,Central,P-039,Clothing,Accessories,Wallet,16.67,1,0,-0.21
EC-2022-002677,2/14/2022,2/19/2022,Standard Class,C-62750,John Smith,Home Office,United States,San Diego,California,West,P-014,Furniture,Chairs,Gaming Chair,2937.75,5,0,-28.33
EC-2022-002678,8/17/2022,8/20/2022,Same Day,C-49971,Anna Brown,Home Office,United States,New York,New York,East,P-001,Electronics,Phones,Nokia 3310,1195.94,2,0.2,-95.91
EC-2024-002679,3/1/2024,3/2/2024,Second Class,C-93305,Sara Wilson,Corporate,United States,Houston,Texas,South,P-009,Electronics,Laptops,Lenovo IdeaPad,250.04,5,0.2,-4.97
EC-2024-002680,6/9/2024,6/14/2024,First Class,C-27751,Carlos Rivera,Home Office,United States,San Antonio,Texas,South,P-015,Furniture,Chairs,Stool,2052.28,4,0,200.98
EC-2024-002681,12/23/2024,12/29/2024,Standard Class,C-65918,Michael Chen,Consumer,United States,Chicago,Illinois,Central,P-009,Electronics,Laptops,Lenovo IdeaPad,450.3,2,0,99.55
EC-2024-002682,6/24/2024,6/28/2024,Second Class,C-21164,Sara Wilson,Home Office,United States,Chicago,Illinois,Central,P-009,Electronics,Laptops,Lenovo IdeaPad,1449.31,3,0.1,-91.39
EC-2023-002683,7/8/2023,7/13/2023,Second Class,C-30045,Carlos Rivera,Corporate,United States,San Antonio,Texas,South,P-026,Office Supplies,Binders,3-Ring Binder,240.74,4,0.2,36.1
EC-2022-002684,9/22/2022,9/26/2022,Standard Class,C-91090,Emily Davis,Consumer,United States,Phoenix,Arizona,West,P-007,Electronics,Laptops,HP 15,201.94,1,0.3,21.86
EC-2021-002685,4/17/2021,4/21/2021,Standard Class,C-18140,Anna Brown,Corporate,United States,Dallas,Texas,South,P-032,Clothing,Shirts,Cotton T-Shirt,91.55,1,0.1,31.78
EC-2021-002686,4/3/2021,4/5/2021,Second Class,C-15284,Anna Brown,Home Office,United States,Philadelphia,Pennsylvania,East,P-032,Clothing,Shirts,Cotton T-Shirt,426.42,5,0.1,46.06
EC-2022-002687,9/28/2022,10/1/2022,Second Class,C-80063,Michael Chen,Corporate,United States,Dallas,Texas,South,P-027,Office Supplies,Binders,Report Cover,228.53,4,0.1,13.19
EC-2021-002688,5/15/2021,5/16/2021,First Class,C-14471,Emily Davis,Corporate,United States,Dallas,Texas,South,P-017,Furniture,Tables,Coffee Table,598.15,5,0,171.03
EC-2022-002689,5/5/2022,5/11/2022,First Class,C-14854,Maria Garcia,Home Office,United States,Chicago,Illinois,Central,P-012,Electronics,Tablets,Fire HD,293.87,3,0.1,31.67
EC-2022-002690,12/11/2022,12/16/2022,Second Class,C-61432,Emily Davis,Home Office,United States,Los Angeles,California,West,P-024,Office Supplies,Paper,Notebook,116.28,4,0,15.28
EC-2021-002691,4/7/2021,4/13/2021,Second Class,C-50826,Emily Davis,Corporate,United States,Dallas,Texas,South,P-014,Furniture,Chairs,Gaming Chair,85.04,1,0.2,-3.16
EC-2022-002692,7/20/2022,7/21/2022,Standard Class,C-60150,Michael Chen,Home Office,United States,Houston,Texas,South,P-025,Office Supplies,Paper,Sticky Notes,91.85,5,0,23.36
EC-2023-002693,11/19/2023,11/22/2023,Same Day,C-12757,Sara Wilson,Home Office,United States,San Diego,California,West,P-013,Furniture,Chairs,Office Chair,915.47,3,0.3,312.75
EC-2022-002694,10/21/2022,10/23/2022,First Class,C-88684,Anna Brown,Home Office,United States,Austin,Texas,South,P-039,Electronics,Accessories,Wallet,471.64,4,0,121.5
EC-2023-002695,5/6/2023,5/8/2023,Standard Class,C-75947,John Smith,Consumer,United States,Houston,Texas,South,P-017,Furniture,Tables,Coffee Table,1578.2,4,0,-61.12
EC-2023-002696,11/2/2023,11/8/2023,Same Day,C-25398,Maria Garcia,Home Office,United States,Austin,Texas,South,P-038,Clothing,Accessories,Belt,119.18,1,0.2,11.97
EC-2021-002697,7/8/2021,7/10/2021,Same Day,C-83515,John Smith,Corporate,United States,Chicago,Illinois,Central,P-026,Office Supplies,Binders,3-Ring Binder,30.05,3,0.2,3.99
EC-2022-002698,5/9/2022,5/11/2022,Same Day,C-29233,John Smith,Consumer,United States,Los Angeles,California,West,P-027,Office Supplies,Binders,Report Cover,20.8,4,0.3,-0.52
EC-2024-002699,10/20/2024,10/21/2024,First Class,C-17432,James Lee,Corporate,United States,Dallas,Texas,South,P-027,Office Supplies,Binders,Report Cover,96.75,3,0,18.78
EC-2021-002700,5/11/2021,5/14/2021,Second Class,C-45690,Michael Chen,Home Office,United States,San Antonio,Texas,South,P-014,Furniture,Chairs,Gaming Chair,2539.45,5,0,682.5
EC-2021-002701,9/28/2021,10/5/2021,Standard Class,C-40420,John Smith,Consumer,United States,San Antonio,Texas,South,P-039,Clothing,Accessories,Wallet,266.0,5,0.1,86.94
EC-2023-002702,12/31/2023,1/3/2024,First Class,C-77755,Michael Chen,Consumer,United States,New York,New York,East,P-021,Furniture,Storage,Cabinet,1497.6,5,0.1,77.55
EC-2023-002703,3/17/2023,3/19/2023,Same Day,C-79586,Maria Garcia,Corporate,United States,New York,New York,East,P-007,Electronics,Laptops,HP 15,229.03,1,0,14.48
EC-2024-002704,7/1/2024,7/6/2024,Second Class,C-17694,Anna Brown,Consumer,United States,Austin,Texas,South,P-036,Clothing,Jackets,Windbreaker,655.2,5,0,-14.92
EC-2021-002705,10/5/2021,10/6/2021,First Class,C-71274,Emily Davis,Corporate,United States,Austin,Texas,South,P-039,Electronics,Accessories,Wallet,303.41,2,0.1,84.07
EC-2024-002706,8/22/2024,8/29/2024,Second Class,C-55720,Sara Wilson,Corporate,United States,Chicago,Illinois,Central,P-015,Furniture,Chairs,Stool,475.92,5,0.1,29.94
EC-2022-002707,7/14/2022,7/20/2022,Second Class,C-53172,Anna Brown,Consumer,United States,Austin,Texas,South,P-029,Office Supplies,Art,Pencil Set,115.72,5,0.2,15.56
EC-2021-002708,2/3/2021,2/9/2021,Same Day,C-53276,Michael Chen,Consumer,United States,San Diego,California,West,P-003,Electronics,Phones,iPhone SE,746.16,3,0.2,84.62
EC-2024-002709,5/7/2024,5/14/2024,Second Class,C-59792,John Smith,Consumer,United States,Philadelphia,Pennsylvania,East,P-034,Clothing,Shoes,Running Shoes,326.4,4,0,47.15
EC-2023-002710,5/11/2023,5/18/2023,Same Day,C-30219,Michael Chen,Corporate,United States,Chicago,Illinois,Central,P-021,Furniture,Storage,Cabinet,95.85,1,0,17.7
EC-2022-002711,2/7/2022,2/10/2022,First Class,C-67831,Anna Brown,Corporate,United States,Los Angeles,California,West,P-032,Clothing,Shirts,Cotton T-Shirt,56.01,3,0,-4.27
EC-2021-002712,7/12/2021,7/15/2021,First Class,C-43509,Carlos Rivera,Consumer,United States,San Antonio,Texas,South,P-011,Electronics,Tablets,Samsung Tab,2224.6,5,0,-36.04
EC-2024-002713,4/24/2024,4/27/2024,First Class,C-38022,Maria Garcia,Corporate,United States,Phoenix,Arizona,West,P-038,Electronics,Accessories,Belt,369.84,4,0,99.7
EC-2022-002714,10/16/2022,10/22/2022,Second Class,C-66980,Carlos Rivera,Consumer,United States,Dallas,Texas,South,P-030,Office Supplies,Envelopes,Letter Envelopes,216.61,5,0.3,48.23
EC-2022-002715,11/8/2022,11/12/2022,Standard Class,C-92208,Sara Wilson,Home Office,United States,Los Angeles,California,West,P-035,Clothing,Shoes,Casual Sneakers,86.73,3,0.3,20.14
EC-2024-002716,11/7/2024,11/11/2024,Standard Class,C-81049,Carlos Rivera,Consumer,United States,New York,New York,East,P-033,Clothing,Shirts,Polo Shirt,537.01,4,0.1,-46.78
EC-2021-002717,7/25/2021,7/30/2021,Second Class,C-28829,Sara Wilson,Consumer,United States,Chicago,Illinois,Central,P-015,Furniture,Chairs,Stool,1417.68,4,0.1,-17.38
EC-2024-002718,3/4/2024,3/11/2024,First Class,C-61745,Sara Wilson,Corporate,United States,San Antonio,Texas,South,P-016,Furniture,Tables,Dining Table,503.8,5,0,-7.39
EC-2021-002719,12/5/2021,12/9/2021,Standard Class,C-27912,Anna Brown,Consumer,United States,Dallas,Texas,South,P-035,Clothing,Shoes,Casual Sneakers,226.1,5,0,-16.65
EC-2021-002720,7/12/2021,7/15/2021,Same Day,C-28127,Anna Brown,Consumer,United States,New York,New York,East,P-015,Furniture,Chairs,Stool,801.52,2,0,164.22
EC-2024-002721,5/23/2024,5/28/2024,Second Class,C-53025,Carlos Rivera,Consumer,United States,San Diego,California,West,P-030,Office Supplies,Envelopes,Letter Envelopes,259.92,4,0,-23.08
EC-2021-002722,4/28/2021,5/2/2021,Second Class,C-61556,Carlos Rivera,Corporate,United States,Philadelphia,Pennsylvania,East,P-027,Office Supplies,Binders,Report Cover,40.26,2,0,2.37
EC-2021-002723,11/13/2021,11/15/2021,Standard Class,C-36706,Maria Garcia,Home Office,United States,San Antonio,Texas,South,P-018,Furniture,Tables,Desk,1998.29,4,0.1,-38.01
EC-2023-002724,4/3/2023,4/6/2023,Same Day,C-14528,Emily Davis,Consumer,United States,Dallas,Texas,South,P-033,Clothing,Shirts,Polo Shirt,77.35,5,0,5.08
EC-2021-002725,10/5/2021,10/11/2021,Second Class,C-45422,John Smith,Consumer,United States,Phoenix,Arizona,West,P-027,Office Supplies,Binders,Report Cover,111.34,3,0.3,7.36
EC-2023-002726,11/3/2023,11/5/2023,Same Day,C-30958,John Smith,Corporate,United States,San Antonio,Texas,South,P-039,Clothing,Accessories,Wallet,167.95,5,0,50.81
EC-2022-002727,1/26/2022,2/2/2022,First Class,C-19302,Carlos Rivera,Home Office,United States,San Diego,California,West,P-039,Electronics,Accessories,Wallet,2102.88,4,0,701.86
EC-2024-002728,5/3/2024,5/7/2024,Second Class,C-99049,Sara Wilson,Consumer,United States,Austin,Texas,South,P-037,Clothing,Jackets,Hoodie,136.91,2,0.2,35.55
EC-2024-002729,5/11/2024,5/17/2024,Second Class,C-46974,Anna Brown,Corporate,United States,San Diego,California,West,P-024,Office Supplies,Paper,Notebook,246.0,5,0,-21.71
EC-2022-002730,8/31/2022,9/2/2022,Standard Class,C-30571,Maria Garcia,Consumer,United States,Chicago,Illinois,Central,P-022,Furniture,Storage,Drawer Unit,1585.41,3,0.1,-38.25
EC-2022-002731,8/14/2022,8/19/2022,First Class,C-31410,James Lee,Consumer,United States,Philadelphia,Pennsylvania,East,P-009,Electronics,Laptops,Lenovo IdeaPad,62.21,1,0,15.9
EC-2022-002732,9/7/2022,9/9/2022,Same Day,C-75691,James Lee,Corporate,United States,Chicago,Illinois,Central,P-020,Furniture,Bookcases,3-Shelf Bookcase,1581.54,5,0.3,312.37
EC-2023-002733,12/13/2023,12/19/2023,Same Day,C-16484,Michael Chen,Home Office,United States,San Diego,California,West,P-017,Furniture,Tables,Coffee Table,550.3,5,0,38.64
EC-2024-002734,3/24/2024,3/30/2024,First Class,C-61303,John Smith,Corporate,United States,Philadelphia,Pennsylvania,East,P-039,Electronics,Accessories,Wallet,1602.6,5,0.2,338.06
EC-2024-002735,6/30/2024,7/3/2024,Standard Class,C-68297,James Lee,Corporate,United States,Austin,Texas,South,P-031,Office Supplies,Envelopes,Bubble Mailer,356.35,5,0,121.63
EC-2021-002736,4/14/2021,4/21/2021,Standard Class,C-64879,Emily Davis,Consumer,United States,San Diego,California,West,P-021,Furniture,Storage,Cabinet,1068.95,4,0.1,-28.77
EC-2024-002737,11/2/2024,11/7/2024,First Class,C-74688,Emily Davis,Corporate,United States,San Antonio,Texas,South,P-029,Office Supplies,Art,Pencil Set,190.98,5,0.1,28.02
EC-2023-002738,8/22/2023,8/26/2023,Second Class,C-79593,James Lee,Consumer,United States,Phoenix,Arizona,West,P-039,Electronics,Accessories,Wallet,401.54,5,0.1,60.74
EC-2021-002739,5/27/2021,5/31/2021,First Class,C-44080,Maria Garcia,Corporate,United States,San Antonio,Texas,South,P-024,Office Supplies,Paper,Notebook,58.76,2,0,18.66
EC-2021-002740,10/22/2021,10/29/2021,Same Day,C-51717,Sara Wilson,Consumer,United States,Houston,Texas,South,P-036,Clothing,Jackets,Windbreaker,552.56,4,0,-11.26
EC-2021-002741,2/10/2021,2/12/2021,Second Class,C-77199,Michael Chen,Consumer,United States,San Antonio,Texas,South,P-002,Electronics,Phones,Samsung A12,2134.26,3,0,-20.52
EC-2024-002742,11/21/2024,11/24/2024,Standard Class,C-45273,John Smith,Home Office,United States,New York,New York,East,P-038,Electronics,Accessories,Belt,364.0,5,0,-9.97
EC-2024-002743,5/6/2024,5/10/2024,Standard Class,C-37491,Emily Davis,Corporate,United States,Austin,Texas,South,P-033,Clothing,Shirts,Polo Shirt,385.47,3,0,-25.04
EC-2022-002744,9/4/2022,9/7/2022,Standard Class,C-11856,Emily Davis,Corporate,United States,New York,New York,East,P-036,Clothing,Jackets,Windbreaker,175.78,4,0.3,34.74
EC-2024-002745,10/18/2024,10/19/2024,Second Class,C-42895,Carlos Rivera,Home Office,United States,Philadelphia,Pennsylvania,East,P-035,Clothing,Shoes,Casual Sneakers,135.8,4,0,13.66
EC-2021-002746,7/4/2021,7/7/2021,Standard Class,C-71426,Anna Brown,Home Office,United States,San Diego,California,West,P-013,Furniture,Chairs,Office Chair,606.48,3,0.2,-55.03
EC-2022-002747,4/11/2022,4/12/2022,Same Day,C-57523,Emily Davis,Home Office,United States,Austin,Texas,South,P-026,Office Supplies,Binders,3-Ring Binder,219.48,4,0,46.04
EC-2023-002748,11/18/2023,11/22/2023,Standard Class,C-89478,Emily Davis,Home Office,United States,Phoenix,Arizona,West,P-007,Electronics,Laptops,HP 15,804.4,5,0.2,-22.23
EC-2024-002749,3/14/2024,3/18/2024,Standard Class,C-81910,Michael Chen,Consumer,United States,Chicago,Illinois,Central,P-036,Clothing,Jackets,Windbreaker,150.88,4,0,40.9
EC-2023-002750,5/11/2023,5/18/2023,Standard Class,C-62803,James Lee,Corporate,United States,Dallas,Texas,South,P-027,Office Supplies,Binders,Report Cover,49.6,4,0,12.89
EC-2021-002751,7/8/2021,7/15/2021,Same Day,C-57423,Emily Davis,Consumer,United States,San Diego,California,West,P-014,Furniture,Chairs,Gaming Chair,722.52,2,0,204.97
EC-2023-002752,5/11/2023,5/13/2023,Same Day,C-91877,John Smith,Consumer,United States,Houston,Texas,South,P-030,Office Supplies,Envelopes,Letter Envelopes,83.12,2,0.3,15.97
EC-2023-002753,8/24/2023,8/30/2023,Second Class,C-81061,Sara Wilson,Consumer,United States,Austin,Texas,South,P-016,Furniture,Tables,Dining Table,1793.52,4,0,532.99
EC-2023-002754,7/4/2023,7/9/2023,First Class,C-36545,Maria Garcia,Home Office,United States,Philadelphia,Pennsylvania,East,P-008,Electronics,Laptops,Dell Inspiron,370.62,4,0.1,73.72
EC-2022-002755,3/7/2022,3/11/2022,First Class,C-86156,Carlos Rivera,Consumer,United States,San Diego,California,West,P-012,Electronics,Tablets,Fire HD,1315.95,3,0.1,303.67
EC-2023-002756,4/10/2023,4/17/2023,First Class,C-30388,John Smith,Consumer,United States,San Diego,California,West,P-030,Office Supplies,Envelopes,Letter Envelopes,166.64,4,0.1,-5.58
EC-2021-002757,11/6/2021,11/8/2021,Second Class,C-21562,Maria Garcia,Corporate,United States,Austin,Texas,South,P-038,Clothing,Accessories,Belt,196.75,5,0,47.14
EC-2023-002758,11/13/2023,11/20/2023,Same Day,C-14803,Maria Garcia,Consumer,United States,Chicago,Illinois,Central,P-021,Furniture,Storage,Cabinet,301.18,4,0.1,79.69
EC-2021-002759,9/28/2021,9/30/2021,Standard Class,C-77027,Michael Chen,Consumer,United States,Dallas,Texas,South,P-012,Electronics,Tablets,Fire HD,1703.6,5,0,199.61
EC-2022-002760,5/12/2022,5/18/2022,Same Day,C-39528,Anna Brown,Consumer,United States,Philadelphia,Pennsylvania,East,P-030,Office Supplies,Envelopes,Letter Envelopes,133.79,4,0.2,31.34
EC-2021-002761,1/28/2021,2/4/2021,Standard Class,C-23126,Emily Davis,Corporate,United States,Dallas,Texas,South,P-029,Office Supplies,Art,Pencil Set,84.67,2,0.3,-2.71
EC-2024-002762,10/27/2024,11/3/2024,Second Class,C-98539,Anna Brown,Corporate,United States,Philadelphia,Pennsylvania,East,P-028,Office Supplies,Art,Markers Set,25.45,1,0.2,4.93
EC-2021-002763,4/2/2021,4/5/2021,Standard Class,C-16737,Maria Garcia,Home Office,United States,Philadelphia,Pennsylvania,East,P-029,Office Supplies,Art,Pencil Set,12.85,1,0,0.89
EC-2022-002764,10/23/2022,10/30/2022,Same Day,C-79968,Maria Garcia,Consumer,United States,New York,New York,East,P-018,Furniture,Tables,Desk,1434.36,4,0,211.27
EC-2024-002765,6/19/2024,6/23/2024,Standard Class,C-77158,Carlos Rivera,Consumer,United States,San Diego,California,West,P-011,Electronics,Tablets,Samsung Tab,470.59,3,0.3,61.23
EC-2024-002766,3/22/2024,3/29/2024,Standard Class,C-12837,Maria Garcia,Consumer,United States,Phoenix,Arizona,West,P-031,Office Supplies,Envelopes,Bubble Mailer,186.09,4,0.3,57.1
EC-2024-002767,6/9/2024,6/12/2024,Same Day,C-57979,Sara Wilson,Consumer,United States,Dallas,Texas,South,P-034,Clothing,Shoes,Running Shoes,166.62,2,0,26.08
EC-2023-002768,6/19/2023,6/21/2023,Same Day,C-21629,Emily Davis,Home Office,United States,Los Angeles,California,West,P-018,Furniture,Tables,Desk,812.14,2,0.3,49.8
EC-2022-002769,4/10/2022,4/12/2022,Second Class,C-43330,Anna Brown,Corporate,United States,Chicago,Illinois,Central,P-028,Office Supplies,Art,Markers Set,99.57,3,0,21.41
EC-2023-002770,8/14/2023,8/16/2023,Same Day,C-55269,Emily Davis,Corporate,United States,Phoenix,Arizona,West,P-038,Clothing,Accessories,Belt,349.08,3,0.1,-10.79
EC-2023-002771,9/25/2023,9/28/2023,Same Day,C-31703,Maria Garcia,Consumer,United States,Austin,Texas,South,P-025,Office Supplies,Paper,Sticky Notes,9.77,1,0,-0.05
EC-2024-002772,2/5/2024,2/6/2024,Standard Class,C-17677,Carlos Rivera,Consumer,United States,Phoenix,Arizona,West,P-012,Electronics,Tablets,Fire HD,1922.4,3,0,481.16
EC-2022-002773,8/13/2022,8/14/2022,Standard Class,C-36382,John Smith,Home Office,United States,Chicago,Illinois,Central,P-022,Furniture,Storage,Drawer Unit,753.33,3,0.3,-18.16
EC-2021-002774,3/2/2021,3/7/2021,Standard Class,C-26136,Michael Chen,Corporate,United States,Austin,Texas,South,P-022,Furniture,Storage,Drawer Unit,253.12,2,0.1,41.29
EC-2021-002775,6/9/2021,6/10/2021,Same Day,C-27619,James Lee,Corporate,United States,Chicago,Illinois,Central,P-039,Clothing,Accessories,Wallet,415.68,3,0,-36.59
EC-2024-002776,6/10/2024,6/15/2024,Second Class,C-82578,Anna Brown,Consumer,United States,San Diego,California,West,P-017,Furniture,Tables,Coffee Table,766.95,2,0.3,139.06
EC-2024-002777,6/18/2024,6/24/2024,Same Day,C-49902,Carlos Rivera,Consumer,United States,New York,New York,East,P-039,Clothing,Accessories,Wallet,658.35,5,0,97.58
EC-2022-002778,8/25/2022,8/26/2022,Standard Class,C-57250,Michael Chen,Consumer,United States,Austin,Texas,South,P-033,Clothing,Shirts,Polo Shirt,144.36,3,0,27.05
EC-2021-002779,4/18/2021,4/19/2021,Standard Class,C-86618,Emily Davis,Corporate,United States,San Diego,California,West,P-027,Office Supplies,Binders,Report Cover,75.1,2,0.1,8.67
EC-2024-002780,4/8/2024,4/15/2024,Standard Class,C-22147,Carlos Rivera,Home Office,United States,Chicago,Illinois,Central,P-037,Clothing,Jackets,Hoodie,290.2,4,0.1,88.58
EC-2024-002781,1/27/2024,1/30/2024,First Class,C-43530,Michael Chen,Consumer,United States,New York,New York,East,P-001,Electronics,Phones,Nokia 3310,614.92,2,0,174.54
EC-2023-002782,12/29/2023,1/3/2024,Second Class,C-46174,Michael Chen,Home Office,United States,Houston,Texas,South,P-034,Clothing,Shoes,Running Shoes,111.18,2,0,7.76
EC-2023-002783,9/15/2023,9/18/2023,Standard Class,C-70029,Sara Wilson,Consumer,United States,Austin,Texas,South,P-009,Electronics,Laptops,Lenovo IdeaPad,318.2,1,0,82.42
EC-2021-002784,10/2/2021,10/9/2021,Second Class,C-67074,Michael Chen,Corporate,United States,New York,New York,East,P-026,Office Supplies,Binders,3-Ring Binder,146.22,3,0,26.65
EC-2024-002785,12/1/2024,12/6/2024,Second Class,C-50897,Anna Brown,Home Office,United States,Philadelphia,Pennsylvania,East,P-038,Electronics,Accessories,Belt,426.74,5,0.1,-43.46
EC-2021-002786,5/13/2021,5/16/2021,Same Day,C-73685,Maria Garcia,Corporate,United States,Houston,Texas,South,P-007,Electronics,Laptops,HP 15,631.61,2,0.3,-15.38
EC-2024-002787,6/13/2024,6/19/2024,First Class,C-63286,John Smith,Home Office,United States,San Antonio,Texas,South,P-032,Clothing,Shirts,Cotton T-Shirt,144.28,2,0,-12.05
EC-2022-002788,5/16/2022,5/23/2022,First Class,C-34207,Anna Brown,Corporate,United States,Los Angeles,California,West,P-021,Furniture,Storage,Cabinet,346.38,2,0,-17.8
EC-2022-002789,11/18/2022,11/24/2022,Second Class,C-22561,Carlos Rivera,Home Office,United States,Philadelphia,Pennsylvania,East,P-039,Electronics,Accessories,Wallet,1112.92,2,0,-45.57
EC-2023-002790,4/18/2023,4/22/2023,First Class,C-12502,Maria Garcia,Consumer,United States,New York,New York,East,P-014,Furniture,Chairs,Gaming Chair,250.32,3,0.3,-5.67
EC-2022-002791,2/26/2022,3/5/2022,Standard Class,C-40422,James Lee,Consumer,United States,San Diego,California,West,P-038,Clothing,Accessories,Belt,66.64,2,0,4.08
EC-2023-002792,2/2/2023,2/6/2023,Second Class,C-37228,Carlos Rivera,Home Office,United States,Chicago,Illinois,Central,P-016,Furniture,Tables,Dining Table,648.6,5,0,-59.37
EC-2024-002793,3/25/2024,3/26/2024,Standard Class,C-38138,James Lee,Consumer,United States,Houston,Texas,South,P-026,Office Supplies,Binders,3-Ring Binder,145.22,5,0.1,-14.66
EC-2023-002794,4/24/2023,4/30/2023,Standard Class,C-89876,Sara Wilson,Corporate,United States,Phoenix,Arizona,West,P-020,Furniture,Bookcases,3-Shelf Bookcase,308.19,2,0.2,52.37
EC-2022-002795,6/25/2022,6/30/2022,Same Day,C-56741,Anna Brown,Corporate,United States,San Diego,California,West,P-032,Clothing,Shirts,Cotton T-Shirt,57.54,2,0.3,3.82
EC-2024-002796,7/4/2024,7/11/2024,First Class,C-53857,James Lee,Corporate,United States,Houston,Texas,South,P-039,Clothing,Accessories,Wallet,155.76,4,0,-7.33
EC-2022-002797,11/12/2022,11/17/2022,Same Day,C-93831,John Smith,Corporate,United States,Los Angeles,California,West,P-039,Clothing,Accessories,Wallet,472.56,4,0,-7.6
EC-2021-002798,8/4/2021,8/7/2021,Standard Class,C-67872,Carlos Rivera,Corporate,United States,Dallas,Texas,South,P-039,Clothing,Accessories,Wallet,170.24,5,0.3,27.45
EC-2024-002799,9/27/2024,9/29/2024,Same Day,C-42747,James Lee,Consumer,United States,Philadelphia,Pennsylvania,East,P-039,Clothing,Accessories,Wallet,128.72,5,0.2,40.74
EC-2023-002800,10/9/2023,10/14/2023,Second Class,C-64833,Anna Brown,Corporate,United States,Chicago,Illinois,Central,P-027,Office Supplies,Binders,Report Cover,30.41,1,0,7.37
EC-2022-002801,3/12/2022,3/18/2022,First Class,C-64127,Maria Garcia,Corporate,United States,Phoenix,Arizona,West,P-020,Furniture,Bookcases,3-Shelf Bookcase,1360.44,4,0,-102.29
EC-2024-002802,3/4/2024,3/8/2024,Standard Class,C-56463,Anna Brown,Home Office,United States,Austin,Texas,South,P-035,Clothing,Shoes,Casual Sneakers,343.52,5,0.3,-7.54
EC-2023-002803,11/22/2023,11/28/2023,Same Day,C-72126,James Lee,Home Office,United States,Houston,Texas,South,P-002,Electronics,Phones,Samsung A12,232.58,2,0,-4.63
EC-2024-002804,11/16/2024,11/18/2024,First Class,C-12503,James Lee,Consumer,United States,New York,New York,East,P-033,Clothing,Shirts,Polo Shirt,314.64,4,0.1,106.25
EC-2021-002805,8/30/2021,9/1/2021,Same Day,C-62017,James Lee,Corporate,United States,Los Angeles,California,West,P-036,Clothing,Jackets,Windbreaker,604.05,5,0,172.09
EC-2024-002806,3/30/2024,4/6/2024,First Class,C-88361,Maria Garcia,Corporate,United States,Chicago,Illinois,Central,P-028,Office Supplies,Art,Markers Set,123.36,4,0,-4.01
EC-2021-002807,1/24/2021,1/26/2021,First Class,C-64212,Michael Chen,Home Office,United States,San Antonio,Texas,South,P-035,Clothing,Shoes,Casual Sneakers,58.28,1,0.3,4.83
EC-2024-002808,6/24/2024,6/28/2024,Second Class,C-88653,Maria Garcia,Home Office,United States,Dallas,Texas,South,P-030,Office Supplies,Envelopes,Letter Envelopes,179.4,5,0,-2.07
EC-2021-002809,8/9/2021,8/11/2021,Second Class,C-86690,John Smith,Home Office,United States,Philadelphia,Pennsylvania,East,P-002,Electronics,Phones,Samsung A12,216.3,2,0.2,49.85
EC-2022-002810,4/20/2022,4/23/2022,Same Day,C-99869,Carlos Rivera,Consumer,United States,Phoenix,Arizona,West,P-038,Electronics,Accessories,Belt,2657.63,4,0.1,-65.65
EC-2024-002811,2/28/2024,3/4/2024,Second Class,C-19687,Carlos Rivera,Consumer,United States,Phoenix,Arizona,West,P-007,Electronics,Laptops,HP 15,2758.54,4,0.1,-190.46
EC-2021-002812,1/22/2021,1/25/2021,Second Class,C-15066,James Lee,Home Office,United States,Austin,Texas,South,P-002,Electronics,Phones,Samsung A12,628.74,1,0,-15.52
EC-2023-002813,4/8/2023,4/13/2023,Second Class,C-25989,Anna Brown,Home Office,United States,New York,New York,East,P-038,Clothing,Accessories,Belt,666.4,5,0,-8.26
EC-2024-002814,2/8/2024,2/11/2024,Standard Class,C-84117,Maria Garcia,Consumer,United States,Chicago,Illinois,Central,P-029,Office Supplies,Art,Pencil Set,26.05,1,0.1,1.78
EC-2024-002815,1/19/2024,1/23/2024,First Class,C-25205,Anna Brown,Consumer,United States,New York,New York,East,P-032,Clothing,Shirts,Cotton T-Shirt,84.89,1,0.3,26.75
EC-2024-002816,10/28/2024,10/31/2024,First Class,C-82829,Maria Garcia,Consumer,United States,New York,New York,East,P-015,Furniture,Chairs,Stool,551.23,1,0,188.08
EC-2021-002817,9/29/2021,10/6/2021,First Class,C-37934,Michael Chen,Corporate,United States,San Diego,California,West,P-023,Office Supplies,Paper,A4 Ream,80.58,4,0.3,5.84
EC-2023-002818,2/19/2023,2/22/2023,Second Class,C-49539,Maria Garcia,Consumer,United States,San Antonio,Texas,South,P-037,Clothing,Jackets,Hoodie,47.24,1,0,15.37
EC-2021-002819,12/13/2021,12/15/2021,First Class,C-53976,Anna Brown,Consumer,United States,Chicago,Illinois,Central,P-033,Clothing,Shirts,Polo Shirt,53.33,1,0,-4.21
EC-2024-002820,5/7/2024,5/13/2024,Standard Class,C-54188,James Lee,Home Office,United States,San Antonio,Texas,South,P-024,Office Supplies,Paper,Notebook,109.25,4,0.2,13.76
EC-2022-002821,10/1/2022,10/2/2022,First Class,C-88277,Carlos Rivera,Consumer,United States,New York,New York,East,P-027,Office Supplies,Binders,Report Cover,18.35,1,0.3,3.49
EC-2024-002822,5/23/2024,5/26/2024,Standard Class,C-54660,Michael Chen,Home Office,United States,San Diego,California,West,P-031,Office Supplies,Envelopes,Bubble Mailer,78.59,1,0,6.43
EC-2022-002823,3/3/2022,3/6/2022,First Class,C-69727,James Lee,Home Office,United States,Philadelphia,Pennsylvania,East,P-037,Clothing,Jackets,Hoodie,242.42,2,0.1,-17.56
EC-2024-002824,8/31/2024,9/3/2024,Second Class,C-20879,Carlos Rivera,Corporate,United States,San Antonio,Texas,South,P-038,Clothing,Accessories,Belt,44.96,1,0.1,-0.77
EC-2021-002825,1/11/2021,1/18/2021,Same Day,C-68337,Maria Garcia,Home Office,United States,San Antonio,Texas,South,P-023,Office Supplies,Paper,A4 Ream,208.77,3,0,59.76
EC-2023-002826,4/24/2023,4/28/2023,Second Class,C-11010,Sara Wilson,Home Office,United States,San Diego,California,West,P-003,Electronics,Phones,iPhone SE,498.82,1,0.1,-4.52
EC-2023-002827,10/25/2023,10/31/2023,First Class,C-29409,James Lee,Consumer,United States,Los Angeles,California,West,P-034,Clothing,Shoes,Running Shoes,264.94,2,0,31.48
EC-2021-002828,1/27/2021,2/1/2021,First Class,C-87470,Carlos Rivera,Corporate,United States,Phoenix,Arizona,West,P-017,Furniture,Tables,Coffee Table,2652.45,5,0,417.43
EC-2021-002829,7/8/2021,7/9/2021,Same Day,C-25133,Anna Brown,Corporate,United States,San Diego,California,West,P-002,Electronics,Phones,Samsung A12,504.0,1,0,-24.48
EC-2022-002830,2/2/2022,2/5/2022,Standard Class,C-67236,Carlos Rivera,Consumer,United States,Dallas,Texas,South,P-024,Office Supplies,Paper,Notebook,249.84,5,0.2,-6.7
EC-2024-002831,2/14/2024,2/15/2024,Standard Class,C-49334,Maria Garcia,Corporate,United States,Austin,Texas,South,P-008,Electronics,Laptops,Dell Inspiron,359.55,5,0,-32.95
EC-2022-002832,9/10/2022,9/11/2022,Standard Class,C-47737,Sara Wilson,Corporate,United States,Austin,Texas,South,P-028,Office Supplies,Art,Markers Set,320.0,5,0,105.26
EC-2024-002833,7/11/2024,7/13/2024,Standard Class,C-39264,John Smith,Consumer,United States,San Diego,California,West,P-039,Clothing,Accessories,Wallet,92.68,5,0.3,20.08
EC-2023-002834,10/17/2023,10/22/2023,Standard Class,C-39087,Sara Wilson,Home Office,United States,New York,New York,East,P-035,Clothing,Shoes,Casual Sneakers,388.65,5,0,-29.18
EC-2024-002835,5/6/2024,5/11/2024,First Class,C-84994,Carlos Rivera,Corporate,United States,New York,New York,East,P-027,Office Supplies,Binders,Report Cover,125.39,3,0.1,35.77
EC-2024-002836,3/25/2024,3/31/2024,Same Day,C-78134,Michael Chen,Corporate,United States,New York,New York,East,P-007,Electronics,Laptops,HP 15,332.38,1,0.3,-4.63
EC-2021-002837,4/10/2021,4/14/2021,Same Day,C-20878,Michael Chen,Corporate,United States,Philadelphia,Pennsylvania,East,P-010,Electronics,Tablets,iPad Mini,921.76,4,0,-44.63
EC-2023-002838,4/29/2023,4/30/2023,Second Class,C-93233,John Smith,Corporate,United States,Houston,Texas,South,P-027,Office Supplies,Binders,Report Cover,137.05,5,0,-1.26
EC-2023-002839,3/28/2023,4/2/2023,Same Day,C-33638,Emily Davis,Consumer,United States,Austin,Texas,South,P-027,Office Supplies,Binders,Report Cover,73.39,3,0.1,20.71
EC-2022-002840,1/13/2022,1/15/2022,Standard Class,C-20487,Sara Wilson,Corporate,United States,Chicago,Illinois,Central,P-009,Electronics,Laptops,Lenovo IdeaPad,1047.2,5,0,293.26
EC-2022-002841,11/9/2022,11/12/2022,Second Class,C-13774,Michael Chen,Corporate,United States,Houston,Texas,South,P-019,Furniture,Bookcases,5-Shelf Bookcase,751.11,3,0,140.88
EC-2021-002842,1/31/2021,2/2/2021,First Class,C-91341,Emily Davis,Consumer,United States,Phoenix,Arizona,West,P-022,Furniture,Storage,Drawer Unit,630.26,2,0,-7.34
EC-2022-002843,4/1/2022,4/8/2022,Standard Class,C-89311,Michael Chen,Corporate,United States,Los Angeles,California,West,P-028,Office Supplies,Art,Markers Set,88.8,2,0,-1.19
EC-2023-002844,6/26/2023,6/28/2023,First Class,C-49588,Maria Garcia,Corporate,United States,Los Angeles,California,West,P-034,Clothing,Shoes,Running Shoes,717.1,5,0,-64.27
EC-2021-002845,9/2/2021,9/5/2021,Standard Class,C-61932,Anna Brown,Home Office,United States,Houston,Texas,South,P-038,Clothing,Accessories,Belt,436.74,4,0.2,-14.8
EC-2022-002846,3/18/2022,3/19/2022,Standard Class,C-10994,James Lee,Home Office,United States,Houston,Texas,South,P-019,Furniture,Bookcases,5-Shelf Bookcase,816.14,3,0.2,231.84
EC-2021-002847,7/15/2021,7/21/2021,Second Class,C-74147,Sara Wilson,Consumer,United States,Austin,Texas,South,P-014,Furniture,Chairs,Gaming Chair,759.52,2,0,-12.31
EC-2021-002848,4/30/2021,5/6/2021,First Class,C-59358,Carlos Rivera,Consumer,United States,New York,New York,East,P-001,Electronics,Phones,Nokia 3310,1490.88,4,0,156.93
EC-2022-002849,12/26/2022,12/31/2022,Same Day,C-55105,Anna Brown,Consumer,United States,Phoenix,Arizona,West,P-033,Clothing,Shirts,Polo Shirt,466.05,5,0,55.03
EC-2023-002850,2/28/2023,3/6/2023,Second Class,C-42120,Sara Wilson,Corporate,United States,Dallas,Texas,South,P-016,Furniture,Tables,Dining Table,912.52,4,0,166.38
EC-2022-002851,8/29/2022,9/5/2022,Second Class,C-66100,Emily Davis,Consumer,United States,Philadelphia,Pennsylvania,East,P-003,Electronics,Phones,iPhone SE,2664.0,4,0.1,475.18
EC-2024-002852,9/11/2024,9/15/2024,Standard Class,C-94935,Emily Davis,Consumer,United States,San Antonio,Texas,South,P-007,Electronics,Laptops,HP 15,349.4,5,0,75.52
EC-2024-002853,9/18/2024,9/19/2024,Standard Class,C-92059,Sara Wilson,Consumer,United States,Austin,Texas,South,P-033,Clothing,Shirts,Polo Shirt,22.98,1,0.3,1.93
EC-2023-002854,9/6/2023,9/12/2023,First Class,C-80667,Emily Davis,Consumer,United States,San Antonio,Texas,South,P-012,Electronics,Tablets,Fire HD,469.12,2,0,-35.91
EC-2023-002855,2/15/2023,2/22/2023,First Class,C-20982,Maria Garcia,Home Office,United States,San Diego,California,West,P-013,Furniture,Chairs,Office Chair,1124.55,3,0.1,130.67
EC-2022-002856,1/30/2022,1/31/2022,Standard Class,C-84003,James Lee,Consumer,United States,New York,New York,East,P-027,Office Supplies,Binders,Report Cover,117.06,3,0,25.86
EC-2021-002857,10/21/2021,10/24/2021,Same Day,C-43797,Maria Garcia,Corporate,United States,San Antonio,Texas,South,P-013,Furniture,Chairs,Office Chair,555.18,2,0,189.47
EC-2023-002858,4/26/2023,4/29/2023,First Class,C-46017,John Smith,Consumer,United States,Austin,Texas,South,P-035,Clothing,Shoes,Casual Sneakers,679.45,5,0,-12.71
EC-2024-002859,12/5/2024,12/9/2024,Standard Class,C-73943,James Lee,Corporate,United States,San Antonio,Texas,South,P-036,Clothing,Jackets,Windbreaker,146.4,2,0,-1.01
EC-2022-002860,3/28/2022,4/4/2022,First Class,C-44102,Sara Wilson,Corporate,United States,Houston,Texas,South,P-029,Office Supplies,Art,Pencil Set,149.72,3,0.1,35.05
EC-2021-002861,12/4/2021,12/7/2021,First Class,C-51274,John Smith,Corporate,United States,Austin,Texas,South,P-030,Office Supplies,Envelopes,Letter Envelopes,67.28,1,0,-1.16
EC-2022-002862,11/1/2022,11/5/2022,Second Class,C-64773,Sara Wilson,Corporate,United States,San Diego,California,West,P-035,Clothing,Shoes,Casual Sneakers,30.87,1,0.1,8.64
EC-2022-002863,10/17/2022,10/23/2022,Same Day,C-28151,Maria Garcia,Home Office,United States,New York,New York,East,P-018,Furniture,Tables,Desk,767.68,2,0,196.1
EC-2023-002864,6/15/2023,6/22/2023,Standard Class,C-82103,John Smith,Consumer,United States,Philadelphia,Pennsylvania,East,P-014,Furniture,Chairs,Gaming Chair,313.24,2,0,99.58
EC-2024-002865,3/7/2024,3/11/2024,Second Class,C-13175,Anna Brown,Corporate,United States,Chicago,Illinois,Central,P-029,Office Supplies,Art,Pencil Set,146.58,3,0.3,36.15
EC-2022-002866,8/23/2022,8/27/2022,Standard Class,C-17353,Carlos Rivera,Home Office,United States,San Diego,California,West,P-016,Furniture,Tables,Dining Table,868.63,2,0.1,-21.15
EC-2023-002867,3/20/2023,3/24/2023,Same Day,C-28431,Michael Chen,Home Office,United States,San Antonio,Texas,South,P-025,Office Supplies,Paper,Sticky Notes,10.58,2,0.1,2.53
EC-2021-002868,5/18/2021,5/20/2021,Second Class,C-26580,Michael Chen,Consumer,United States,Chicago,Illinois,Central,P-013,Furniture,Chairs,Office Chair,2717.5,5,0,546.26
EC-2022-002869,3/12/2022,3/16/2022,Same Day,C-80812,Michael Chen,Home Office,United States,Dallas,Texas,South,P-026,Office Supplies,Binders,3-Ring Binder,33.6,5,0,11.14
EC-2023-002870,2/20/2023,2/21/2023,First Class,C-27443,John Smith,Home Office,United States,Philadelphia,Pennsylvania,East,P-032,Clothing,Shirts,Cotton T-Shirt,261.6,3,0.1,81.88
EC-2024-002871,3/9/2024,3/15/2024,Standard Class,C-83914,Anna Brown,Consumer,United States,New York,New York,East,P-031,Office Supplies,Envelopes,Bubble Mailer,79.6,5,0,-6.66
EC-2021-002872,1/2/2021,1/3/2021,First Class,C-94185,John Smith,Corporate,United States,Los Angeles,California,West,P-025,Office Supplies,Paper,Sticky Notes,137.44,4,0,39.33
EC-2022-002873,8/9/2022,8/12/2022,First Class,C-76711,Emily Davis,Consumer,United States,Los Angeles,California,West,P-038,Electronics,Accessories,Belt,192.16,2,0,29.7
EC-2022-002874,1/27/2022,2/1/2022,Standard Class,C-35832,John Smith,Corporate,United States,Los Angeles,California,West,P-039,Electronics,Accessories,Wallet,1631.92,4,0,-76.22
EC-2023-002875,11/24/2023,11/27/2023,Same Day,C-89717,John Smith,Corporate,United States,San Antonio,Texas,South,P-002,Electronics,Phones,Samsung A12,423.97,4,0.2,-16.37
EC-2023-002876,4/10/2023,4/15/2023,Standard Class,C-77627,Michael Chen,Home Office,United States,San Diego,California,West,P-021,Furniture,Storage,Cabinet,298.39,1,0.1,23.28
EC-2021-002877,6/24/2021,6/29/2021,Same Day,C-97031,Anna Brown,Corporate,United States,Austin,Texas,South,P-038,Clothing,Accessories,Belt,259.7,5,0.3,-6.85
EC-2023-002878,9/3/2023,9/10/2023,First Class,C-43499,Emily Davis,Home Office,United States,New York,New York,East,P-021,Furniture,Storage,Cabinet,1271.33,3,0.2,-14.27
EC-2022-002879,11/2/2022,11/6/2022,First Class,C-76739,James Lee,Home Office,United States,Chicago,Illinois,Central,P-008,Electronics,Laptops,Dell Inspiron,470.38,2,0,105.15
EC-2023-002880,3/31/2023,4/6/2023,Same Day,C-99301,Emily Davis,Consumer,United States,Chicago,Illinois,Central,P-027,Office Supplies,Binders,Report Cover,291.64,4,0,-19.06
EC-2024-002881,1/28/2024,2/1/2024,Second Class,C-54691,Anna Brown,Consumer,United States,Austin,Texas,South,P-031,Office Supplies,Envelopes,Bubble Mailer,132.22,2,0,12.63
EC-2023-002882,9/8/2023,9/15/2023,Standard Class,C-18025,James Lee,Corporate,United States,San Antonio,Texas,South,P-021,Furniture,Storage,Cabinet,148.83,1,0.3,24.01
EC-2022-002883,9/7/2022,9/11/2022,Second Class,C-80145,Sara Wilson,Consumer,United States,Los Angeles,California,West,P-027,Office Supplies,Binders,Report Cover,261.12,4,0,-26.04
EC-2023-002884,7/25/2023,8/1/2023,Standard Class,C-25198,Maria Garcia,Home Office,United States,Houston,Texas,South,P-015,Furniture,Chairs,Stool,2066.65,4,0.1,385.98
EC-2021-002885,9/20/2021,9/26/2021,Same Day,C-29192,Maria Garcia,Home Office,United States,Dallas,Texas,South,P-027,Office Supplies,Binders,Report Cover,99.4,5,0,-1.57
EC-2021-002886,10/16/2021,10/18/2021,First Class,C-96797,Sara Wilson,Home Office,United States,Phoenix,Arizona,West,P-039,Electronics,Accessories,Wallet,416.64,1,0,113.18
EC-2021-002887,9/4/2021,9/10/2021,Same Day,C-62266,Michael Chen,Home Office,United States,Austin,Texas,South,P-033,Clothing,Shirts,Polo Shirt,62.22,3,0.3,14.5
EC-2021-002888,3/25/2021,3/30/2021,Same Day,C-12107,John Smith,Home Office,United States,Austin,Texas,South,P-039,Clothing,Accessories,Wallet,171.48,2,0,23.37
EC-2022-002889,7/31/2022,8/2/2022,First Class,C-33894,James Lee,Home Office,United States,San Antonio,Texas,South,P-026,Office Supplies,Binders,3-Ring Binder,63.1,4,0.2,6.95
EC-2022-002890,5/15/2022,5/20/2022,Second Class,C-16562,Maria Garcia,Corporate,United States,New York,New York,East,P-002,Electronics,Phones,Samsung A12,867.73,3,0.1,218.26
EC-2021-002891,6/19/2021,6/22/2021,Second Class,C-64926,John Smith,Home Office,United States,New York,New York,East,P-030,Office Supplies,Envelopes,Letter Envelopes,23.21,4,0.3,-0.69
EC-2023-002892,4/2/2023,4/5/2023,Standard Class,C-36647,Anna Brown,Home Office,United States,San Diego,California,West,P-001,Electronics,Phones,Nokia 3310,2208.28,4,0,506.5
EC-2023-002893,1/4/2023,1/8/2023,Standard Class,C-43049,Michael Chen,Home Office,United States,Los Angeles,California,West,P-028,Office Supplies,Art,Markers Set,58.86,5,0.1,-3.38
EC-2022-002894,8/4/2022,8/10/2022,Second Class,C-63433,Michael Chen,Consumer,United States,Houston,Texas,South,P-022,Furniture,Storage,Drawer Unit,482.25,1,0.1,124.33
EC-2022-002895,9/28/2022,10/2/2022,First Class,C-97793,James Lee,Corporate,United States,San Diego,California,West,P-026,Office Supplies,Binders,3-Ring Binder,346.85,5,0,120.2
EC-2021-002896,3/12/2021,3/18/2021,Same Day,C-12289,Emily Davis,Consumer,United States,Chicago,Illinois,Central,P-023,Office Supplies,Paper,A4 Ream,54.81,1,0,13.7
EC-2022-002897,11/24/2022,11/27/2022,Same Day,C-94536,Anna Brown,Consumer,United States,Houston,Texas,South,P-003,Electronics,Phones,iPhone SE,1982.57,4,0.3,-65.95
EC-2024-002898,9/4/2024,9/6/2024,Standard Class,C-87245,John Smith,Home Office,United States,San Antonio,Texas,South,P-020,Furniture,Bookcases,3-Shelf Bookcase,502.15,1,0,-10.1
EC-2023-002899,6/28/2023,7/3/2023,Second Class,C-79039,Anna Brown,Home Office,United States,Los Angeles,California,West,P-015,Furniture,Chairs,Stool,1202.3,3,0.2,-40.9
EC-2022-002900,11/18/2022,11/23/2022,Second Class,C-38917,Sara Wilson,Consumer,United States,Austin,Texas,South,P-028,Office Supplies,Art,Markers Set,103.24,2,0,33.76
EC-2022-002901,5/12/2022,5/19/2022,Standard Class,C-28393,James Lee,Corporate,United States,San Antonio,Texas,South,P-038,Clothing,Accessories,Belt,69.65,1,0.2,-5.99
EC-2024-002902,3/17/2024,3/20/2024,First Class,C-19653,Maria Garcia,Home Office,United States,Dallas,Texas,South,P-033,Clothing,Shirts,Polo Shirt,118.83,1,0,-3.84
EC-2024-002903,1/29/2024,1/31/2024,Same Day,C-48039,James Lee,Consumer,United States,Houston,Texas,South,P-009,Electronics,Laptops,Lenovo IdeaPad,676.64,2,0.2,124.74
EC-2022-002904,9/24/2022,9/26/2022,Standard Class,C-13772,Maria Garcia,Home Office,United States,San Antonio,Texas,South,P-003,Electronics,Phones,iPhone SE,1136.18,4,0.3,351.14
EC-2023-002905,9/8/2023,9/14/2023,Same Day,C-63630,Anna Brown,Home Office,United States,Los Angeles,California,West,P-039,Clothing,Accessories,Wallet,111.48,2,0.3,-2.33
EC-2021-002906,6/29/2021,7/5/2021,Standard Class,C-65720,Michael Chen,Home Office,United States,San Antonio,Texas,South,P-036,Clothing,Jackets,Windbreaker,308.36,4,0,-7.02
EC-2024-002907,3/13/2024,3/19/2024,Same Day,C-93994,John Smith,Corporate,United States,Houston,Texas,South,P-038,Clothing,Accessories,Belt,106.24,4,0,10.7
EC-2022-002908,10/14/2022,10/19/2022,Standard Class,C-66863,Emily Davis,Consumer,United States,San Diego,California,West,P-036,Clothing,Jackets,Windbreaker,264.02,5,0.1,-5.12
EC-2021-002909,2/21/2021,2/26/2021,First Class,C-48129,Maria Garcia,Home Office,United States,Houston,Texas,South,P-039,Clothing,Accessories,Wallet,722.7,5,0,-31.46
EC-2022-002910,11/7/2022,11/11/2022,Standard Class,C-61967,Emily Davis,Home Office,United States,San Diego,California,West,P-033,Clothing,Shirts,Polo Shirt,147.47,2,0.2,49.72
EC-2024-002911,8/20/2024,8/21/2024,Same Day,C-34069,Carlos Rivera,Home Office,United States,Phoenix,Arizona,West,P-010,Electronics,Tablets,iPad Mini,238.59,3,0,12.24
EC-2024-002912,2/24/2024,3/2/2024,Same Day,C-87286,Anna Brown,Corporate,United States,Dallas,Texas,South,P-027,Office Supplies,Binders,Report Cover,111.2,2,0.3,-0.61
EC-2021-002913,11/4/2021,11/7/2021,Same Day,C-13009,Michael Chen,Consumer,United States,New York,New York,East,P-001,Electronics,Phones,Nokia 3310,609.04,1,0.1,80.74
EC-2021-002914,11/28/2021,11/30/2021,Standard Class,C-11787,Sara Wilson,Corporate,United States,Houston,Texas,South,P-026,Office Supplies,Binders,3-Ring Binder,332.8,5,0,-16.51
EC-2022-002915,6/20/2022,6/27/2022,Same Day,C-93238,Carlos Rivera,Corporate,United States,Chicago,Illinois,Central,P-013,Furniture,Chairs,Office Chair,684.99,5,0.1,108.94
EC-2024-002916,11/14/2024,11/15/2024,Same Day,C-75016,Carlos Rivera,Corporate,United States,Phoenix,Arizona,West,P-008,Electronics,Laptops,Dell Inspiron,3797.65,5,0,1216.72
EC-2023-002917,10/7/2023,10/14/2023,First Class,C-18596,Carlos Rivera,Corporate,United States,Houston,Texas,South,P-012,Electronics,Tablets,Fire HD,719.58,3,0,90.89
EC-2022-002918,12/26/2022,1/2/2023,First Class,C-96684,Emily Davis,Consumer,United States,San Diego,California,West,P-039,Clothing,Accessories,Wallet,200.16,3,0.2,-5.45
EC-2023-002919,10/10/2023,10/12/2023,First Class,C-70387,Sara Wilson,Corporate,United States,San Antonio,Texas,South,P-035,Clothing,Shoes,Casual Sneakers,169.74,2,0,9.98
EC-2023-002920,11/7/2023,11/12/2023,Standard Class,C-95043,Carlos Rivera,Consumer,United States,Phoenix,Arizona,West,P-030,Office Supplies,Envelopes,Letter Envelopes,201.57,4,0.2,43.99
EC-2024-002921,5/7/2024,5/13/2024,Second Class,C-14178,James Lee,Home Office,United States,Philadelphia,Pennsylvania,East,P-027,Office Supplies,Binders,Report Cover,95.1,3,0,27.57
EC-2021-002922,12/5/2021,12/11/2021,Same Day,C-15987,Sara Wilson,Consumer,United States,New York,New York,East,P-031,Office Supplies,Envelopes,Bubble Mailer,31.65,2,0.2,8.78
EC-2021-002923,10/18/2021,10/25/2021,First Class,C-10627,Anna Brown,Corporate,United States,Austin,Texas,South,P-035,Clothing,Shoes,Casual Sneakers,211.51,3,0.3,50.48
EC-2021-002924,10/10/2021,10/13/2021,Second Class,C-49308,Emily Davis,Corporate,United States,San Diego,California,West,P-002,Electronics,Phones,Samsung A12,442.06,2,0.3,-34.37
EC-2022-002925,10/1/2022,10/3/2022,Second Class,C-98124,Anna Brown,Consumer,United States,Philadelphia,Pennsylvania,East,P-038,Electronics,Accessories,Belt,494.24,4,0.2,63.98
EC-2022-002926,1/21/2022,1/22/2022,Standard Class,C-62573,Emily Davis,Consumer,United States,Los Angeles,California,West,P-022,Furniture,Storage,Drawer Unit,490.27,3,0.2,-2.88
EC-2021-002927,11/2/2021,11/7/2021,Same Day,C-57641,Sara Wilson,Home Office,United States,San Antonio,Texas,South,P-022,Furniture,Storage,Drawer Unit,1653.54,3,0,425.9
EC-2024-002928,10/18/2024,10/21/2024,First Class,C-89118,Maria Garcia,Corporate,United States,Philadelphia,Pennsylvania,East,P-018,Furniture,Tables,Desk,1210.38,3,0.3,-100.58
EC-2021-002929,6/10/2021,6/14/2021,First Class,C-64772,James Lee,Corporate,United States,Phoenix,Arizona,West,P-019,Furniture,Bookcases,5-Shelf Bookcase,339.63,2,0.3,-18.96
EC-2023-002930,5/2/2023,5/6/2023,Same Day,C-51610,Sara Wilson,Consumer,United States,Houston,Texas,South,P-034,Clothing,Shoes,Running Shoes,48.77,1,0,14.81
EC-2023-002931,5/22/2023,5/25/2023,Same Day,C-67943,Michael Chen,Consumer,United States,Los Angeles,California,West,P-030,Office Supplies,Envelopes,Letter Envelopes,17.18,3,0.2,1.47
EC-2024-002932,6/26/2024,6/27/2024,Standard Class,C-91063,Emily Davis,Home Office,United States,San Antonio,Texas,South,P-015,Furniture,Chairs,Stool,494.36,4,0,-2.77
EC-2023-002933,10/9/2023,10/10/2023,Second Class,C-98759,Michael Chen,Corporate,United States,Phoenix,Arizona,West,P-012,Electronics,Tablets,Fire HD,2336.84,5,0.2,-49.53
EC-2021-002934,12/21/2021,12/28/2021,Standard Class,C-50445,Emily Davis,Corporate,United States,Houston,Texas,South,P-034,Clothing,Shoes,Running Shoes,507.0,5,0.2,-31.82
EC-2021-002935,11/8/2021,11/9/2021,Standard Class,C-82479,James Lee,Corporate,United States,Chicago,Illinois,Central,P-009,Electronics,Laptops,Lenovo IdeaPad,1051.65,3,0,-32.36
EC-2022-002936,6/7/2022,6/9/2022,First Class,C-24444,Emily Davis,Corporate,United States,Dallas,Texas,South,P-013,Furniture,Chairs,Office Chair,1238.44,4,0,-86.16
EC-2022-002937,8/8/2022,8/14/2022,Second Class,C-90614,Emily Davis,Consumer,United States,Phoenix,Arizona,West,P-025,Office Supplies,Paper,Sticky Notes,61.74,2,0.3,8.63
EC-2024-002938,11/5/2024,11/11/2024,Same Day,C-99564,Maria Garcia,Home Office,United States,Chicago,Illinois,Central,P-013,Furniture,Chairs,Office Chair,331.49,1,0,-1.81
EC-2022-002939,11/27/2022,12/4/2022,Standard Class,C-99824,Maria Garcia,Corporate,United States,Los Angeles,California,West,P-035,Clothing,Shoes,Casual Sneakers,653.65,5,0,-19.78
EC-2024-002940,6/20/2024,6/22/2024,Standard Class,C-70359,Michael Chen,Consumer,United States,Chicago,Illinois,Central,P-010,Electronics,Tablets,iPad Mini,347.8,1,0,63.58
EC-2023-002941,1/6/2023,1/8/2023,Same Day,C-91100,Maria Garcia,Home Office,United States,Austin,Texas,South,P-032,Clothing,Shirts,Cotton T-Shirt,226.21,4,0.3,31.13
EC-2022-002942,6/5/2022,6/8/2022,Second Class,C-59451,Anna Brown,Consumer,United States,Philadelphia,Pennsylvania,East,P-026,Office Supplies,Binders,3-Ring Binder,131.32,2,0,11.72
EC-2022-002943,9/27/2022,10/3/2022,Standard Class,C-16190,Anna Brown,Consumer,United States,Philadelphia,Pennsylvania,East,P-032,Clothing,Shirts,Cotton T-Shirt,428.62,5,0.1,79.63
EC-2024-002944,5/23/2024,5/30/2024,Same Day,C-19018,James Lee,Corporate,United States,Houston,Texas,South,P-007,Electronics,Laptops,HP 15,1578.16,4,0.3,243.66
EC-2021-002945,4/2/2021,4/3/2021,Standard Class,C-23124,Anna Brown,Home Office,United States,Houston,Texas,South,P-021,Furniture,Storage,Cabinet,312.13,1,0,97.2
EC-2021-002946,5/4/2021,5/5/2021,Standard Class,C-32158,Emily Davis,Corporate,United States,San Diego,California,West,P-020,Furniture,Bookcases,3-Shelf Bookcase,157.43,1,0,33.16
EC-2024-002947,2/1/2024,2/7/2024,Second Class,C-63880,Anna Brown,Home Office,United States,Houston,Texas,South,P-016,Furniture,Tables,Dining Table,1722.78,4,0.2,148.96
EC-2024-002948,1/6/2024,1/11/2024,Same Day,C-76883,Carlos Rivera,Home Office,United States,Los Angeles,California,West,P-032,Clothing,Shirts,Cotton T-Shirt,475.84,4,0.2,25.6
EC-2022-002949,1/13/2022,1/14/2022,First Class,C-72113,John Smith,Consumer,United States,New York,New York,East,P-039,Clothing,Accessories,Wallet,68.19,3,0.3,-5.42
EC-2022-002950,5/10/2022,5/13/2022,Second Class,C-38402,Sara Wilson,Corporate,United States,San Diego,California,West,P-033,Clothing,Shirts,Polo Shirt,489.0,5,0.2,-7.15
EC-2021-002951,8/14/2021,8/21/2021,First Class,C-65091,Sara Wilson,Consumer,United States,Austin,Texas,South,P-007,Electronics,Laptops,HP 15,1946.73,3,0,248.91
EC-2022-002952,11/25/2022,11/29/2022,Standard Class,C-99699,Maria Garcia,Home Office,United States,Los Angeles,California,West,P-022,Furniture,Storage,Drawer Unit,1263.32,4,0,152.73
EC-2022-002953,5/8/2022,5/13/2022,Second Class,C-81290,Anna Brown,Corporate,United States,Philadelphia,Pennsylvania,East,P-035,Clothing,Shoes,Casual Sneakers,119.34,4,0.1,39.04
EC-2023-002954,10/10/2023,10/12/2023,Standard Class,C-31741,James Lee,Consumer,United States,Dallas,Texas,South,P-008,Electronics,Laptops,Dell Inspiron,2062.58,5,0.1,-169.69
EC-2021-002955,5/21/2021,5/24/2021,Same Day,C-48909,Maria Garcia,Corporate,United States,Phoenix,Arizona,West,P-020,Furniture,Bookcases,3-Shelf Bookcase,685.88,4,0,-55.2
EC-2021-002956,7/18/2021,7/24/2021,Second Class,C-62007,Michael Chen,Consumer,United States,Phoenix,Arizona,West,P-011,Electronics,Tablets,Samsung Tab,794.26,3,0.2,93.75
EC-2023-002957,9/9/2023,9/10/2023,First Class,C-12863,Anna Brown,Corporate,United States,Phoenix,Arizona,West,P-022,Furniture,Storage,Drawer Unit,1242.45,5,0.1,283.21
EC-2021-002958,2/27/2021,3/2/2021,Same Day,C-20322,Emily Davis,Consumer,United States,San Diego,California,West,P-034,Clothing,Shoes,Running Shoes,192.94,2,0.1,51.84
EC-2024-002959,5/1/2024,5/2/2024,Second Class,C-44632,John Smith,Corporate,United States,Chicago,Illinois,Central,P-018,Furniture,Tables,Desk,1396.6,5,0,-56.16
EC-2021-002960,6/17/2021,6/22/2021,Standard Class,C-12676,Maria Garcia,Consumer,United States,Dallas,Texas,South,P-034,Clothing,Shoes,Running Shoes,227.69,3,0.1,-1.99
EC-2024-002961,4/9/2024,4/16/2024,Second Class,C-90323,Carlos Rivera,Home Office,United States,San Antonio,Texas,South,P-012,Electronics,Tablets,Fire HD,2743.96,4,0,694.62
EC-2024-002962,7/2/2024,7/7/2024,Standard Class,C-46589,Michael Chen,Corporate,United States,New York,New York,East,P-037,Clothing,Jackets,Hoodie,281.06,2,0,-16.62
EC-2023-002963,11/25/2023,12/1/2023,Second Class,C-92816,Emily Davis,Home Office,United States,Los Angeles,California,West,P-031,Office Supplies,Envelopes,Bubble Mailer,71.66,1,0.1,-0.52
EC-2023-002964,4/16/2023,4/18/2023,Same Day,C-64318,Maria Garcia,Consumer,United States,Los Angeles,California,West,P-034,Clothing,Shoes,Running Shoes,442.32,3,0,-8.16
EC-2022-002965,3/23/2022,3/27/2022,Second Class,C-87329,John Smith,Home Office,United States,San Diego,California,West,P-037,Clothing,Jackets,Hoodie,43.15,2,0.2,13.2
EC-2021-002966,8/22/2021,8/29/2021,Second Class,C-32510,Maria Garcia,Home Office,United States,Houston,Texas,South,P-034,Clothing,Shoes,Running Shoes,296.78,4,0.1,45.83
EC-2023-002967,5/14/2023,5/15/2023,Same Day,C-15951,Carlos Rivera,Consumer,United States,Houston,Texas,South,P-034,Clothing,Shoes,Running Shoes,489.4,5,0,-19.13
EC-2024-002968,10/9/2024,10/11/2024,First Class,C-65194,Anna Brown,Corporate,United States,Austin,Texas,South,P-039,Electronics,Accessories,Wallet,788.83,3,0.2,92.67
EC-2022-002969,7/25/2022,7/31/2022,Standard Class,C-19140,James Lee,Home Office,United States,Houston,Texas,South,P-039,Electronics,Accessories,Wallet,477.36,3,0,39.03
EC-2022-002970,6/5/2022,6/12/2022,Standard Class,C-34624,Michael Chen,Corporate,United States,Dallas,Texas,South,P-025,Office Supplies,Paper,Sticky Notes,50.99,1,0.3,17.72
EC-2024-002971,1/16/2024,1/20/2024,First Class,C-42989,Emily Davis,Home Office,United States,Houston,Texas,South,P-003,Electronics,Phones,iPhone SE,318.51,1,0,85.04
EC-2023-002972,3/9/2023,3/11/2023,Standard Class,C-54259,John Smith,Home Office,United States,New York,New York,East,P-014,Furniture,Chairs,Gaming Chair,270.43,4,0.2,45.97
EC-2024-002973,4/1/2024,4/6/2024,First Class,C-89344,James Lee,Consumer,United States,Dallas,Texas,South,P-037,Clothing,Jackets,Hoodie,110.78,1,0.2,38.28
EC-2024-002974,7/26/2024,8/2/2024,Second Class,C-38284,Sara Wilson,Corporate,United States,Houston,Texas,South,P-011,Electronics,Tablets,Samsung Tab,1819.5,5,0,-12.73
EC-2021-002975,2/28/2021,3/4/2021,Same Day,C-50059,James Lee,Consumer,United States,Chicago,Illinois,Central,P-022,Furniture,Storage,Drawer Unit,1264.71,3,0,-33.12
EC-2022-002976,7/8/2022,7/9/2022,Standard Class,C-34225,Anna Brown,Home Office,United States,Austin,Texas,South,P-018,Furniture,Tables,Desk,451.43,1,0.1,-11.38
EC-2021-002977,1/30/2021,1/31/2021,First Class,C-45487,James Lee,Consumer,United States,San Diego,California,West,P-037,Clothing,Jackets,Hoodie,108.36,2,0,30.15
EC-2022-002978,5/17/2022,5/24/2022,First Class,C-25468,Michael Chen,Consumer,United States,Philadelphia,Pennsylvania,East,P-039,Electronics,Accessories,Wallet,796.76,3,0.3,-76.09
EC-2022-002979,7/16/2022,7/17/2022,First Class,C-91270,Maria Garcia,Home Office,United States,Austin,Texas,South,P-008,Electronics,Laptops,Dell Inspiron,509.16,4,0,54.85
EC-2022-002980,10/18/2022,10/21/2022,First Class,C-60533,Maria Garcia,Corporate,United States,Chicago,Illinois,Central,P-021,Furniture,Storage,Cabinet,2974.3,5,0,-60.25
EC-2022-002981,2/13/2022,2/16/2022,First Class,C-93122,James Lee,Corporate,United States,San Antonio,Texas,South,P-003,Electronics,Phones,iPhone SE,743.72,5,0.2,-77.43
EC-2024-002982,12/27/2024,12/31/2024,Same Day,C-80419,Michael Chen,Home Office,United States,San Antonio,Texas,South,P-022,Furniture,Storage,Drawer Unit,627.15,2,0.2,-9.66
EC-2021-002983,5/14/2021,5/20/2021,Second Class,C-92696,James Lee,Consumer,United States,San Diego,California,West,P-007,Electronics,Laptops,HP 15,1353.66,2,0,119.18
EC-2023-002984,5/20/2023,5/26/2023,Standard Class,C-77815,Anna Brown,Home Office,United States,Chicago,Illinois,Central,P-024,Office Supplies,Paper,Notebook,50.52,2,0,14.74
EC-2023-002985,8/26/2023,8/29/2023,Same Day,C-66971,Emily Davis,Home Office,United States,Los Angeles,California,West,P-019,Furniture,Bookcases,5-Shelf Bookcase,1534.05,5,0,413.42
EC-2022-002986,5/26/2022,6/1/2022,Same Day,C-68951,Carlos Rivera,Consumer,United States,San Diego,California,West,P-027,Office Supplies,Binders,Report Cover,121.25,2,0.2,-5.42
EC-2024-002987,3/28/2024,4/4/2024,First Class,C-84621,Michael Chen,Consumer,United States,Philadelphia,Pennsylvania,East,P-019,Furniture,Bookcases,5-Shelf Bookcase,1110.37,4,0.3,-34.39
EC-2022-002988,3/6/2022,3/9/2022,Same Day,C-78555,Anna Brown,Consumer,United States,Austin,Texas,South,P-037,Clothing,Jackets,Hoodie,69.66,1,0,13.05
EC-2024-002989,4/20/2024,4/23/2024,Same Day,C-94548,Michael Chen,Consumer,United States,Phoenix,Arizona,West,P-003,Electronics,Phones,iPhone SE,627.6,3,0,170.63
EC-2023-002990,7/11/2023,7/16/2023,First Class,C-94210,John Smith,Home Office,United States,San Diego,California,West,P-039,Clothing,Accessories,Wallet,214.73,4,0.3,17.6
EC-2022-002991,6/19/2022,6/24/2022,Second Class,C-68724,Maria Garcia,Consumer,United States,Dallas,Texas,South,P-032,Clothing,Shirts,Cotton T-Shirt,29.68,2,0.2,3.81
EC-2023-002992,1/5/2023,1/9/2023,First Class,C-65361,John Smith,Home Office,United States,San Antonio,Texas,South,P-031,Office Supplies,Envelopes,Bubble Mailer,15.0,3,0,3.19
EC-2024-002993,9/18/2024,9/21/2024,Standard Class,C-67008,Emily Davis,Home Office,United States,Phoenix,Arizona,West,P-011,Electronics,Tablets,Samsung Tab,406.62,2,0,94.83
EC-2021-002994,2/4/2021,2/10/2021,Same Day,C-15971,James Lee,Corporate,United States,Philadelphia,Pennsylvania,East,P-008,Electronics,Laptops,Dell Inspiron,3463.25,5,0,676.52
EC-2021-002995,5/28/2021,6/1/2021,Standard Class,C-27046,Emily Davis,Home Office,United States,San Diego,California,West,P-027,Office Supplies,Binders,Report Cover,289.84,4,0,-12.19
EC-2024-002996,12/16/2024,12/20/2024,Standard Class,C-92468,Michael Chen,Home Office,United States,San Antonio,Texas,South,P-039,Electronics,Accessories,Wallet,1480.03,3,0.2,-154.43
EC-2023-002997,4/14/2023,4/21/2023,Same Day,C-21086,John Smith,Consumer,United States,San Diego,California,West,P-019,Furniture,Bookcases,5-Shelf Bookcase,909.25,5,0,105.67
EC-2024-002998,1/30/2024,2/4/2024,First Class,C-94240,Emily Davis,Home Office,United States,San Antonio,Texas,South,P-039,Electronics,Accessories,Wallet,395.64,5,0.3,44.52
EC-2022-002999,12/19/2022,12/24/2022,Second Class,C-35467,Michael Chen,Corporate,United States,San Antonio,Texas,South,P-022,Furniture,Storage,Drawer Unit,2174.4,4,0,-113.82
